Price,Close,High,Low,Open,Volume
Ticker,SPY,SPY,SPY,SPY,SPY
Date,,,,,
2004-01-02,74.03553771972656,74.67452042479134,73.70273391011887,74.37499394923455,38072300
2004-01-05,74.84091186523438,74.89415660790768,74.27514140546162,74.34170622062248,27959800
2004-01-06,74.91413879394531,75.03394836728394,74.54805257591536,74.65455223140883,20472800
2004-01-07,75.16707611083984,75.25360328179055,74.47484350868334,74.80764735136337,30170400
2004-01-08,75.46659851074219,75.48657100723469,75.06057741118424,75.38007133867616,36438400
2004-01-09,74.80767059326172,75.54649575981071,74.72779581805621,75.10053969083003,54084300
2004-01-12,75.36011505126953,75.38008247252758,74.78769194367814,74.91415904922503,31564100
2004-01-13,74.92082214355469,75.36678328731216,74.38833888080997,75.27359351119203,54239700
2004-01-14,75.54647827148438,75.65297794710467,74.99402263011815,75.05392996720059,30112800
2004-01-15,75.73283386230469,75.91920318258627,74.93410675304553,75.59305687209348,38408700
2004-01-16,76.03238677978516,76.08563154825251,75.63301800807828,75.90591966353232,31922700
2004-01-20,76.01239013671875,76.31191662036774,75.75946106272956,76.23204187575801,29863000
2004-01-21,76.6114273071289,76.74455186285297,75.69289072445433,75.9657871768692,30725000
2004-01-22,76.4117660522461,76.7978146591345,76.26533154561984,76.63807023289847,29888500
2004-01-23,76.1655044555664,76.79117744296683,75.84601046165125,76.54490071686172,44245300
2004-01-26,77.12396240234375,77.16389723744803,76.13220331966382,76.13886081824236,30460600
2004-01-27,76.3318862915039,77.54329202385657,76.31191887430754,77.04408628121371,35322800
2004-01-28,75.45992279052734,76.73123045275831,75.17371136737867,76.53155125314105,52621300
2004-01-29,75.53315734863281,75.7794289258097,74.92079445938364,75.58640210050307,60117100
2004-01-30,75.53315734863281,75.69290176061016,75.2735656966676,75.55977718547629,30984400
2004-02-02,75.85928344726562,76.33186413709127,75.29351811878037,75.67956658829215,38832400
2004-02-03,75.73283386230469,75.97245301071905,75.50652971001506,75.7062089482383,25093500
2004-02-04,75.11382293701172,75.69956092411893,75.07388810268473,75.34013218062589,39332600
2004-02-05,75.33348846435547,75.57310767052223,75.06724433770525,75.32683096468853,37226800
2004-02-06,76.17880249023438,76.34520442234776,75.34679282966745,75.49322734243665,37216000
2004-02-09,76.19877624511719,76.45836285724279,76.07230914960532,76.32523826244501,24851300
2004-02-10,76.44503021240234,76.63805702166353,76.05232417431372,76.06563409162908,27908100
2004-02-11,77.257080078125,77.4700743239509,75.99242452182855,76.44503792898149,42965700
2004-02-12,76.97749328613281,77.39016660512154,76.93090097340243,77.19048744121187,27814700
2004-02-13,76.63137817382812,77.34357788907238,76.37844918984152,77.09064890508577,44739900
2004-02-17,77.32363891601562,77.49669832564082,77.05739484232687,77.11064467270128,23984300
2004-02-18,76.98419952392578,77.60986739413244,76.77785765560574,77.343623262167,28618000
2004-02-19,76.69796752929688,77.470069720214,76.58481037559557,77.43013488842712,51146200
2004-02-20,76.46501159667969,76.91762504083142,76.09227290556078,76.86438028366001,46728800
2004-02-23,76.2719955444336,76.71795663090606,75.99244148653827,76.6913317094611,36357000
2004-02-24,76.13883972167969,76.53820319661727,75.23361313679071,76.05896499541933,43953000
2004-02-25,76.4583740234375,76.58483605923419,76.09228768200941,76.18547237288479,31213600
2004-02-26,76.50491333007812,76.73787489576057,76.10554484241534,76.28526167749985,29683000
2004-02-27,76.55819702148438,77.03743538802124,76.29861041930755,76.67135419227169,39312000
2004-03-01,77.31696319580078,77.43676766076425,76.71125798373815,76.8310675268834,33130800
2004-03-02,76.86434173583984,77.85609530058873,76.69793989244393,77.17052051830657,38556400
2004-03-03,77.00414276123047,77.1239523290783,76.49162207947691,76.71127380022844,31346200
2004-03-04,77.20381927490234,77.27703651257903,76.89098290995331,77.02410746853943,21060000
2004-03-05,77.46339416503906,77.84279021312432,76.73122697658107,76.82441161448398,55905600
2004-03-08,76.51825714111328,77.62316831094671,76.48497980452021,77.43679389765478,39281600
2004-03-09,76.21206665039062,76.68464741499801,76.0390072605597,76.6114301761535,39746100
2004-03-10,74.93412780761719,76.3918054454944,74.92081280775126,76.35852810219868,67671800
2004-03-11,73.9623031616211,75.3933551453946,73.94898816857113,74.81427990226938,89134800
2004-03-12,74.93412780761719,75.02065499400753,74.26852000348809,74.36836218974436,54012200
2004-03-15,74.01555633544922,74.78100602124518,73.81587712057801,74.72775619933984,57677200
2004-03-16,74.40824890136719,74.58796065783278,73.77591884956188,74.40159140574069,59832600
2004-03-17,75.24028778076172,75.38672227318703,74.61461497792021,74.66786480756274,41607300
2004-03-18,75.26025390625,75.3933733998894,74.50146162050244,75.01397725701563,60014300
2004-03-19,74.1815185546875,75.190110792656,74.16816197823088,75.08324289304839,48636200
2004-03-22,73.23971557617188,73.85421993810981,72.87234606850012,73.83418252787031,62752100
2004-03-23,73.1128158569336,73.74068198134827,73.04602278105618,73.64048981953965,54080200
2004-03-24,73.17292785644531,73.56701054257395,72.70536616742926,73.19296526814885,51584300
2004-03-25,74.14144897460938,74.34183330752946,73.33324099820618,73.52694449443285,49873600
2004-03-26,74.16149139404297,74.66912800131293,74.00786781162306,74.114735726004,37409500
2004-03-29,75.20345306396484,75.30364520427811,74.52883651755558,74.56223050033738,44113600
2004-03-30,75.45732116699219,75.52411427043938,74.95636524715749,75.0098017683101,39059900
2004-03-31,75.54412078857422,75.7445051129305,75.06320248690719,75.47064687604258,48517600
2004-04-01,75.99830627441406,76.05842359859261,75.51071232577868,75.52406890004943,45103800
2004-04-02,76.57273864746094,76.70632477908667,76.07846384526462,76.68628736894124,50987700
2004-04-05,76.99356079101562,77.06703471247653,76.43917360542741,76.45253018388136,30251800
2004-04-06,76.7464370727539,76.93345977432381,76.55941437118402,76.69968139736143,28420900
2004-04-07,76.56605529785156,76.79983866449614,76.21872830943944,76.77979615902458,45890500
2004-04-08,76.39241790771484,77.0870771947257,75.9716117947837,77.0870771947257,46929700
2004-04-12,76.6929931640625,76.86665926848302,76.52600789719283,76.53268873474367,23085200
2004-04-13,75.6175765991211,77.01357550705085,75.49066621767734,76.98685726380037,56210300
2004-04-14,75.73784637451172,75.9048316615348,75.17677825618769,75.21685309435753,62322300
2004-04-15,75.45061492919922,75.99832634667166,75.0498513474364,75.77790459310722,61602500
2004-04-16,76.03172302246094,76.17867085350753,75.46397420831431,75.73114652368783,47059200
2004-04-19,76.03172302246094,76.13859092941328,75.65767260816453,75.84470036330536,28277600
2004-04-20,74.75595092773438,76.35901024894936,74.66243960112881,76.1987058456234,53299400
2004-04-21,75.25688171386719,75.44390430511615,74.7225321811535,74.9429487517064,50177300
2004-04-22,76.312255859375,76.59278984387412,75.10328433380607,75.1300025841372,62071500
2004-04-23,76.38573455810547,76.52600155914047,76.00500838501465,76.42580938811962,29395700
2004-04-26,76.27883911132812,76.77311898403376,75.87807564112184,76.47922339442327,35515200
2004-04-27,76.34568786621094,76.89339949420705,76.11858518846323,76.2989321819669,43485500
2004-04-28,75.35708618164062,76.15193742056975,75.14334531436359,76.07178268434676,50165800
2004-04-29,74.69583892822266,75.69106953372389,74.24831970717007,75.29030597612478,69687600
2004-04-30,74.11473846435547,75.06321353446722,74.07466363198016,74.92294652516782,48681400
2004-05-03,74.90957641601562,75.00308773865832,74.37522163292746,74.38858330529635,33758000
2004-05-04,74.84947967529297,75.65101207044685,74.58230730622796,74.97639011778925,51185100
2004-05-05,75.3304214477539,75.45065108950227,74.91630108972232,75.08328642015128,34405000
2004-05-06,74.68246459960938,75.20345764579963,74.14143414333245,74.82273156620026,54997000
2004-05-07,73.44679260253906,74.96302154392198,73.44679260253906,74.28839969920139,60950000
2004-05-10,72.69203186035156,73.3065364554379,72.3780987248657,73.09947634309029,75279400
2004-05-11,73.3064956665039,73.50687992539797,73.02596178083895,73.11279224183524,48300600
2004-05-12,73.7740707397461,73.83418807096217,72.17769238835058,73.18628457932762,90830500
2004-05-13,73.46683502197266,74.01454648181226,73.22637583511764,73.31321143347328,57393700
2004-05-14,73.500244140625,73.96780090330614,72.98592660568924,73.44012678771657,54123100
2004-05-17,72.87236785888672,73.13954529926842,72.41149199761374,72.73210084928313,55020400
2004-05-18,73.23971557617188,73.4334190351275,73.02597470697675,73.13284259358217,30193100
2004-05-19,72.98590850830078,74.26167822383029,72.90575885227858,73.80747815442518,54804100
2004-05-20,73.2197036743164,73.38668894579918,72.83229662143975,73.10614981675872,38082900
2004-05-21,73.34661865234375,73.84089878998589,73.11952109936229,73.45349168620801,47480400
2004-05-24,73.65385437011719,73.9811491405241,73.25977161258741,73.82752046298762,40961500
2004-05-25,74.70922088623047,74.79605650213416,73.2063532126747,73.40673760754355,48668000
2004-05-26,74.96968841552734,75.00308750035857,74.48209439129461,74.58228654980341,35977000
2004-05-27,75.39047241210938,75.49734027954017,74.84943695279603,75.17005074705517,45306900
2004-05-28,75.38381958007812,75.39717615747466,75.04984908932676,75.29698908703747,23367200
2004-06-01,75.28361511230469,75.38380726235575,74.72254722559387,75.11662989421441,41044700
2004-06-02,75.56414031982422,75.79792367491088,75.11662121011541,75.49734725950681,39774200
2004-06-03,74.86951446533203,75.60425374242912,74.85615788574214,75.35043286634608,38688300
2004-06-04,75.46398162841797,75.86474523686917,75.28363469222418,75.46398162841797,32739500
2004-06-07,76.6128158569336,76.68628976041431,75.75785235750453,75.76453319308945,31643800
2004-06-08,76.71969604492188,76.75977087022476,76.25881516999898,76.39240641431681,32846500
2004-06-09,76.00503540039062,76.61285928758834,75.95827971676003,76.4859539154409,36737600
2004-06-10,76.3790283203125,76.3790283203125,76.09849441153756,76.17196830611915,21711000
2004-06-14,75.624267578125,76.04506849980218,75.39048928830434,76.02503108867249,34633000
2004-06-15,76.15861511230469,76.44582988781966,75.8179689405889,76.07846547001127,37445000
2004-06-16,76.14527893066406,76.27886510092004,75.94489457929433,76.14527893066406,26633400
2004-06-17,76.03172302246094,76.19202743088209,75.69775253225878,76.0450795998355,28402400
2004-06-18,76.17516326904297,76.57068953520222,75.87349476748989,75.93382642196617,31799800
2004-06-21,75.88693237304688,76.51709053227466,75.8400060280781,76.25564302250739,25284000
2004-06-22,76.26903533935547,76.34277745666057,75.53161928089159,75.8399930829915,37334000
2004-06-23,76.9260025024414,76.98633416704955,76.03439706292973,76.16177072988474,35580000
2004-06-24,76.6846694946289,77.0466748443532,76.5975220475902,76.79863272104573,35272100
2004-06-25,76.31596374511719,77.0533849381585,76.20870573541217,76.69808478946803,32837900
2004-06-28,76.05452728271484,76.83216970264542,76.02771661234787,76.77183290784969,40824500
2004-06-29,76.36957550048828,76.53717025278812,76.0343859958886,76.1081280960674,28418100
2004-06-30,76.77850341796875,76.95280338407386,76.18857175945581,76.47012970229706,52230600
2004-07-01,75.7126235961914,76.69137655124656,75.47128669060663,76.59081865482172,57734700
2004-07-02,75.67240905761719,75.94726700932858,75.48470368307666,75.86011954674558,34615100
2004-07-06,75.00874328613281,75.38415407657479,74.83444322717543,75.33052761693195,38698200
2004-07-07,75.22994995117188,75.46458163362331,74.91487092848547,74.95509204130941,29839800
2004-07-08,74.70704650878906,75.29697825949295,74.5461518466627,74.95508349570751,45291100
2004-07-09,74.9014663696289,75.0422453805543,74.66682957016609,74.89476114589327,27412900
2004-07-12,74.93501281738281,75.10931290347823,74.41211767368578,74.7607127312874,35691300
2004-07-13,74.98861694335938,75.09587495466141,74.8143169210828,75.02883805827422,26752000
2004-07-14,74.76068115234375,75.34391285873501,74.49253358188011,74.5863862544598,54089400
2004-07-15,74.27804565429688,75.02216725845854,74.2110036171304,74.90819886402913,38403500
2004-07-16,74.21766662597656,74.86122992289495,74.03666652651901,74.79419303845091,40871200
2004-07-19,73.9026107788086,74.38528468124866,73.73501595793846,74.24450564546832,39592800
2004-07-20,74.84110260009766,75.01540255226762,73.90927630572742,74.096981585948,46679800
2004-07-21,73.46014404296875,75.12268137028002,73.37299148540245,74.96179181609206,56241100
2004-07-22,73.6612548828125,74.00314966154106,72.91713366036097,73.31265999547571,72477100
2004-07-23,73.04450988769531,73.54729423861386,72.86350977178287,73.48696257150534,49610500
2004-07-26,72.90373229980469,73.35959032474557,72.54172694635866,73.19870076140967,49679100
2004-07-27,73.5875244140625,73.81545600747259,73.05122410911014,73.10485567398163,51295100
2004-07-28,73.80875396728516,73.98975922788803,72.79647987366374,73.44004845070981,65862300
2004-07-29,74.12383270263672,74.32494852139544,73.74171673866533,74.1037221436784,52200500
2004-07-30,74.30482482910156,74.34505105726485,73.80874567484317,73.9562299107385,41581700
2004-08-02,74.45901489257812,74.65342546741779,73.77523038330347,73.86908305880024,38263100
2004-08-03,73.88247680664062,74.45229799411561,73.84896092183999,74.36515055613026,40948800
2004-08-04,73.87580108642578,74.2445117685837,73.50039029338387,73.66798512807594,40763200
2004-08-05,72.66910552978516,73.99645346749446,72.58195296137644,73.93612179513828,50772000
2004-08-06,71.62997436523438,72.37409524871885,71.47579010409257,72.15286901534036,74729000
2004-08-09,71.73057556152344,72.05235983315251,71.64342810536374,71.74398089532205,37476300
2004-08-10,72.65570068359375,72.6758163571841,71.90487920302857,71.93839509650367,55870600
2004-08-11,72.50820922851562,72.62217245322907,71.79760387208394,72.18642499537471,52933200
2004-08-12,71.7171401977539,72.36740346374671,71.4825034805335,72.18640340302404,50015900
2004-08-13,71.85792541503906,71.96518339361603,71.45569393026452,71.79758864648856,41634700
2004-08-16,72.60206604003906,72.82999250247055,71.79760796858089,71.82442374908821,45731900
2004-08-17,73.01099395751953,73.25903096382703,72.7562466131991,72.90373084105053,40701600
2004-08-18,73.76179504394531,73.85564768777056,72.72941084728213,72.74952139744676,43165400
2004-08-19,73.54727935791016,73.7550952109083,73.19197930681558,73.61431623488511,39881600
2004-08-20,74.06349182128906,74.16404460358419,73.41322321798279,73.4802601110419,44870900
2004-08-23,73.87580108642578,74.25791710494015,73.77524827728132,74.11043794666544,33745100
2004-08-24,73.97637176513672,74.23111923112873,73.64118203795931,74.17078242065034,30453100
2004-08-25,74.47913360595703,74.59309685088539,73.67468055229034,73.96294383419533,38551400
2004-08-26,74.47913360595703,74.61991263461931,74.31153879356083,74.38528092018217,26629500
2004-08-27,74.71375274658203,74.83442119578314,74.44560518354572,74.54615796239088,24902900
2004-08-30,74.09700775146484,74.6400132345069,74.04337619115309,74.55957100862635,26726500
2004-08-31,74.48580169677734,74.51932268838031,73.80871756016205,74.18413323069149,44125300
2004-09-01,74.6266098022461,74.84113093436926,74.06349374839299,74.37856766542762,52778300
2004-09-02,75.47126770019531,75.5517099054243,74.5729571966472,74.5729571966472,42736600
2004-09-03,75.16293334960938,75.63219684119684,75.08919121313299,75.30371239708562,30480500
2004-09-07,75.6589584350586,75.83995847656925,75.29695323745248,75.4444374047644,37338800
2004-09-08,75.47126770019531,75.79304675028285,75.29026250925851,75.4980834734669,32963100
2004-09-09,75.40424346923828,75.67239101774969,75.10256980528298,75.46457513327735,34314800
2004-09-10,75.79305267333984,75.93383165807793,75.13608407789545,75.43104737776213,27900600
2004-09-13,76.04110717773438,76.24892307753551,75.75954916227728,75.96065983849506,44398100
2004-09-14,76.19528198242188,76.21539253471826,75.88020302421579,75.95394512569322,28048900
2004-09-15,75.61875915527344,75.99416978794346,75.53831182773574,75.95394868146775,38295000
2004-09-16,75.84672546386719,76.00091497741872,75.61879892119593,75.65231482268872,23911700
2004-09-17,76.16915893554688,76.31052396803305,75.8595014640232,76.03452190279027,33683000
2004-09-20,75.71141815185547,76.06146423395255,75.5835142296091,75.84605007515158,37149400
2004-09-21,76.04127502441406,76.38459312833099,75.75854488513141,75.89990995477274,40920800
2004-09-22,75.09207153320312,75.74504173627427,75.03821673216329,75.73158060395257,49042100
2004-09-23,74.68816375732422,75.1930409484802,74.68816375732422,75.12572501683468,44068700
2004-09-24,75.03150177001953,75.21326048358019,74.80935451383552,74.836281920877,34981100
2004-09-27,74.55353546142578,74.85645973626377,74.4390978585649,74.78914380139717,39355100
2004-09-28,74.91032409667969,75.06515538891749,74.32466973914954,74.66125459230564,41662900
2004-09-29,75.28728485107422,75.29401798505276,74.7218248579107,74.86318985620159,33325700
2004-09-30,75.23345184326172,75.38155000831948,74.89686697208592,75.09208681367319,43536700
2004-10-01,76.50572967529297,76.50572967529297,75.53636376209585,75.57002429803391,62824300
2004-10-04,76.6336441040039,77.03755007445537,76.60672183279306,76.80866968214103,33082400
2004-10-05,76.6740493774414,76.84907498204639,76.43170781287405,76.64038882952094,36910600
2004-10-06,77.1990966796875,77.1990966796875,76.52592702086075,76.58650982493424,42297800
2004-10-07,76.37107849121094,77.01059260418886,76.31049570082001,76.9971263379626,39388800
2004-10-08,75.73831939697266,76.58650946527985,75.63060978684527,76.16914756572844,51872600
2004-10-11,76.0479965209961,76.08165193097099,75.82584924447318,75.92009260980807,20229100
2004-10-12,75.75181579589844,75.95376884096632,75.35464797937867,75.52966847349961,41754700
2004-10-13,75.0853271484375,76.11527566858516,74.93722903570698,76.06815400870506,54212600
2004-10-14,74.47949981689453,75.34788940006369,74.43911127587005,75.17959696462496,64082200
2004-10-15,74.89685821533203,75.21997677779116,74.43236950393548,74.73529379822553,63482200
2004-10-18,75.17959594726562,75.32769411018799,74.5198873494871,74.64779124217051,43535100
2004-10-19,74.54680633544922,75.54983282163626,74.44582985978165,75.40846267417552,55851900
2004-10-20,74.39871215820312,74.60066512031183,73.88037375474396,74.30446881211964,57118500
2004-10-21,74.88338470458984,74.93723950508415,74.1900208398242,74.5804604395932,53218300
2004-10-22,74.04193115234375,74.89012638131477,73.95442094346559,74.84973784427517,48752400
2004-10-25,73.95443725585938,74.12946284809875,73.61111920766471,73.8803881643688,43990900
2004-10-26,75.0853271484375,75.12571567522737,73.96786330574413,74.13615568186958,54337400
2004-10-27,75.98736572265625,76.13546382350461,74.80259118762002,74.9776115469178,73896000
2004-10-28,76.21627044677734,76.44514566811807,75.72485433055023,75.92007415009925,54413300
2004-10-29,76.20280456542969,76.49900086361619,76.00085674602008,76.14895489511333,48820200
2004-11-01,76.41151428222656,76.63365643867675,76.20282812766989,76.44516969459606,36720900
2004-11-02,76.43840026855469,77.1250309121466,76.21625309661655,76.51917732316797,56210000
2004-11-03,77.4010238647461,77.65682640102744,76.90287478521765,77.43467925495735,76960200
2004-11-04,78.45793151855469,78.53870859654994,77.19910231573014,77.26641825935195,55350300
2004-11-05,78.9493637084961,79.19170527924774,78.41755888022878,78.7945375102195,63287200
2004-11-08,78.83489990234375,78.91568211108336,78.57236414378623,78.74738969478356,33863800
2004-11-09,78.68012237548828,79.09748970198167,78.599345247437,78.81475948204123,44658100
2004-11-10,78.74066925048828,79.13110895184028,78.5993042143183,78.80125206489922,45265400
2004-11-11,79.33978271484375,79.51480827811451,78.8281722953708,78.88202710497372,37863200
2004-11-12,79.96585845947266,80.10722353175261,79.2186394089364,79.41385930947894,55583700
2004-11-15,80.16231536865234,80.1893174264723,79.8247329838205,80.00702520514639,35297900
2004-11-16,79.5884017944336,79.94624336205658,79.48713122454677,79.91248307136287,40028700
2004-11-17,80.06105041503906,80.43914108866504,79.71671489378735,79.91926641242932,54494000
2004-11-18,80.16908264160156,80.20959604029875,79.82475223482321,80.02729862391054,31854300
2004-11-19,79.27783203125,80.15554813740326,79.08878675327176,80.14204195977767,54276500
2004-11-22,79.65593719482422,79.7504598450348,79.0145276099975,79.10905026020806,37560200
2004-11-23,79.7774658203125,79.84498126212047,79.24408507316288,79.62217566816594,41968800
2004-11-24,79.96650695800781,80.06777753990274,79.70319314288552,79.85172504669731,29724800
2004-11-26,79.90575408935547,80.33111121559249,79.87199893957549,80.01378293128826,15487700
2004-11-29,79.54112243652344,80.35132286952759,79.31832208221107,80.20278586592202,61460800
2004-11-30,79.59515380859375,79.83146038696911,79.42636265959749,79.66942232623988,53685200
2004-12-01,80.4998779296875,80.68217010612236,79.73693863114501,79.77745201009498,49898300
2004-12-02,80.56739807128906,80.93198759657666,80.35134559161095,80.4121079369435,60163500
2004-12-03,80.51342010498047,81.11431649703029,80.40539124069747,80.5539283535367,49067900
2004-12-06,80.48638916015625,80.77671020845052,80.2365763484757,80.48638916015625,33030500
2004-12-07,79.73693084716797,80.76318382876454,79.69642262326958,80.6754091421892,52047200
2004-12-08,80.20282745361328,80.22308157349899,79.67619973219031,79.8112306321608,43895100
2004-12-09,80.48638916015625,80.65518034751109,79.48714821563053,79.7639630843214,60922800
2004-12-10,80.56739807128906,80.7226830545372,80.24331677622317,80.29057809518096,47828600
2004-12-13,81.26956939697266,81.28982351195366,80.58089858103446,80.85771855536778,38541000
2004-12-14,81.55310821533203,81.6678849266767,81.14125752065235,81.14125752065235,41500700
2004-12-15,81.6138916015625,81.76918171959105,81.22904800160127,81.49236177256964,46699200
2004-12-16,81.566650390625,81.85697143415555,81.04677580858562,81.50588803670142,51641800
2004-12-17,81.02264404296875,81.38217101517594,80.83270565579762,81.03620885258117,70761900
2004-12-20,81.04296875,81.59921892965708,80.8394604408003,81.23290707835638,47187400
2004-12-21,81.66703033447266,81.72808488023031,81.03616096393597,81.13113010139914,33094200
2004-12-22,81.86377716064453,82.13511984953799,81.60600445268298,81.66026885011661,31500700
2004-12-23,81.92481231689453,82.27077431452034,81.85019813645606,81.99265185890657,25646100
2004-12-27,81.75521850585938,82.32503853410394,81.6670343525705,82.21649941427447,29944100
2004-12-28,82.20291900634766,82.30467311801294,81.80947253480407,81.83660730961009,23422900
2004-12-29,82.32506561279297,82.35220040167562,82.04693790831963,82.1351272660462,22650600
2004-12-30,82.16902160644531,82.46749903511362,82.1079722280889,82.3521800923756,21076900
2004-12-31,81.99264526367188,82.52854551479221,81.94516069334121,82.28433767439738,28648800
2005-01-03,81.60598754882812,82.59638375902203,81.33464491614056,82.46070985496311,55748000
2005-01-04,80.60883331298828,81.76881840969469,80.34427558086745,81.71454882991812,69167600
2005-01-05,80.05255889892578,80.8937164298727,80.04577390964343,80.54775443249864,65667300
2005-01-06,80.45957946777344,80.82589129942308,80.2221565700647,80.34426051394792,47814700
2005-01-07,80.34422302246094,80.8801231274654,80.13392983225123,80.7037496962849,55847700
2005-01-10,80.72415161132812,81.03619392927806,80.27643534507477,80.27643534507477,56563300
2005-01-11,80.16790771484375,80.54778444933311,80.03901874759957,80.47995005752178,63099700
2005-01-12,80.43244171142578,80.61559503276855,79.72016786918324,80.31712276186067,72720500
2005-01-13,79.78797912597656,80.54095228921793,79.70657480344839,80.47989775346456,55537500
2005-01-14,80.2086181640625,80.40534154972731,79.8830109691527,80.02546476385487,42032500
2005-01-18,81.04296875,81.14472290459986,80.01186757402068,80.07970712737477,57391700
2005-01-19,80.19502258300781,81.07687980833131,80.18823759288264,81.01583042349793,54378900
2005-01-20,79.70661163330078,80.18145746222024,79.56415788462495,79.97116933447467,72049300
2005-01-21,79.2181625366211,80.04575506964713,79.12997839842768,79.90330138082892,63160400
2005-01-24,79.0621566772461,79.59805175512497,78.94005275655002,79.4284632639043,58441900
2005-01-25,79.28600311279297,79.68623461079092,79.1774691784504,79.30635807744747,68245000
2005-01-26,79.52346801757812,79.77445576837376,79.39457905878123,79.58451741357749,57195100
2005-01-27,79.65910339355469,79.87617644737112,79.35384619067935,79.49629989704982,55878800
2005-01-28,79.65910339355469,79.74050772952204,79.10285336968573,79.69980297382344,60738900
2005-01-31,80.15432739257812,80.21537678076236,79.84906492536292,80.01186846928556,52532700
2005-02-01,80.66309356689453,80.77841252901315,80.11362319218973,80.2153773486485,49841200
2005-02-02,80.90725708007812,81.12433009343764,80.65626948129209,80.7648034002574,52468900
2005-02-03,80.69696807861328,80.83264194496617,80.43241050851115,80.76480242407531,48837100
2005-02-04,81.55847930908203,81.69414799834144,80.71053706263882,80.72410186139327,50024600
2005-02-07,81.4499740600586,81.75523132544203,81.3753546973327,81.57207800129814,45412000
2005-02-08,81.54491424560547,81.84339159046525,81.44994512231901,81.51777947103375,39263500
2005-02-09,80.9344482421875,81.73490650703755,80.89374864114797,81.68742191401392,55279400
2005-02-10,81.22610473632812,81.41604302410968,80.90049772168264,81.17184035084067,45858600
2005-02-11,81.92481231689453,82.10797079963837,81.03617021118536,81.19897372606734,53133000
2005-02-14,81.86377716064453,81.98588111187502,81.72810840391347,81.87056215111048,32432100
2005-02-15,82.16902160644531,82.37252988516107,81.8637643638022,81.9451687103746,43852700
2005-02-16,82.22331237792969,82.39290092878973,81.85700048702017,82.03337402903554,55523000
2005-02-17,81.55847930908203,82.3046674508663,81.55169432199044,82.23683310623659,58124000
2005-02-18,81.66703033447266,81.72808488023031,81.33463835335155,81.56527620849644,47723300
2005-02-22,80.45281219482422,81.7213364925492,80.43924738715265,81.3346747810079,80697600
2005-02-23,81.02938079833984,81.11078513905201,80.46635092856198,80.67663900611407,68292600
2005-02-24,81.56529235839844,81.61956192638843,80.71056995199514,80.88693828481628,68563600
2005-02-25,82.37251281738281,82.53531630136384,81.52457045748034,81.58561982318719,60899900
2005-02-28,81.829833984375,82.28433505786454,81.4296076436618,82.18258093169733,69381300
2005-03-01,82.23685455322266,82.43357265132333,81.93159215963485,81.9587269396491,47294400
2005-03-02,82.1961441040039,82.71169453771647,81.84340233910356,81.91802168511839,64226500
2005-03-03,82.23011779785156,82.69139897780613,81.8773706261864,82.52859537765544,61230800
2005-03-04,83.25440216064453,83.3222365365283,82.61674764138877,82.79312115903143,56168500
2005-03-07,83.29509735107422,83.60713960400093,83.03053967630089,83.20691318462673,43442400
2005-03-08,82.98306274414062,83.43755877340442,82.8338240060704,83.21370066629909,44362000
2005-03-09,82.06047821044922,82.95590521798722,82.05369322182464,82.73883216086983,73263600
2005-03-10,82.24363708496094,82.42001057316803,81.67382221211841,82.21650230404983,65149000
2005-03-11,81.66703033447266,82.56924231580261,81.51101182668167,82.29111471649631,57976500
2005-03-14,82.17581939697266,82.18938937789721,81.5924344275686,81.81629253394183,36336400
2005-03-15,81.49744415283203,82.39287117095436,81.45674457146328,82.3657363915652,62438500
2005-03-16,80.80552673339844,81.51101548293437,80.6562880319964,81.19896810249554,74874200
2005-03-17,80.96832275390625,81.22609537541271,80.71055013239977,80.93440298838426,62584200
2005-03-18,80.72793579101562,81.40214266938895,80.46233898451221,81.1161161386559,60232000
2005-03-21,80.42829132080078,80.8913841518722,80.19674750314473,80.84371306025129,61244300
2005-03-22,79.61109161376953,80.99355882236632,79.61109161376953,80.61218999123912,92472400
2005-03-23,79.67914581298828,80.1694798493125,79.50889122791779,79.64509281767114,70817300
2005-03-24,79.77449798583984,80.35336260864206,79.72001526479161,79.99242367427449,51932500
2005-03-28,79.89027404785156,80.31931900383867,79.89027404785156,79.96518649426967,46765500
2005-03-29,79.35909271240234,80.29209001885701,79.16840834512911,79.77451445357302,71160300
2005-03-30,80.4827880859375,80.49640617344967,79.52254924988316,79.52936089151933,62002100
2005-03-31,80.33293914794922,80.6734483874009,80.27164997881206,80.4895756842308,64575400
2005-04-01,79.97200775146484,81.03439501642194,79.61788039506554,80.7892279251612,95255300
2005-04-04,80.10819244384766,80.26482896182931,79.50208648409603,79.9243197621595,71581200
2005-04-05,80.48956298828125,80.6189529457478,80.13543052548543,80.21034296200925,46853900
2005-04-06,80.76881408691406,81.00716958481198,80.48278748943657,80.6666602461692,53268200
2005-04-07,81.20462799072266,81.21825126758041,80.5780923449681,80.63938669931242,46734600
2005-04-08,80.36016845703125,81.18420006941325,80.36016845703125,81.15695871085214,63772900
2005-04-11,80.42149353027344,80.64623094194383,80.24443241419392,80.55770038390406,44945000
2005-04-12,80.8369140625,81.08208119939661,79.72685550071155,80.28529060236269,86144800
2005-04-13,79.88346099853516,80.90498860621076,79.76768392088911,80.74154044803683,65949000
2005-04-14,78.84149932861328,80.01966346836622,78.84149932861328,79.95156266626817,96119800
2005-04-15,77.73827362060547,79.13435862222096,77.70422061256821,78.82109069216442,128677300
2005-04-18,77.97663879394531,78.2899067629887,77.6088880835656,77.71785356623819,100035200
2005-04-19,78.59634399414062,78.67806288512773,78.20135203517431,78.38522473565389,64930100
2005-04-20,77.49990844726562,78.74616837067867,77.32965381991728,78.57591374333033,107735900
2005-04-21,79.00498962402344,79.14119130085952,77.8949256943419,78.17414588634503,86952200
2005-04-22,78.70530700683594,79.33865441298454,77.81998088787252,78.82107890363244,88845800
2005-04-25,79.222900390625,79.3386723135422,78.80747860061862,78.90282079546337,52284100
2005-04-26,78.45333099365234,79.52252985633389,78.41928318529523,78.97090652081457,72626000
2005-04-27,78.75977325439453,79.04579971454976,77.93574167399056,78.22176813414579,84131900
2005-04-28,77.7723159790039,78.78022571456715,77.7723159790039,78.50100561636897,72481500
2005-04-29,78.827880859375,78.9096049389462,77.61566892240526,78.36478813332114,103993800
2005-05-02,79.27055358886719,79.2773652286066,78.67125399000984,79.04581623929569,56026400
2005-05-03,79.40675354003906,79.57700815963423,78.78702942650712,79.04581457781867,86000300
2005-05-04,80.0196762084961,80.18993083872694,79.18883278164814,79.44081150486302,81055700
2005-05-05,79.99243927001953,80.36018991515628,79.50210507650388,80.13545254383506,96906700
2005-05-06,79.74044036865234,80.35335795555656,79.72001064838186,80.31249851501559,67415400
2005-05-09,80.23760223388672,80.41466850481574,79.71322025690641,79.82218051887574,43750500
2005-05-10,79.40675354003906,80.01967120973343,79.26374028307015,79.92432903842082,74613500
2005-05-11,79.84258270263672,79.95154812277889,78.89596769711976,79.63146869580777,91647400
2005-05-12,78.96414947509766,80.08102019826875,78.96414947509766,79.89714735788922,95086800
2005-05-13,78.80748748779297,79.42040537788547,78.18095150936973,79.20247959427041,85267000
2005-05-16,79.54296875,79.57020491974275,78.76660801835138,78.79384418809413,49207000
2005-05-17,80.07418823242188,80.15590715954394,79.10714282589774,79.27739751841654,61071800
2005-05-18,80.89816284179688,81.09565876828722,80.36696940987804,80.42144692399899,77944900
2005-05-19,81.2386474609375,81.32037150108421,80.83684409157736,81.0547696695463,61768100
2005-05-20,81.12290954589844,81.30678221839803,80.86411924179662,81.27272922182954,46345500
2005-05-23,81.5723876953125,81.74945394405475,81.17058931074325,81.18420739337341,51047900
2005-05-24,81.3817138671875,81.6064512277778,81.17740623105831,81.34085441826527,50654100
2005-05-25,81.3204574584961,81.63372548322253,80.92546530723885,81.27959279735013,47608800
2005-05-26,81.7562484741211,81.86520869963536,81.46341039915042,81.57918226243348,43256200
2005-05-27,81.8924560546875,81.8924560546875,81.58599987748444,81.76306090638691,24596100
2005-05-31,81.36809539794922,81.8379946456094,81.31361266913792,81.77670547251594,43377200
2005-06-01,82.06271362304688,82.34874009159762,81.34764225591222,81.39531333400402,69611000
2005-06-02,82.23979949951172,82.29427703337457,81.79032477376944,81.87886050834484,39704500
2005-06-03,81.82438659667969,82.32833891059417,81.538360028979,82.09679507838685,60999400
2005-06-06,81.74947357177734,81.85843384625466,81.41577591175614,81.68817919582919,36046400
2005-06-07,81.81078338623047,82.5735262829885,81.7290644587013,81.98784972214519,66501300
2005-06-08,81.66092681884766,82.12401438817838,81.49747864592774,82.01505413532367,46881200
2005-06-09,82.04911041259766,82.11721122282046,81.34085055561124,81.54515298627963,56653300
2005-06-10,81.85842895507812,82.16489042498812,81.44981885762408,82.1035960527024,36465300
2005-06-13,82.11719512939453,82.45770430953391,81.59280808235555,81.68134379447675,49383200
2005-06-14,82.30792236328125,82.53946623256454,81.98103109373727,82.02870219598738,33857100
2005-06-15,82.46451568603516,82.56666948534037,81.87884464125192,82.51219196203458,53195600
2005-06-16,82.67564392089844,82.83908690011913,82.34875276669842,82.44409493755705,46564500
2005-06-17,82.98197174072266,83.35120658323164,82.88624476859759,83.10505002155898,51529400
2005-06-20,83.00933837890625,83.31019239683192,82.69480609573458,82.79053308553772,41019400
2005-06-21,83.05718994140625,83.18026822728963,82.75633074997378,83.07770211959865,39879800
2005-06-22,83.1255874633789,83.37858323330491,82.78370382567203,83.20080228101284,46310100
2005-06-23,81.95631408691406,83.14606722146678,81.93580191132789,82.95461329369142,62185600
2005-06-24,81.35460662841797,82.0588858615095,81.25887444117565,81.96999280551204,58572500
2005-06-27,81.47085571289062,81.64863662984072,81.19734781375108,81.3477774191143,48183800
2005-06-28,82.15461730957031,82.2161538439421,81.6212798114325,81.64179198955642,41174200
2005-06-29,81.93582916259766,82.32557627854693,81.88796566473476,82.30506409613855,42316500
2005-06-30,81.49136352539062,82.27085760529229,81.33409479637618,82.20248193835388,62288800
2005-07-01,81.73065948486328,81.91527947547091,81.51185427813665,81.67595687899971,49737500
2005-07-05,82.38711547851562,82.49652074385635,81.49822117290795,81.53924553904564,51549000
2005-07-06,81.69650268554688,82.49650901184214,81.64863919294963,82.31872808931115,52363600
2005-07-07,82.01783752441406,82.01783752441406,80.86227501140718,80.8827871837198,103268800
2005-07-08,82.95459747314453,82.95459747314453,81.86057151112482,82.03151323071313,64491200
2005-07-11,83.37857818603516,83.48797823077913,82.9478014898939,82.96147975594315,49688300
2005-07-12,83.59738159179688,83.85037212392659,83.1734440383178,83.4127615214391,51871100
2005-07-13,83.71359252929688,83.77512905417252,83.41273338529652,83.60418730721379,41182300
2005-07-14,84.04180145263672,84.40419711493169,83.75461535824792,84.08966493224685,63638800
2005-07-15,83.99393463134766,84.13069115952094,83.66572939718806,83.95974941185044,56075900
2005-07-18,83.65885162353516,83.85030545781471,83.45372475111809,83.76141766810656,56598400
2005-07-19,84.11699676513672,84.17853849519335,83.69990378020685,83.9050307080323,59165700
2005-07-20,84.4041976928711,84.6024907431074,83.62470375289558,83.82299158640383,69477000
2005-07-21,83.91190338134766,84.5204557122699,83.7409615981284,84.47943135365063,101110900
2005-07-22,84.47259521484375,84.48626826262492,83.85036459784746,84.02130638712389,52607100
2005-07-25,84.23329162597656,84.75295099491683,84.00080804157253,84.38372125999147,57301600
2005-07-26,84.33583068847656,84.4657481054103,84.06916193972863,84.260621107689,42758800
2005-07-27,84.64350891113281,84.71188456080377,84.13752284349445,84.44521587537764,43181600
2005-07-28,85.17686462402344,85.22472811077283,84.54096103336501,84.75976628946636,47880700
2005-07-29,84.60935974121094,85.21791218850551,84.44525705862358,85.06748777255973,62358100
2005-08-01,84.54779815673828,84.81446689325541,84.41104161446752,84.67087643641763,40418200
2005-08-02,85.05377960205078,85.19737005092136,84.60932999360661,84.69822304533247,45147400
2005-08-03,85.27943420410156,85.29310725084622,84.86917498428464,84.95806282994745,36837200
2005-08-04,84.59567260742188,84.99909272177135,84.49310649160662,84.94439531450199,50855600
2005-08-05,84.02125549316406,84.77340308376759,83.877665103156,84.41100232796487,53595500
2005-08-08,83.8640365600586,84.38370102109089,83.67941652014561,84.20592011291923,47616000
2005-08-09,84.37003326416016,84.50678461564236,84.0144766202686,84.1443888391578,47170000
2005-08-10,84.32901000976562,85.12901638157736,83.98028727715676,84.66405447700879,72863700
2005-08-11,84.66405487060547,84.80764535723436,84.11020510550404,84.28798082224661,58570200
2005-08-12,84.14437866210938,84.57515527896338,83.9324125279298,84.49310134796046,54776900
2005-08-15,84.66405487060547,84.69824531744891,83.9871268002893,84.25379559213293,36208500
2005-08-16,83.56317901611328,84.45891227296222,83.48112508378219,84.40421486813729,71942100
2005-08-17,83.55632781982422,84.01445568828053,83.44008867835205,83.54949390566352,62275100
2005-08-18,83.54949188232422,83.80248233508061,83.31016925755821,83.45376491910912,53388600
2005-08-19,83.740966796875,83.98028426489326,83.55634673816839,83.85036683222783,39842100
2005-08-22,83.740966796875,84.26063131080718,83.33754145073318,83.81618160349925,69912000
2005-08-23,83.58370971679688,83.8367054850003,82.83840589570097,83.76149066787848,55168600
2005-08-24,82.83838653564453,83.91873982296971,82.79735696161143,83.37856317930712,79104600
2005-08-25,83.13922119140625,83.1939237995821,82.87939162766278,82.97511858360659,35631100
2005-08-26,82.57173156738281,83.07087872035895,82.51702893735724,83.0640448041532,61956800
2005-08-29,83.20760345458984,83.26913997727316,82.31186518506298,82.33238257601869,56179200
2005-08-30,82.77001190185547,82.94095368172982,82.31872309895718,82.90676323906331,74160200
2005-08-31,83.81620025634766,83.87090289456262,82.55806566105696,82.86576408846811,102945200
2005-09-01,83.75459289550781,84.20588148227874,82.83150876960782,83.77510506459255,74578700
2005-09-02,83.6042251586914,84.02132362744861,83.44696160165668,84.00081144320325,47653400
2005-09-06,84.58197784423828,84.65035871926277,83.86402560703618,83.8708647378843,57251300
2005-09-07,84.7255859375,84.87601032112718,84.41788760493601,84.53412676276439,41749700
2005-09-08,84.44524383544922,84.78712741373039,84.31532640634897,84.55464908452932,39068700
2005-09-09,85.1973876953125,85.29311468105128,84.65037709348078,84.67088927374917,43093900
2005-09-12,85.02644348144531,85.24524875928947,84.97174085780193,85.09481915263486,33017600
2005-09-13,84.55464172363281,85.07430096133614,84.458909530657,84.87600787718792,58427500
2005-09-14,84.2469482421875,84.73242228297991,84.11703081692994,84.60934398976991,57694600
2005-09-15,84.20594787597656,84.54783154155768,84.035006043186,84.50680195431104,73156900
2005-09-16,84.80470275878906,84.96950395311877,84.37209765907275,84.66736930333688,75424100
2005-09-19,84.52318572998047,84.83906219492489,84.21418275032492,84.78412670198351,53355300
2005-09-20,83.80901336669922,84.88022887649939,83.68541117411189,84.59868851157577,84480300
2005-09-21,83.02623748779297,83.68544772318616,82.9369659970309,83.63051222716908,94469100
2005-09-22,83.32148742675781,83.54122936714089,82.70348155570716,83.0536834855862,84597200
2005-09-23,83.39014434814453,83.69914722788546,83.01933774909425,83.25280566019892,59368100
2005-09-26,83.48631286621094,83.9395176239659,83.14297386469397,83.78844762506844,70415400
2005-09-27,83.46566772460938,83.7678023182571,83.1017241813014,83.44506299507778,66150800
2005-09-28,83.54804229736328,83.85705028661462,83.2253030645362,83.72657989744629,58620500
2005-09-29,84.22791290283203,84.36524638591082,83.14296057412524,83.46570002219062,66607700
2005-09-30,84.48882293701172,84.48882293701172,83.59613985150892,84.20041956684065,47824200
2005-10-03,84.18670654296875,84.69484670426525,84.08370381378984,84.43391099742357,50994800
2005-10-04,83.23906707763672,84.48195197017054,83.19786809435023,84.3171507980898,60776300
2005-10-05,82.14727783203125,83.30089694927344,82.10607883321657,83.25969795045874,106052100
2005-10-06,81.85198211669922,82.5798640622709,81.14470490343018,82.25025645158661,140941800
2005-10-07,82.13352966308594,82.43566956266505,81.80392202364183,82.19532814858037,75661400
2005-10-10,81.44001007080078,82.20222307289751,81.23400981335735,82.1816235710469,52677000
2005-10-11,81.32327270507812,81.98248293172695,81.24773770879092,81.70781069422232,75629800
2005-10-12,80.68463134765625,81.80391413480281,80.62283286812139,81.29577409364282,100510400
2005-10-13,80.63656616210938,81.0829077350532,80.25889131447951,80.65716565581003,99052900
2005-10-14,81.48805236816406,81.58418683998686,80.7258395994721,81.11038272569905,88651000
2005-10-17,81.79017639160156,81.90004209280757,81.33696662192301,81.57730799374727,68109300
2005-10-18,80.9043960571289,81.68720850292672,80.89066480322764,81.67347724902544,74996900
2005-10-19,82.25025177001953,82.26398825743944,80.42369186329273,80.68462749598658,116563800
2005-10-20,80.80137634277344,82.27086643155567,80.54730890694385,82.05112974273597,131966700
2005-10-21,81.11722564697266,81.56356714931337,80.69148887400863,81.22709658124369,96579500
2005-10-24,82.37386322021484,82.4631294427372,81.30951583868641,81.33011533319653,71308400
2005-10-25,82.20903778076172,82.56610780448239,81.67343012571371,82.20903778076172,76594500
2005-10-26,81.96870422363281,82.77211573109562,81.84510205025899,82.06483866526422,80855800
2005-10-27,81.09664916992188,81.96873293163873,80.97991519833332,81.85199372111418,66623100
2005-10-28,82.26397705078125,82.3669744977247,81.09662200905801,81.32322687020203,72322000
2005-10-31,82.49058532714844,83.29400217013405,82.49058532714844,82.60045626732708,77698900
2005-11-01,82.73780822753906,83.01934864557897,82.55240752314728,82.7996119549603,66365100
2005-11-02,83.60303497314453,83.60303497314453,82.49061488050316,82.5180826253885,74012300
2005-11-03,83.9601058959961,84.22791510118172,83.60303568730976,83.87770789957285,84897600
2005-11-04,83.8501968383789,84.09053293535293,83.46565908322049,84.04933395842423,59156000
2005-11-07,83.9325942993164,84.20039810893225,83.67165349276401,84.02872873154088,46765400
2005-11-08,83.9325942993164,84.06305946365897,83.63045451864885,83.72658895087332,42152800
2005-11-09,84.04251098632812,84.4270489486219,83.67857252359482,83.82964250562075,57666800
2005-11-10,84.6948013305664,84.8184034915762,83.60298660742453,84.00812382249721,79048100
2005-11-11,84.98323822021484,85.0381684575983,84.06995557242185,84.70169783328234,34867000
2005-11-14,84.9351577758789,85.16175741230796,84.72228414799133,85.00382449112816,45092200
2005-11-15,84.62617492675781,85.20985003877756,84.36523923544934,84.83904861810515,69592500
2005-11-16,84.79779815673828,84.83900236685577,84.4475964238058,84.71540021436982,51133000
2005-11-17,85.58750915527344,85.59437739925923,84.5574925926805,84.92829918388618,55717500
2005-11-18,85.9239730834961,86.02697577953228,85.37463410286101,85.87590585720383,72437200
2005-11-21,86.35659790039062,86.45960061377113,85.82099007753476,85.93772404119603,50021200
2005-11-22,86.72738647460938,86.87845115199927,86.12310680931161,86.21924125807543,66438800
2005-11-23,87.22867584228516,87.48961674647998,86.66560028329954,86.69306802263246,50854700
2005-11-25,87.2973403930664,87.35914411475733,87.07760372282121,87.1943429218073,15270000
2005-11-28,86.6792984008789,87.39343835165366,86.54882800653868,87.3797071075336,54498500
2005-11-29,86.58320617675781,87.194354273091,86.58320617675781,86.96774932894976,51738900
2005-11-30,86.11624908447266,86.87845647813205,86.03384587807994,86.63125733682365,56007200
2005-12-01,86.99520111083984,87.22866901850227,86.50766056342547,86.53512306167443,65468200
2005-12-02,87.10507202148438,87.26301020998952,86.86473585544218,87.05013654383602,46699400
2005-12-05,86.91963958740234,87.02264226063944,86.64496753841462,87.00203753484516,59273400
2005-12-06,87.08448791503906,87.71623030281835,86.9540174423038,87.2424261314521,57935200
2005-12-07,86.5763168334961,87.11879278977896,86.30164473375439,87.05012083564262,66816500
2005-12-08,86.52140045166016,87.08447602281989,86.16433031048344,86.6724704017896,62608600
2005-12-09,86.7480239868164,87.05702695914528,86.39781677629001,86.63128999628655,50744500
2005-12-12,86.83036804199219,87.11190833253166,86.49389753287613,87.00890565943347,48389900
2005-12-13,87.42094421386719,87.6887481219633,86.72053520167786,86.80980142473138,88630900
2005-12-14,87.76429748535156,87.95656645202985,87.30422456666615,87.33856055597431,64375000
2005-12-15,87.51020812988281,87.89474596702934,87.33167046023546,87.7848750198817,55900300
2005-12-16,87.22856903076172,87.91888692099143,87.22856903076172,87.86366022576324,46238300
2005-12-19,86.77983856201172,87.58060963243031,86.76603452518312,87.48396557451169,48733000
2005-12-20,86.86271667480469,87.38735457165804,86.62110642405531,86.883425372482,46603200
2005-12-21,87.00074005126953,87.50467429635631,86.84196992750265,87.13190210136872,51806900
2005-12-22,87.45634460449219,87.45634460449219,87.035250417423,87.19402052727852,32247900
2005-12-23,87.50469207763672,87.57372280924554,87.26998127011805,87.51849611727559,27977300
2005-12-27,86.61420440673828,87.70490816242942,86.55207304510594,87.64277680079707,44499500
2005-12-28,86.8074722290039,86.97314704327185,86.63489276135182,86.80056757561977,30764300
2005-12-29,86.42091369628906,86.95245624872267,86.33116898394357,86.78678140035107,32788900
2005-12-30,85.95148468017578,86.33115637167332,85.84793594005546,86.15167750661965,44645600
2006-01-03,87.46324920654297,87.67034662020222,85.8686170281671,86.42087328678778,73256700
2006-01-04,87.87747955322266,88.00863638596043,87.46328455848989,87.5737379615408,51899600
2006-01-05,87.93267822265625,88.07764432659837,87.5875193275445,87.77390808026064,47307500
2006-01-06,88.66442108154297,88.7610651534754,87.91887658374405,88.37448886574569,62885900
2006-01-09,88.89221954345703,89.09240705609005,88.62299604251585,88.65060411779136,43527400
2006-01-10,88.9819564819336,89.0371831676315,88.5401535297636,88.62989821069935,44960800
2006-01-11,89.26499938964844,89.35474408073198,88.86461377312538,89.06481184809414,49598900
2006-01-12,88.91293334960938,89.2442829390471,88.66441852417769,89.10622148789918,40509200
2006-01-13,88.8301010131836,88.98197179162949,88.49875137539941,88.75417615737572,44856700
2006-01-17,88.58847045898438,88.65059652309162,88.22950231067796,88.49872578855476,52066600
2006-01-18,88.2364273071289,88.98196658184669,87.780820265174,88.07075249793687,75067600
2006-01-19,88.57469177246094,88.89224265446015,88.22953280800841,88.45043960129755,81530400
2006-01-20,86.95933532714844,88.57467647376333,86.95933532714844,88.55396778214626,114957800
2006-01-23,87.26996612548828,87.54609427071216,87.06977335186863,87.12500003425468,67017400
2006-01-24,87.3597183227539,87.77390794289846,87.26997363947295,87.41493974318821,53008800
2006-01-25,87.43566131591797,87.79462428018456,86.86959562348177,87.69798020262404,87747700
2006-01-26,87.9188461303711,88.13284289171045,87.50465664174115,87.84291077634,71294000
2006-01-27,88.73345947265625,88.81630478453759,87.9810154791494,88.12598687488021,65771200
2006-01-30,88.66442108154297,88.91983530020427,88.60229500674652,88.66442108154297,33709600
2006-01-31,88.01554107666016,88.73346712995486,88.0086364222896,88.58160686746751,72937000
2006-02-01,88.62989044189453,88.6574985156169,88.16737883980569,88.2364095575239,63561000
2006-02-02,87.60132598876953,88.45731854813368,87.53229526517198,88.42971047205995,83626900
2006-02-03,87.16643524169922,88.6299110240304,87.07669581449636,87.3804373630405,86040400
2006-02-06,87.39422607421875,87.53229278420719,87.09738923112671,87.28377797293447,45511900
2006-02-07,86.62107849121094,87.43565369299456,86.56585180407485,87.24236028801826,71208100
2006-02-08,87.40803527832031,88.42970786423705,86.70390822495307,86.87648766221082,59422200
2006-02-09,87.26307678222656,88.08455139375017,87.23546343785587,87.61513507286229,62023300
2006-02-10,87.42182922363281,87.76008340693082,86.60034951177468,87.27686314507653,64508700
2006-02-13,87.26307678222656,87.52539565368774,86.9455259553171,87.39423358460368,52308700
2006-02-14,88.18810272216797,88.38139087176259,87.1250126326904,87.29759209007234,90964400
2006-02-15,88.49871826171875,88.58156354022778,87.83601396740778,88.13975541064823,85471300
2006-02-16,89.16145324707031,89.19597124517426,88.48493419115808,88.59538757172507,61017900
2006-02-17,88.91983032226562,89.16144575527741,88.76106018442506,89.08551037919484,40342600
2006-02-21,88.69895935058594,89.32714069500892,88.56088733048605,89.12695311933008,46456300
2006-02-22,89.2374038696289,89.49971752650616,88.80939958019013,88.8922448964709,42326700
2006-02-23,89.106201171875,89.49277736031605,88.55394495978301,89.2373632072556,43423200
2006-02-24,89.33402252197266,89.38233928707977,88.8853096645934,89.12692509036783,36777400
2006-02-27,89.36854553222656,89.76892058014512,89.24428285292387,89.32711761684999,35858600
2006-02-28,88.51944732666016,89.67918669207785,88.45042186765814,89.18905642611976,74394800
2006-03-01,89.30641174316406,89.38925704311715,88.70583861892679,88.77487461331873,48641600
2006-03-02,89.29952239990234,89.34093978782985,88.78178398397839,88.98197153676637,60642300
2006-03-03,88.88529968261719,89.78962468128717,88.80936431733686,88.82317362013649,73402500
2006-03-06,88.47803497314453,89.17525218914794,88.25713347829756,89.14764411066076,57478400
2006-03-07,88.3399887084961,88.40211479583864,87.946507688536,88.26405331282766,61780800
2006-03-08,88.52629852294922,88.66435988278525,87.79455856904904,88.15352126464471,66692400
2006-03-09,87.93267822265625,88.83008818992275,87.93267822265625,88.55396528719876,56313600
2006-03-10,88.76799011230469,88.94056961428838,87.97412861654652,88.16051216133718,60490800
2006-03-13,88.93366241455078,89.16146860116939,88.72656492367787,88.94056180199404,45479100
2006-03-14,89.86558532714844,89.90010333119804,88.78179162721942,88.85082763531862,69877300
2006-03-15,90.26598358154297,90.33501959926414,89.63780216731682,89.84488915364554,53398900
2006-03-16,90.45234680175781,90.75608834029461,90.32118472526106,90.43853749543857,65526400
2006-03-17,90.52788543701172,90.72194223047546,90.36155708564401,90.56946752485365,47286800
2006-03-20,90.38232421875,90.72191822982026,90.24371377084586,90.5417257050748,45538500
2006-03-21,89.81402587890625,90.78432036193549,89.71699748813347,90.3546141382548,87102700
2006-03-22,90.36156463623047,90.45165564231526,89.7170104949155,89.75859258623203,51605700
2006-03-23,90.17439270019531,90.36844941959774,89.86251658510557,90.27834788012588,46704200
2006-03-24,90.24373626708984,90.49323936563394,89.91799581689888,90.09126156379612,43209200
2006-03-27,90.112060546875,90.29225313241561,89.91800373927654,90.1189873702525,32523000
2006-03-28,89.55760192871094,90.46551276892014,89.43978248745424,90.0496707377653,82079900
2006-03-29,90.1189956665039,90.44473617538208,89.6061251561778,89.68929992087901,61505700
2006-03-30,89.95958709716797,90.77739642995077,89.78632133256453,90.17443495322776,70571700
2006-03-31,89.9803695678711,90.26452793281351,89.66155593825,90.1120532284689,62925600
2006-04-03,89.91105651855469,90.70114788469539,89.74472817324194,90.14670596658394,61624700
2006-04-04,90.4863052368164,90.60412467992708,89.65463173672185,89.91106166729791,54809300
2006-04-05,90.79818725585938,90.9853172422629,90.3615647213218,90.52096626328621,50607200
2006-04-06,90.7011489868164,90.93679843770906,90.22987123563477,90.68729534140648,57906200
2006-04-07,89.77936553955078,91.06846298709878,89.64769246868423,90.83282413358914,80180900
2006-04-10,89.91799926757812,90.15363815432875,89.58532140655124,89.91799926757812,41496500
2006-04-11,89.15562438964844,90.13977258605043,88.88533024116691,89.9942352774154,72799400
2006-04-12,89.32193756103516,89.49520326203015,89.13480764287681,89.2457002295854,43033700
2006-04-13,89.20415496826172,89.57840438373333,88.9269233870758,89.1209802062542,51051800
2006-04-17,89.16947174072266,89.61995837786299,88.72591192520134,89.28729116004705,64167700
2006-04-18,90.58333587646484,90.74967481071965,89.35661135267928,89.35661135267928,92531800
2006-04-19,90.756591796875,90.83976654263844,90.2645230212395,90.61798132100449,87269000
2006-04-20,90.8813705444336,91.38730366225526,90.51404793590916,90.79126895450361,86005500
2006-04-21,90.89517211914062,91.3387318399604,90.52784972105384,91.26943191266545,72342600
2006-04-24,90.7289047241211,90.8397973725737,90.36158207951372,90.71504049923826,52546400
2006-04-25,90.3546142578125,90.87441147520478,90.04273804243742,90.81896516964676,84359800
2006-04-26,90.3753890991211,90.88825940211572,90.30608916107288,90.44469961246887,67262400
2006-04-27,90.81204986572266,91.22789192250217,89.81403738969408,90.02888524141913,124478600
2006-04-28,91.11695861816406,91.31101533794381,90.59023474666161,90.64567045920032,55854400
2006-05-01,90.3753890991211,91.34568340949207,90.31995337880235,91.1169714058039,64990300
2006-05-02,91.0545883178711,91.11003460741765,90.61102857679704,90.79814790680597,49063500
2006-05-03,90.71501922607422,91.01304182698956,90.41006980199435,90.8952118060748,60821300
2006-05-04,91.04077911376953,91.22097173220484,90.77048489846415,90.8467222707454,42921400
2006-05-05,91.84468078613281,92.03873751474683,91.38033000157083,91.5189404398239,62588200
2006-05-08,91.73380279541016,92.01796111296758,91.73380279541016,91.8377579968091,30016700
2006-05-09,91.91401672363281,92.01798252452367,91.69916887388216,91.77540623108104,29864000
2006-05-10,91.86552429199219,92.00413480941249,91.40810006673104,91.76849587226751,64378200
2006-05-11,90.756591796875,91.86549675444189,90.45857980251849,91.83776831408694,80626900
2006-05-12,89.57147216796875,90.59720251835154,89.53681690049373,90.34769939795541,91726500
2006-05-15,89.75163269042969,89.91797156970495,89.13480722082016,89.2595534488023,84029300
2006-05-16,89.61996459960938,90.09817970702558,89.41204360830221,89.93184079891967,62137600
2006-05-17,87.9150619506836,89.47445936895069,87.85961562811406,89.17643670705255,144789500
2006-05-18,87.47148895263672,88.53880670912795,87.4021837035454,88.26158042511113,87906300
2006-05-19,88.08831787109375,88.35861205376347,87.1873390247453,87.9289163211356,124309400
2006-05-22,87.4160385131836,88.13682470255316,86.97941070562617,87.5199990257405,110852800
2006-05-23,86.75069427490234,88.45562861712057,86.75069427490234,88.143752382778,92006500
2006-05-24,87.44377136230469,87.94277764777232,86.46655512630714,87.10417191878162,168405000
2006-05-25,88.52494812011719,88.52494812011719,87.6239640154565,87.96356343868638,78977900
2006-05-26,88.97543334960938,88.97543334960938,88.37246662232855,88.71899284256611,62989700
2006-05-30,87.39523315429688,88.71205375982436,87.36058318088722,88.69126271824847,72419900
2006-05-31,88.3724594116211,88.3724594116211,87.46454333943076,87.75563380092082,86926200
2006-06-01,89.21796417236328,89.3635120018949,88.206093199526,88.28233052446194,73721700
2006-06-02,89.40511322021484,89.70312518813799,88.93383552899671,89.57837894350983,91702600
2006-06-05,88.1021499633789,89.30807782223356,87.85957373970226,89.30115100095409,86105100
2006-06-06,87.88732147216797,88.28236718924487,87.15960846052702,88.1645477427389,130498600
2006-06-07,87.22889709472656,88.46948032134986,87.18038290318935,87.95661525543503,108599400
2006-06-08,87.1526870727539,87.67248441116,85.84973031470402,87.03486761175166,204957200
2006-06-09,86.87543487548828,87.9912665857134,86.83385279285767,87.57542989645599,94972200
2006-06-12,85.93287658691406,87.27742044728933,85.81505715047831,87.24276518356076,95815900
2006-06-13,84.93485260009766,86.5219618401583,84.93485260009766,85.7595937786875,185688800
2006-06-14,85.59326171875,85.6833579854263,84.78930627708493,85.13583770104748,163566400
2006-06-15,87.40910339355469,87.57543702526746,85.84277960594459,85.90515273496781,134057000
2006-06-16,86.77215576171875,87.40562801624483,86.6398900478079,87.21767622739199,94253500
2006-06-19,86.08993530273438,87.34992747414732,86.00640354864473,87.29423609740623,95804400
2006-06-20,86.38231658935547,86.88352841324937,86.12475323781521,86.32663051749594,65494700
2006-06-21,87.02275848388672,87.50308206483824,86.29182367531926,86.31966936727659,75008200
2006-06-22,86.6398696899414,87.05754436449072,86.34749794885904,86.9809700545375,74566100
2006-06-23,86.62596893310547,87.22463804828685,86.34055456634611,86.54939460597602,54107000
2006-06-26,87.0088119506836,87.0575405720746,86.4936800515471,86.69555728617307,37899600
2006-06-27,86.25701904296875,87.21767149918136,86.15955646730238,87.0227569698938,69780200
2006-06-28,86.84174346923828,86.85566365639194,86.07600571127293,86.45191449667878,62368100
2006-06-29,88.59598541259766,88.65167678718754,87.13412135125492,87.15500428897067,110634800
2006-06-30,88.60295867919922,88.8674900843897,88.38019846542022,88.78395301258917,54227800
2006-07-03,88.96493530273438,89.1111158643075,88.62382962232472,88.70736668281678,23914000
2006-07-05,88.45675659179688,88.72128263753444,88.07388505492013,88.60990520654758,69653400
2006-07-06,88.71434020996094,88.99974924036111,88.46373430906097,88.54726606867939,50100300
2006-07-07,88.13658142089844,88.79789950773767,87.91382114112926,88.54033608767506,81626500
2006-07-10,88.30362701416016,88.70738157445233,87.99733502964763,88.36628114780261,60964100
2006-07-11,88.69344329833984,88.69344329833984,87.67013691603498,88.13654020384067,73640800
2006-07-12,87.74673461914062,88.68650419452341,87.51701163308488,88.51247259497019,82561300
2006-07-13,86.3196792602539,87.48917190138215,86.3196792602539,87.32906048203304,102405700
2006-07-14,85.9854965209961,86.50063367681909,85.50517310681091,86.41013388162327,103242500
2006-07-17,85.8602066040039,86.38926402555165,85.72794623188321,85.98550953776464,81159000
2006-07-18,86.29878997802734,86.35448136423419,85.1989090000451,86.11779562836652,122771000
2006-07-19,87.49612426757812,87.89291608205893,86.12475448266404,86.44497197233078,133565300
2006-07-20,86.8974380493164,87.92074445110075,86.77909786556462,87.79544151800427,112259800
2006-07-21,86.28482818603516,87.14802837612534,86.19433370477664,87.12018269473333,101560000
2006-07-24,87.85811614990234,87.9346904821338,86.6259747048542,86.6259747048542,92884000
2006-07-25,88.1713638305664,88.61688425851911,87.51700337843857,87.69799771198886,95480700
2006-07-26,88.28971099853516,88.72130595971716,87.8372277844696,88.12263684160388,84525800
2006-07-27,88.20619201660156,88.88839835314309,87.85116599906341,88.67259551725475,87257100
2006-07-28,89.09025573730469,89.20163319548278,88.31059228596699,88.43589524580658,82137000
2006-07-31,88.99974060058594,89.07631491348415,88.72128903650345,88.86748022368869,49593100
2006-08-01,88.5611801147461,88.67255755017248,88.12957993879236,88.64471186356046,65225600
2006-08-02,89.15986633300781,89.42439775144223,88.79092020837315,88.8118031496132,64770900
2006-08-03,89.39656066894531,89.48706050977475,88.51248238230743,88.64474280109707,63693800
2006-08-04,89.2433853149414,90.09961764927459,88.74217886390394,89.85597982902374,96294200
2006-08-07,89.0345687866211,89.15987175270075,88.68650558206903,89.0345687866211,45377300
2006-08-08,88.69344329833984,89.42437794599233,88.37322056683884,89.16680402433617,90901300
2006-08-09,88.3941421508789,89.52186895258376,88.13657344310644,89.22948648562107,78910600
2006-08-10,88.66560363769531,88.75609813951675,87.90682325265357,88.11566325503765,69322300
2006-08-11,88.41500091552734,88.54726129813835,87.98340070700296,88.52637835935882,47482200
2006-08-14,88.48463439941406,89.2155693038821,88.35236867301882,88.84661782030712,57839000
2006-08-15,89.54273986816406,89.70980340164614,89.03456527272388,89.27820844408994,68143000
2006-08-16,90.28758239746094,90.41984809898621,89.82813647280832,90.02306161645515,71737600
2006-08-17,90.51729583740234,90.7539762141569,90.14139233444179,90.20404114792794,70992800
2006-08-18,90.97675323486328,90.97675323486328,90.21101001069239,90.62869006424833,58288400
2006-08-21,90.58690643310547,90.69132111501224,90.35718351086761,90.62170424571245,42133600
2006-08-22,90.57994842529297,90.85840531135172,90.27365116165038,90.48945923161246,60839900
2006-08-23,90.329345703125,90.80271711498519,89.93255923190236,90.62171747719549,66592100
2006-08-24,90.25277709960938,90.56604245499167,90.07874551197261,90.48946813154969,57983000
2006-08-25,90.3641586303711,90.67045591995418,90.1831696056379,90.24581842704036,41756000
2006-08-28,90.79573822021484,91.06723764450452,90.24580317742341,90.25276061572191,52681500
2006-08-29,90.9001693725586,91.07420093960161,90.36414917189379,90.83752055771363,61817800
2006-08-30,90.95588684082031,91.22040767561793,90.87931250447305,91.10206745072614,50052200
2006-08-31,90.94192504882812,91.18557346417764,90.90015917694939,91.08811622244637,37510300
2006-09-01,91.48491668701172,91.59629944383444,91.08116216006263,91.29000217359415,48794500
2006-09-05,91.65894317626953,91.78425142625437,91.33176298503166,91.54756042562605,52348300
2006-09-06,90.85145568847656,91.30394423688682,90.72615803085438,91.26913579130968,53795600
2006-09-07,90.43378448486328,90.8932304648177,90.0439553947369,90.53819919755927,86269400
2006-09-08,90.6913070678711,90.81661528879322,90.37805244862771,90.55208397287862,45096300
2006-09-11,90.78182220458984,90.97673669493439,90.13441930148302,90.39895066211194,68496600
2006-09-12,91.67284393310547,91.77725859487487,90.7539524213713,90.88621807430644,69875600
2006-09-13,92.04183959960938,92.20194570812022,91.5545532115025,91.6380849860218,62898400
2006-09-14,92.04875183105469,92.05571989020672,91.71461427504018,91.86080543069481,57805400
2006-09-15,92.26483154296875,92.56547719147719,92.06904913360827,92.50954088433987,76703100
2006-09-18,92.3906478881836,92.56544478600964,92.0480421276924,92.14592796372473,64154100
2006-09-19,92.1599349975586,92.38368019705025,91.6425428940612,92.37668149159218,92089100
2006-09-20,92.64939880371094,92.83119451321878,92.3347663348673,92.4676137629654,75204100
2006-09-21,92.20193481445312,92.81722377969025,91.88730229132565,92.71933786874472,88932500
2006-09-22,91.9222183227539,92.0690417821011,91.59359921253646,92.0620537450518,65966800
2006-09-25,92.62841033935547,92.88711711804727,91.62857675974882,92.10401941246117,92299100
2006-09-26,93.39749908447266,93.41148582644935,92.57245200797921,92.64237504910446,73962700
2006-09-27,93.50939178466797,93.6702020113159,93.18077262450016,93.3345948130366,82432200
2006-09-28,93.47444915771484,93.68420769983908,93.18777950577048,93.50941069286266,58597500
2006-09-29,93.39749908447266,93.64920709626206,93.32757604334742,93.55132123994164,47966600
2006-10-02,93.04793548583984,93.57232645859452,92.95703763655864,93.36955597462284,51687400
2006-10-03,93.24369812011719,93.6002801058752,92.74727002032645,92.91507895590937,73108100
2006-10-04,94.3344497680664,94.39038609192798,93.04794632553877,93.15282026480243,80890500
2006-10-05,94.5162353515625,94.67705628435671,94.21558961147089,94.33445029956033,60505900
2006-10-06,94.39737701416016,94.46031204840304,93.97087186685931,94.35542743717372,64983600
2006-10-09,94.45331573486328,94.60014992680244,94.13868323072336,94.28551742266252,41176800
2006-10-10,94.57916259765625,94.70501131512071,94.27850621355434,94.46030191935245,56403700
2006-10-11,94.46727752685547,94.69101210693674,93.9009370352702,94.27849380674016,104071800
2006-10-12,95.28534698486328,95.36225809742405,94.67005808437716,94.70501962077078,59158600
2006-10-13,95.53004455566406,95.5859808669578,95.11751559346786,95.2014253947887,53944000
2006-10-16,95.67687225341797,95.82370641062897,95.38321460775693,95.45313766714521,42273000
2006-10-17,95.37623596191406,95.57899578409018,94.85883301026578,95.41818553417382,90500600
2006-10-18,95.5020751953125,96.04744091805831,95.15947994336966,95.81670762477955,86848600
2006-10-19,95.65589141845703,95.70483969068471,95.25036117093173,95.36223379137188,64063200
2006-10-20,95.67687225341797,95.75378335124068,95.32029025556406,95.67687225341797,48094500
2006-10-23,96.11734771728516,96.34808097153095,95.36222361305147,95.48108425879764,66219900
2006-10-24,96.40403747558594,96.43898833790116,95.94257087040201,95.98452044018939,53234900
2006-10-25,96.73265075683594,96.77460032406161,96.14532480939427,96.30614570877367,78105400
2006-10-26,97.03328704833984,97.18710922579511,96.47393464566245,96.94938792200414,66843700
2006-10-27,96.42501068115234,97.01232598607889,96.2292389128435,96.91444010192447,80238000
2006-10-30,96.35506439208984,96.62774719426807,96.06839484732953,96.25019049462078,49717800
2006-10-31,96.34110260009766,96.66972178895197,95.96354580267004,96.53688504067507,71274100
2006-11-01,95.69085693359375,96.70467726027506,95.59297105381957,96.64175290944038,83005600
2006-11-02,95.63489532470703,95.79570551278006,95.3412377630597,95.44611165337734,60693100
2006-11-03,95.46710205078125,96.06141597650453,94.82385052448903,95.97751685052371,71346400
2006-11-06,96.54385375976562,96.68368918754263,95.75376812312469,95.76076682920707,63303300
2006-11-07,96.91443634033203,97.1731324522504,96.48793128976452,96.62776673759173,63318900
2006-11-08,97.1241683959961,97.22205424969333,95.69083144140538,96.48790501258512,87517800
2006-11-09,96.61376953125,97.2849945444083,96.41799779173708,97.1940967122203,95916300
2006-11-10,96.65573120117188,96.72564358417556,96.29215053576941,96.5858081494084,48991500
2006-11-13,96.89348602294922,97.21510656728739,96.53690394063598,96.61380438791223,59398200
2006-11-14,97.62061309814453,97.70452290254711,96.57183122757999,97.1661452217376,96704000
2006-11-15,97.9002685546875,98.20091415639466,97.55766272758949,97.58563621118338,76509600
2006-11-16,98.15196228027344,98.36171003291521,97.5296857203377,98.1939118308018,76728800
2006-11-17,98.17997741699219,98.1869654562191,97.69753599128138,97.8373714571547,56353800
2006-11-20,98.23587036132812,98.40367924753788,97.84432696226281,98.09603495719873,69174200
2006-11-21,98.33378601074219,98.35476079428004,98.08906597778623,98.2289120930529,51367900
2006-11-22,98.52957153320312,98.69738049370793,98.23591385389135,98.41071085363137,45505300
2006-11-24,98.13098907470703,98.47358418867306,98.02610452795193,98.05407800792263,30998000
2006-11-27,96.78154754638672,98.13098517935461,96.75358473628269,98.08203692572725,84545100
2006-11-28,97.20109558105469,97.2989814509748,96.56483209219415,96.65572992453413,106652900
2006-11-29,98.21491241455078,98.25686197610247,97.24304178648619,97.51572460533139,90034900
2006-11-30,98.2568588256836,98.62043946207277,97.7184812425941,98.19393448537362,83994300
2006-12-01,98.04012298583984,98.3477673525065,97.16613815724604,98.2568695163295,126080000
2006-12-04,98.7882308959961,98.9700265360437,98.04709360005548,98.06108034208027,87813200
2006-12-05,99.2147216796875,99.25668189977173,98.76724201759913,98.97700044299357,73374400
2006-12-06,99.13085174560547,99.33362219502803,98.9350800026346,99.19377609111184,53253200
2006-12-07,98.69733428955078,99.4944078084729,98.66237277221722,99.30562414987742,62857400
2006-12-08,98.879150390625,99.21475759147853,98.43167056656675,98.67639059623197,79625500
2006-12-11,99.16581726074219,99.34760226688215,98.82321136238122,98.87914767244588,39779400
2006-12-12,99.08893585205078,99.19380979686393,98.50860846363662,99.06796106308816,77451600
2006-12-13,99.19380950927734,99.52242876042374,98.9770629114496,99.44551764486259,55520200
2006-12-14,100.06773376464844,100.151643537999,99.17277441979326,99.18676116014451,64755200
2006-12-15,100.07689666748047,100.46359471436607,100.00659475872082,100.28782385016372,70857400
2006-12-18,99.80268096923828,100.45655407376977,99.66206644264894,100.2174975775471,48954600
2006-12-19,99.9925308227539,100.23157662506263,99.26835571515835,99.52146619060355,65023600
2006-12-20,99.9363021850586,100.30190865989555,99.84489788429826,100.03473345964497,41469600
2006-12-21,99.57069396972656,100.14018995760756,99.35977747658852,100.0277047373353,48698400
2006-12-22,98.95905303955078,99.59182422063404,98.90280504351098,99.58479724420717,62069100
2006-12-26,99.54254913330078,99.56364077706034,98.98008026724285,99.00117191100242,32696900
2006-12-27,100.19641876220703,100.25970442624472,99.71832716495739,99.74644578259475,39727100
2006-12-28,99.98550415039062,100.33000818175128,99.83082493003195,100.12611869757063,37288800
2006-12-29,99.57069396972656,100.21752958115955,99.43710637193638,99.88005246393455,45461200
2007-01-03,99.39490509033203,100.44250330559935,98.83244690612088,100.01362196680692,94807600
2007-01-04,99.6058578491211,99.873033064965,98.86059090829856,99.29649933145025,69620600
2007-01-05,98.81133270263672,99.41598483365615,98.69884751618262,99.36677457612016,76645300
2007-01-08,99.26837158203125,99.4230508266493,98.60747130560935,99.00823409253904,71655000
2007-01-09,99.18399810791016,99.55663151822934,98.71292270492992,99.35273128800748,75680100
2007-01-10,99.51437377929688,99.5354761415011,98.64255763178005,98.83942003465135,72428000
2007-01-11,99.95035552978516,100.27376794038835,99.48631783296864,99.54256580181335,54476800
2007-01-12,100.70968627929688,100.70968627929686,99.91519847646339,99.94331709657824,55370600
2007-01-16,100.51282501220703,100.85030209882541,100.3511080778622,100.5901646287449,44871300
2007-01-17,100.55500030517578,100.86435874670957,100.35110009225475,100.43547740334725,50241400
2007-01-18,100.21752166748047,100.72374266744629,100.05581545944239,100.66046772450139,68177300
2007-01-19,100.41438293457031,100.6112454412477,100.16127246481338,100.21750969969092,56973000
2007-01-22,100.10504913330078,100.61127019737397,99.78865292210156,100.59017854705463,60253600
2007-01-23,100.40030670166016,100.59716918567081,99.8800211492316,100.02063567663909,54064400
2007-01-24,101.2088851928711,101.22997684326464,100.47768294675075,100.51986624753783,55834700
2007-01-25,100.02066040039062,101.18778164995082,99.84488951563287,101.14559835412152,73583800
2007-01-26,99.92928314208984,100.29487891773789,99.5425849868802,100.23864166625755,67255600
2007-01-29,99.87300109863281,100.40031365910268,99.6550469568175,99.97143234745913,66114600
2007-01-30,100.39329528808594,100.4425162860766,99.88004730097376,100.08394753807278,70407600
2007-01-31,101.06829071044922,101.33546597283171,100.1191233411901,100.28084033063573,91868600
2007-02-01,101.6729507446289,101.70810708096107,101.18079422060131,101.34952746986356,69312400
2007-02-02,101.81350708007812,101.9119383285381,101.5111863627373,101.75725911978651,49607000
2007-02-05,101.84163665771484,101.90491159011238,101.48305725105918,101.7361677088508,45705300
2007-02-06,101.86978912353516,101.96822040492785,101.47606399796437,101.92603710264599,57081300
2007-02-07,102.0947265625,102.20018476193243,101.64475369792272,102.03144091464121,55669700
2007-02-08,101.96117401123047,102.0314759255756,101.43386137672833,101.7924301060367,70641000
2007-02-09,101.20184326171875,102.17912892226575,100.81514518131459,101.98929336857587,79084400
2007-02-12,100.85735321044922,101.2721700128851,100.6745553131569,101.20186808079069,65657000
2007-02-13,101.7080307006836,101.87676382323134,101.07524930653088,101.08228700543674,64081800
2007-02-14,102.37598419189453,102.57987367718019,101.79242362614272,101.80648829939763,66039400
2007-02-15,102.50962829589844,102.61508658295902,102.24947997413526,102.41822396164044,38715200
2007-02-16,102.46035766601562,102.48144931321535,102.10881590841626,102.25646816701733,39841800
2007-02-20,102.67827606201172,102.7907719600142,101.94707418139426,102.34079909620361,56911800
2007-02-21,102.63619232177734,102.69947803090457,102.19325672714507,102.37605469253222,63971600
2007-02-22,102.55879211425781,102.94549020526769,102.06663578397404,102.68535272958985,79067400
2007-02-23,102.15805053710938,102.5025546394812,101.9682149587751,102.4674090415935,71966200
2007-02-26,102.06661224365234,102.6150164178011,101.7713185135877,102.53064984584003,69192800
2007-02-27,98.08010864257812,101.38459761249482,97.7285670345402,101.15961656201377,274466500
2007-02-28,99.08556365966797,99.82380356341326,98.29108651041044,98.70590324733828,177536300
2007-03-01,98.79021453857422,99.31049995802773,97.06063590992795,97.96760849887201,212828600
2007-03-02,97.49658203125,98.89572197766097,97.48955505880853,98.46684063828289,162574000
2007-03-05,96.56851959228516,98.13639273779684,96.55445491888706,96.9762985670082,143750400
2007-03-06,98.22071075439453,98.51600438052566,96.82860916600579,97.57387556455535,143333300
2007-03-07,98.12236785888672,98.75514968000296,98.00987188248293,98.14345951343658,115144900
2007-03-08,98.95195770263672,99.2472514316872,98.48089313047042,98.81133244558336,117891600
2007-03-09,98.98011779785156,99.4300909156754,98.48796137651384,99.35275128316479,107765100
2007-03-12,99.12775421142578,99.37382701857938,98.54419357380448,98.72699143582174,80366900
2007-03-13,97.2012939453125,98.97306737049094,97.05364168979645,98.55823995175672,190605200
2007-03-14,97.92545318603516,97.98170114432354,96.14665307694449,97.32782801639712,231853800
2007-03-15,98.05906677246094,98.4246732342729,97.58800206599356,97.70752498600433,132435900
2007-03-16,97.78446197509766,98.56092559994015,97.49505182667876,98.33504135607558,121531600
2007-03-19,98.9632568359375,99.05502364683443,98.22208904741046,98.29973540184191,96161200
2007-03-20,99.5068130493164,99.56328412243428,98.79388594637048,98.87858717066935,82147400
2007-03-21,101.14441680908203,101.39853121686355,99.40092248742661,99.59856583006174,152368700
2007-03-22,101.06674194335938,101.41967792294214,100.79145231011488,101.2785056852593,118942200
2007-03-23,101.21503448486328,101.51149957541581,101.04562124565163,101.13738809656925,74416800
2007-03-26,101.08090209960938,101.39854245184229,100.29738348636522,101.29266592468316,113787500
2007-03-27,100.84089660644531,101.05266040733203,100.50913583156546,101.02441948947816,99864600
2007-03-28,100.10679626464844,100.56560886659585,99.71149880223068,100.33266975813262,152907900
2007-03-29,100.21265411376953,100.66441178733719,99.66207478569495,100.61499557470746,139432700
2007-03-30,100.23384094238281,100.82677093762445,99.21738336725213,100.40325412848918,128194100
2007-04-02,100.34679412841797,100.55855794170677,99.86679543357968,100.34679412841797,79416400
2007-04-03,101.4267807006836,101.63147890471667,100.8762012324509,100.91855184219875,82417800
2007-04-04,101.53971099853516,101.61029174963174,101.05265750172643,101.4267688718758,63995200
2007-04-05,101.81500244140625,101.95617471676724,101.37029954180262,101.4126501473355,46822800
2007-04-09,101.95618438720703,102.210298815261,101.75147541337608,102.10441152063129,50967400
2007-04-10,102.0761947631836,102.24560799436433,101.83620076374501,101.87855137885104,56620000
2007-04-11,101.65968322753906,102.2526130920647,101.3208569300232,102.22438295264742,106365700
2007-04-12,102.11145782470703,102.29498068829996,101.17970150780482,101.462056802663,115534400
2007-04-13,102.577392578125,102.577392578125,101.89975026734335,102.28091666226112,84287000
2007-04-16,103.55144500732422,103.66438713931169,102.93028482290221,102.93733966711847,83064600
2007-04-17,103.82674407958984,104.04556274831477,103.5161585740104,103.7420428583429,108424100
2007-04-18,103.95379638671875,104.25731624663025,103.45968802712186,103.4808633303364,88345300
2007-04-19,103.92554473876953,104.04554170151434,103.31143946744221,103.44555688779033,102947700
2007-04-20,104.90674591064453,104.90674591064453,103.7914662977088,104.6244012770627,124114100
2007-04-23,104.51146697998047,104.98440020073555,104.44794104825773,104.73028570308644,77270800
2007-04-24,104.55378723144531,104.75143058656768,103.98909808581286,104.63143360458302,114471000
2007-04-25,105.51373291015625,105.64079545814147,104.48316592564139,104.98432896351137,108418800
2007-04-26,105.6337890625,105.73967637363853,105.24556790059606,105.52085767634522,88741600
2007-04-27,105.54911804199219,105.6973560117142,105.06206427531127,105.2385324069632,108191100
2007-04-30,104.67375183105469,105.69727482507037,104.6172915505623,105.62668331832732,100874100
2007-05-01,104.94200897216797,105.50670883407236,104.23613683747597,104.76554093849496,134342700
2007-05-02,105.55612182617188,105.84553200705896,104.99848753904618,105.10436405851473,87129800
2007-05-03,106.12789154052734,106.16317653457574,105.69024344432215,105.85965665292628,86569700
2007-05-04,106.53022003173828,106.67139230287803,106.03611169737223,106.41022306273182,96409000
2007-05-07,106.55144500732422,106.72791312120542,106.45262329438108,106.5020395362321,63461400
2007-05-08,106.41022491455078,106.53022188564552,105.97258763517534,106.29022794345603,80584000
2007-05-09,106.6996078491211,107.87135788540118,106.14196297019504,106.33255141483127,102070100
2007-05-10,105.58433532714844,106.60079273311288,105.36551672989954,106.39608382095928,153617800
2007-05-11,106.48784637451172,106.53725181187588,105.68315275538953,105.70432805293866,113408900
2007-05-14,106.25495147705078,106.798476138387,105.73260212206154,106.48789061762345,108027500
2007-05-15,106.28317260742188,107.05257065010134,106.01493774930265,106.37492866092002,180673300
2007-05-16,107.01020812988281,107.03138342992871,106.14904335884047,106.44550833023578,114166500
2007-05-17,106.7984619140625,107.26434013315821,106.66434447789058,106.85493298038512,101132800
2007-05-18,107.73020935058594,107.73020935058594,107.15845460446786,107.29962688721538,99182000
2007-05-21,107.67374420166016,108.16079775905173,107.64551405186089,107.7019851222148,174664600
2007-05-22,107.58901977539062,108.11136898543114,107.56078963168036,107.78666309362151,82148800
2007-05-23,107.60317993164062,108.35140287967097,107.54670885263269,107.96317094321456,133786600
2007-05-24,106.62904357910156,108.14667514019169,106.40317009544529,107.66667648494673,187593000
2007-05-25,107.07377624511719,107.30671540821383,106.71377446089645,106.93965877811394,83309200
2007-05-29,107.46199035644531,107.64551325567162,106.90434527254708,107.25022653687327,82020000
2007-05-30,108.33724975585938,108.37960035965827,106.82668385276085,106.9113958311124,129013600
2007-05-31,108.22431945800781,108.62666096877454,108.08313641629638,108.47136823949506,114866700
2007-06-01,108.76081085205078,108.98668439883667,108.35845845046128,108.61963853896498,107771700
2007-06-04,108.7748794555664,108.97957759633631,108.33723149166725,108.37958208832642,78008800
2007-06-05,108.34429931640625,108.6336986564015,107.8995965009042,108.52076731992265,126917900
2007-06-06,107.17965698242188,107.96317573595908,107.11613105475176,107.89964980828897,164096800
2007-06-07,105.24553680419922,107.64549769030452,105.21729588793706,106.98197617794204,232414600
2007-06-08,106.61492919921875,106.7208164885436,105.2384806040332,105.58436184928688,175886000
2007-06-11,106.7984619140625,107.25727451814626,106.3749343020201,106.53728188597603,102015600
2007-06-12,105.6337890625,106.96788732509314,105.56320829249786,106.35378184936584,233898000
2007-06-13,107.21491241455078,107.34197499284055,105.68317125609329,106.2337506302576,193208200
2007-06-14,107.89962005615234,108.08314294240296,107.31374486408691,107.33492016747142,146396500
2007-06-15,108.51350402832031,108.9317608188409,108.41424565378412,108.56312239841596,154030800
2007-06-18,108.38592529296875,108.74038250313833,108.22287800509991,108.73329725311817,88537500
2007-06-19,108.6552734375,108.7332544257095,108.01015897296425,108.14485439052352,110851700
2007-06-20,107.14533233642578,108.87508537031437,107.0177329243404,108.87508537031437,177119700
2007-06-21,107.74079132080078,107.83295364047143,106.51437262158714,107.1027727833812,205262000
2007-06-22,106.72710418701172,107.59198093726658,106.23086608863088,107.41475227233205,204964700
2007-06-25,106.2166519165039,107.22330912393694,105.6424329504561,106.50730943322655,232014400
2007-06-26,105.1249008178711,106.66325442696359,105.117815568782,106.48602584516875,198445700
2007-06-27,106.62077331542969,106.74129834119215,104.96191540834168,105.01154463273569,213638000
2007-06-28,106.6065673828125,107.33674846210488,106.10323332159129,106.6065673828125,157705000
2007-06-29,106.6419906616211,107.50686711658308,105.73458107234548,106.9751813033118,199701800
2007-07-02,107.60609436035156,107.69825667872558,106.88300957936208,106.95389451742605,103357000
2007-07-03,107.99604797363281,108.10947690618177,107.74793435300762,107.88261904108383,54048400
2007-07-05,107.88262939453125,108.15202043089378,107.49273497939105,108.0385914874591,89279000
2007-07-06,108.4497299194336,108.58442539616271,107.70536758084047,108.02438773822045,81109000
2007-07-09,108.53482055664062,108.71913444312128,108.1945337885845,108.57735369835328,72348100
2007-07-10,106.98937225341797,108.1874394579404,106.8830394080601,107.96058163160824,180362600
2007-07-11,107.7479019165039,107.79043504911098,106.70579689893034,106.86884417964913,175607600
2007-07-12,109.44931030273438,109.70451995794073,107.99603339995309,108.01729996978888,133882500
2007-07-13,109.775390625,110.20782880803803,109.44928526681787,109.57689547381938,111794300
2007-07-16,109.76122283935547,110.25746077847735,109.58399423129939,109.87465174463355,98378700
2007-07-17,109.70454406738281,110.22204874241228,109.65491484874116,109.83214351443968,126201300
2007-07-18,109.50604248046875,109.73998560369354,108.6766136711329,109.33589907707473,237887400
2007-07-19,109.9313735961914,110.25746819934392,109.7045157703666,110.02352512290328,145212700
2007-07-20,108.81838989257812,109.87467652904205,108.3434184139097,109.80378074295734,245502500
2007-07-23,109.15151977539062,109.68320542313053,108.67654856147031,109.30038569914137,121183900
2007-07-24,107.2587661743164,109.3713283586756,106.87594628612318,108.5489849413197,256732400
2007-07-25,107.478515625,108.03146800710306,106.51439158132726,107.76917313325755,265214500
2007-07-26,104.93353271484375,106.9043142608138,103.77799855892573,106.4718759608893,467592500
2007-07-27,102.87059783935547,105.53611283600632,102.82806469418642,105.06823742196846,422987600
2007-07-30,104.47982788085938,104.78465593939674,102.99818827809425,103.4518931488974,283017500
2007-07-31,103.30299377441406,105.95433717916357,102.82092642028965,105.15326055003675,316976700
2007-08-01,103.8063735961914,104.21754541735136,102.04826818140873,102.92023022744493,467670000
2007-08-02,104.6357421875,104.74916024055261,102.97687470768285,104.0402460274047,294758400
2007-08-03,101.94190216064453,104.62159797113587,101.51654915506522,104.40892146834622,359398200
2007-08-06,103.65037536621094,104.08989881652761,101.04156484535983,102.23254661842824,324980000
2007-08-07,104.75627136230469,105.62823294099546,102.95562294448504,103.45895686772016,232568700
2007-08-08,106.2166519165039,106.7554229970921,104.45145106550336,105.20999470907087,274930600
2007-08-09,103.0690689086914,105.59280255764827,102.99817313857096,104.51524959143691,357622100
2007-08-10,102.5870361328125,103.85598850239595,101.45985370207228,102.3601782694354,411018400
2007-08-13,102.95564270019531,104.13244328509501,102.80677672308904,103.85596708186445,181917200
2007-08-14,101.38185119628906,103.5440424236075,101.1762707661658,103.28883278993752,264134500
2007-08-15,99.98528289794922,102.40977968158901,99.68754014598083,101.17626472299818,323834000
2007-08-16,100.73674774169922,101.33223328398974,97.12127971732262,99.09914627463618,546743700
2007-08-17,102.5870361328125,103.3668356995201,100.23343447757746,103.14707390510996,388218100
2007-08-20,102.53740692138672,103.12580733521058,101.58036788815478,102.91313079258367,187320400
2007-08-21,102.74297332763672,103.48025046550605,102.18293563200439,102.5090410616729,157066400
2007-08-22,103.96232604980469,104.06866973449655,103.02656436415319,103.50862111978421,173156700
2007-08-23,103.87016296386719,104.67122905021903,103.22504812681566,104.45146727032133,203915300
2007-08-24,105.15328216552734,105.15328216552733,103.70000537269614,103.84178609993369,128901900
2007-08-27,104.17498016357422,105.15328560269079,104.01901811336212,104.81300968276277,113024300
2007-08-28,101.88518524169922,103.67873792817667,101.70087137956583,103.61493822403541,219790700
2007-08-29,103.88430786132812,104.02609939021599,102.05531829103381,102.34596496403412,207654200
2007-08-30,103.60782623291016,104.34510320248243,103.01234078476094,103.11158835945247,191817300
2007-08-31,104.62869262695312,105.2738074437749,104.08992147967385,104.67122576789923,185477500
2007-09-04,105.68497467041016,106.3229933918029,104.4939926887198,104.5294405770587,120062000
2007-09-05,104.7705078125,105.17459441868598,104.21046991063504,105.06116546075509,166261800
2007-09-06,105.01148223876953,105.35175808536138,104.29547184878932,104.88387203556375,127878400
2007-09-07,103.55111694335938,104.13242104414898,102.97688727421003,103.8417635851673,235447600
2007-09-10,103.35266876220703,104.01196505436903,102.31765936374858,103.87018427861607,192305900
2007-09-11,104.55779266357422,104.70665863552782,103.59366861080196,103.67164963040764,162081900
2007-09-12,104.82719421386719,105.23128071182,104.19626067799358,104.41602246438424,149554600
2007-09-13,105.56444549560547,105.94725451058144,105.06111151397708,105.3092358798964,154079000
2007-09-14,105.55736541748047,105.69206090411478,104.7350328131256,104.89099486952566,121911000
2007-09-17,104.990234375,105.38012866877078,104.65704371811599,105.13910035188584,109870800
2007-09-18,108.08112335205078,108.10947517614514,105.0115218735782,105.50775992406585,263759500
2007-09-19,108.71916198730469,109.44934328417112,108.25837174577235,108.75460988677185,193779900
2007-09-20,107.95352172851562,108.76876924681719,107.83300753642108,108.70496952462226,175186800
2007-09-21,108.24481964111328,109.06393447241838,108.08099884855083,108.77190893832693,141457500
2007-09-24,108.04541015625,108.85028746574311,107.8103572021017,108.56536985382292,139450200
2007-09-25,107.83172607421875,108.02404410621729,107.17643186097843,107.41860368290503,142289900
2007-09-26,108.40153503417969,108.81465736679264,107.8317107523517,108.4442699533303,135547000
2007-09-27,109.04256439208984,109.0496941232207,108.40151896288177,108.91435965364526,102713300
2007-09-28,108.6793212890625,109.11381107490172,108.25195036681298,108.8716392909242,133372100
2007-10-01,109.9044189453125,110.22494164230254,108.62231728886034,108.69354938529901,148162300
2007-10-02,109.75487518310547,110.15374898158052,109.55543828386794,110.12526265390196,112978800
2007-10-03,109.53411102294922,109.98284964518072,108.98565391449958,109.55547849367454,119055900
2007-10-04,109.70490264892578,109.87584216696546,109.39861789829786,109.76900496819066,76864400
2007-10-05,111.00846862792969,111.18653802844385,110.13948908394106,110.42439577736624,134579700
2007-10-08,110.41727447509766,110.75204581014933,110.23920507851669,110.68081370411956,71280400
2007-10-09,111.45722961425781,111.4714782137582,110.4244289546668,110.83043252670086,94054300
2007-10-10,111.2719955444336,111.4286974690179,110.69505248959702,111.14377993864075,101711100
2007-10-11,110.73780059814453,112.19797186841345,110.07537677101057,111.77771981958921,233529100
2007-10-12,111.35029602050781,111.36454460768948,110.59528392719263,110.7306183341996,124546700
2007-10-15,110.41014099121094,111.3717200474671,109.64800965136138,111.30761767531484,161151900
2007-10-16,109.53411102294922,110.06120066067353,109.31330657978764,109.98284964518072,166525700
2007-10-17,109.86883544921875,110.46714611000093,108.60098201011094,110.38879512810122,216687300
2007-10-18,109.46992492675781,109.82606365793029,109.0354352399877,109.29897442313805,148367500
2007-10-19,106.60659790039062,111.4572071094063,106.5994790363263,109.04258623524231,297169900
2007-10-22,107.22626495361328,107.3829668948469,105.88719045829012,106.02964380436786,261989800
2007-10-23,108.09526062011719,108.23059512305394,107.01972519800682,107.88158600336995,180085100
2007-10-24,107.89579772949219,108.08099684403419,106.01538547582517,107.70349062076528,326694200
2007-10-25,108.15225982666016,108.47278266676345,106.75620140845572,108.0169253040951,237374500
2007-10-26,109.42009735107422,109.42009735107423,108.19497883138065,109.02122357601031,176484000
2007-10-29,109.78336334228516,110.0041676862297,109.37024097972973,109.64089911013193,106841000
2007-10-30,109.02122497558594,109.51269833634734,108.8858904712029,109.29901284882125,132981600
2007-10-31,110.15372467041016,110.59534416568044,108.86450397469578,109.67649999052377,220954400
2007-11-01,107.57530212402344,109.27052655886799,107.26189819134676,109.18504584273184,333040800
2007-11-02,107.69637298583984,108.26619725032982,106.27894749083278,107.93142590251047,331228200
2007-11-05,106.87728118896484,107.66790994564369,106.1080198958317,106.58524469584559,226841000
2007-11-06,108.31604766845703,108.34453398711646,106.77039588599517,107.45418708723828,177800500
2007-11-07,105.35301971435547,107.64655526763657,105.09659925285517,107.15508181071955,306639700
2007-11-08,104.81878662109375,105.70200399371372,103.3301288694724,105.40997840323176,374509900
2007-11-09,103.3799819946289,105.08944407847311,103.20191257470785,103.77173689215421,277745100
2007-11-12,102.3542709350586,104.42700099475954,102.3542709350586,103.42981687763111,243087800
2007-11-13,105.47408294677734,105.6379037743293,103.43696829338737,103.54380560081361,191117400
2007-11-14,105.18202209472656,106.41425918481995,104.54809552448855,106.28605444563351,230558800
2007-11-15,103.66485595703125,105.05380568824997,102.93834077867633,104.39851173425791,263111100
2007-11-16,103.84297180175781,104.32732633928747,102.97400291722715,104.21335928710445,308770600
2007-11-19,102.39704132080078,103.53669002249458,101.99104867120064,103.47970650056034,267746000
2007-11-20,103.02384185791016,103.65776855010937,101.22178022047322,102.58223317998332,414767500
2007-11-21,100.91548156738281,102.50386838429098,100.90836270429332,101.91267669306632,259012400
2007-11-23,102.66056823730469,102.81014043860189,101.6420056745253,101.9055557623945,77688400
2007-11-26,100.39552307128906,103.19477962189677,100.18896735451841,102.87424601500383,214232000
2007-11-27,101.54943084716797,102.0195258410645,100.39553365143583,100.95823908722062,293897900
2007-11-28,104.79741668701172,105.03958848549946,102.66770254873555,102.70331860580603,258596900
2007-11-29,104.83302307128906,105.21765910244578,104.06377274596522,104.4341493119375,199409900
2007-11-30,105.88715362548828,106.74900313398552,104.93982344428392,106.15781162833964,222908000
2007-12-03,105.18914794921875,105.73760472978783,104.91136012735788,105.55241647137836,146430400
2007-12-04,104.2489242553711,105.0894063991701,104.21330821045787,104.46260965635946,136533900
2007-12-05,105.9940414428711,106.27182930757967,105.29601234897427,105.36723359696659,171130000
2007-12-06,107.51115417480469,107.703472118987,105.82306018834547,105.86579509405469,154457400
2007-12-07,107.48979949951172,107.91004061359521,107.23337916628428,107.85305710971222,148980100
2007-12-10,108.32317352294922,108.44425940492931,107.45419402309858,107.75334929654818,123914300
2007-12-11,105.35301971435547,108.90016037469495,105.2960361819668,108.36595198561079,250346400
2007-12-12,106.39291381835938,108.10238677522699,104.84727255356943,107.59666483917374,322435600
2007-12-13,106.17206573486328,106.40711857716317,104.9184614444209,105.64498742348509,237551300
2007-12-14,104.8259048461914,106.20060642000954,104.77605106021596,105.3672319702548,159152900
2007-12-17,103.33015441894531,104.61224587279075,103.18057128613127,104.42705754175695,177269400
2007-12-18,103.90707397460938,104.3344340719522,102.53950209982106,104.06377593751695,245569300
2007-12-19,103.90707397460938,104.62647053632499,103.2375312000943,103.94980889749415,198917200
2007-12-20,104.5623550415039,104.6050899590304,103.40845792582022,104.5908413636903,214813800
2007-12-21,106.06963348388672,106.27728541502132,105.32492733696365,105.52542262432594,146084400
2007-12-24,106.85733795166016,107.03635246116058,106.3202944231589,106.56376245997518,45601400
2007-12-26,107.08647918701172,107.17955929990677,106.33461607999828,106.44202041263809,67093100
2007-12-27,105.7402572631836,106.71409633814677,105.48964358118974,106.70693969334991,122981700
2007-12-28,105.47531127929688,106.41334520601204,105.1888816167516,106.3632159177512,116398100
2007-12-31,104.69478607177734,105.6972623371746,104.58737087651717,105.33207689610242,108126800
2008-01-02,103.77828216552734,105.25337084441253,103.02642999581921,104.92397935222816,204935600
2008-01-03,103.7281494140625,104.1792693943236,103.16246847194718,103.76395449484423,125133300
2008-01-04,101.1861572265625,102.71136430808016,100.89973838855671,102.63975413548957,232330900
2008-01-07,101.10022735595703,101.84492284330452,100.3197267845824,101.54417980459625,234991000
2008-01-08,99.46758270263672,102.32464607573823,99.13103469271553,101.73748441399046,326365700
2008-01-09,100.51303100585938,100.81377397405825,98.6011579697683,99.5964778857747,301824900
2008-01-10,101.17179870605469,102.25305294422714,99.79696908262095,100.01894524574455,335701200
2008-01-11,100.35548400878906,101.60858500531921,99.5320220101101,100.80660386391546,267076600
2008-01-14,101.1646499633789,101.57996481844503,100.53451557277162,101.07872651963262,170365500
2008-01-15,98.93769836425781,101.31501534742115,98.74435971172966,100.09770842707832,239940100
2008-01-16,98.08560943603516,99.61797292613132,97.58437108435446,98.35771493816607,378802600
2008-01-17,95.54358673095703,98.73005267260945,95.18555783200057,98.67992338219159,397892600
2008-01-18,94.5625991821289,96.68213525387269,93.87518975563287,96.48163992729668,348561500
2008-01-22,93.6030502319336,94.82750260778397,90.2232574899619,91.08968652933487,435923700
2008-01-23,95.85151672363281,96.0878171560543,90.8247869025235,91.00380138834187,511913000
2008-01-24,96.66065216064453,96.99720022095084,95.45766930278512,96.2954556679597,259949300
2008-01-25,95.26432037353516,97.92805613693695,94.94926413450676,97.7490416954512,269603900
2008-01-28,96.83966064453125,97.04015595410415,94.56259116270347,95.42185833604087,217934600
2008-01-29,97.3194580078125,97.70612457037808,96.58191904637529,97.45551079362353,168968300
2008-01-30,96.6033706665039,99.20265332639748,96.38139447314802,97.08312813224832,334939200
2008-01-31,98.36485290527344,99.20263918960407,95.37889329922083,95.5221026687674,343680800
2008-02-01,99.94729614257812,99.96877699111636,98.47221960338331,98.77296240908785,206843600
2008-02-04,98.68709564208984,99.74685817402714,98.55819955073001,99.68241559143493,124694300
2008-02-05,96.04485321044922,97.56289251876832,95.71546175662951,97.34091630966621,286882500
2008-02-06,95.27149963378906,96.84682472692158,94.81322304440187,96.36706727601434,250792900
2008-02-07,95.9016342163086,96.51744447890896,94.3263089408263,94.37643824095954,297368100
2008-02-08,95.28584289550781,96.10930522150154,94.59126576439536,95.30015618859822,221643500
2008-02-11,95.77268981933594,96.1163943571169,94.54822669712148,95.30725681871941,188576300
2008-02-12,96.66065216064453,97.6058428317996,95.93742674645729,96.60336622206309,256654400
2008-02-13,97.64878845214844,98.14287003053704,96.76804050981482,97.39100723412716,181967800
2008-02-14,96.78955078125,98.09993812722942,96.51744526671021,98.06413304486728,215207200
2008-02-15,96.76805877685547,96.82534471680457,95.8873106682618,96.30978218343856,154110300
2008-02-19,97.04016876220703,98.02116457968053,96.3885534570025,97.8994360489571,145190000
2008-02-20,97.32656860351562,97.77768848486956,95.77988123273721,95.94458238298738,220085700
2008-02-21,96.5174331665039,98.10708247373341,96.0018815645957,97.85646878097155,201051200
2008-02-22,97.11174011230469,97.27644124732515,95.13542482761794,96.64630698575552,205491000
2008-02-25,98.33624267578125,98.56537554537175,96.51029266064818,97.05449278633097,190107000
2008-02-26,99.07378387451172,99.49625546607773,97.74191557685688,97.92093007425039,212420700
2008-02-27,98.97350311279297,99.63227493187637,98.39349808328335,98.50090237535026,168395800
2008-02-28,98.0068130493164,98.78732423941258,97.77768026892156,98.27176182580752,170831100
2008-02-29,95.8228759765625,97.15473321693152,95.07816962205479,97.09745819844022,252715200
2008-03-03,95.59371185302734,95.81568801251314,94.69148300042156,95.3359306199722,189483500
2008-03-04,95.22857666015625,95.52215219578078,93.79646036980763,94.68436547706845,282513100
2008-03-05,95.83007049560547,96.50316695375032,94.76313984108,95.53648401046891,270681400
2008-03-06,93.84654235839844,95.39322997434942,93.48135677942777,95.22137215274067,247911700
2008-03-07,92.87984466552734,94.33344085343153,92.07069600656199,92.92280637730022,326434600
2008-03-10,91.65542602539062,93.03741275136417,91.36183961662027,92.97297015222284,235683600
2008-03-11,94.94927978515625,95.03520323485651,92.33566195295276,93.60308746691253,341440600
2008-03-12,94.06133270263672,95.78703424970553,93.91812335884323,95.04949574930514,229161100
2008-03-13,94.26899719238281,94.97789828909619,92.08502982419404,92.80824420887608,351504200
2008-03-14,92.8082504272461,95.09963316577193,91.49786336282942,95.07099566174182,484687800
2008-03-17,91.8702163696289,92.55762572733128,90.27340509890867,90.6314339928463,405311100
2008-03-18,95.68681335449219,95.7297750770179,93.07319566369647,93.5314722475968,334416600
2008-03-19,93.31663513183594,96.4171550396089,93.11612894433358,96.0519695835089,345971600
2008-03-20,95.04515075683594,95.64242247145894,93.01586534231429,93.58435777273787,245320700
2008-03-24,96.94490814208984,97.72927270484627,95.87989887429814,95.93026536993555,208977300
2008-03-25,97.03844451904297,97.54216429621046,96.2612721570127,97.04563659433549,192947200
2008-03-26,95.85108947753906,97.21113831207529,95.78632786167238,96.75779602074134,196934300
2008-03-27,95.54888153076172,96.74342509688388,95.24664960082778,96.57071643109167,225153200
2008-03-28,94.63496398925781,95.96623361361331,94.3111449126023,95.69998408084932,180896100
2008-03-31,94.96599578857422,95.5128900408128,94.33274172157353,94.47666010581854,166692100
2008-04-01,98.30496978759766,98.47047540904548,96.07419601564892,96.14616071033274,254547300
2008-04-02,98.3697280883789,99.06774387810925,97.85161304898587,98.62159353095929,210910800
2008-04-03,98.61441040039062,98.90225824725738,97.65734787784245,97.83724866453194,175884800
2008-04-04,98.50643157958984,99.27641188306542,97.9523343225268,98.67193715705672,204446800
2008-04-07,98.55683135986328,99.71539262494264,98.3985178220062,99.21166174252265,154245500
2008-04-08,98.45606231689453,98.52801601015949,97.83000040191075,98.00270903022827,148937300
2008-04-09,97.7436294555664,98.44164490583327,97.06720120641995,98.30491864522729,195610600
2008-04-10,97.88037872314453,98.34811616438282,97.07441609756745,97.44861263871867,192967800
2008-04-11,95.98065185546875,97.23275405072803,95.71439127832512,96.77941162635882,222973300
2008-04-14,95.65679168701172,96.09574981932478,95.38335009887373,95.84389543603277,160522000
2008-04-15,95.8798828125,96.20370188248388,95.22504161702686,96.12454513379738,172389200
2008-04-16,98.4776840209961,98.52085844813318,96.80100755878692,96.81539171431835,189268900
2008-04-17,98.62161254882812,98.76553098079664,97.62136462327905,97.88042219293139,179665700
2008-04-18,99.65059661865234,100.42776899108357,99.49228311795704,99.98161875108829,218530600
2008-04-21,99.70098114013672,100.01040510775978,99.1972613205942,99.4707029481924,118587400
2008-04-22,99.26201629638672,99.52826583025525,98.51362320295998,99.44191700419363,162166000
2008-04-23,99.10369873046875,99.86647594344278,98.67193265733343,99.36994825341736,193309000
2008-04-24,99.53546142578125,100.55729605190615,98.6143597689998,99.36275280633467,229381300
2008-04-25,100.45657348632812,100.66525350484719,99.24044277698336,100.3126441160178,190788100
2008-04-28,100.4781494140625,100.92429966717636,100.29824870164329,100.65805012648171,105610200
2008-04-29,100.08233642578125,100.55007374938063,99.74412230677312,100.30541148719833,125514100
2008-04-30,99.49227142333984,101.1689471343367,99.49227142333984,100.23346137116995,208395900
2008-05-01,101.55033874511719,101.5503387451172,99.4994774517751,99.57863419518411,187279500
2008-05-02,101.83100128173828,102.44986020799436,101.1473807304745,102.42827299965847,181585500
2008-05-05,101.3416748046875,101.90296417209363,101.03944291302794,101.49998831654754,118504500
2008-05-06,102.2195816040039,102.3275176336582,100.52131852908211,100.75878877458906,179339800
2008-05-07,100.39899444580078,102.21238575342318,100.11834976864958,102.10444971616052,199267300
2008-05-08,100.13994598388672,100.97468801469893,100.01041174725138,100.55731699929282,178321200
2008-05-09,99.95281219482422,100.30542147621237,99.62899317083335,99.7369401656743,152588200
2008-05-12,101.07539367675781,101.14734735404473,99.83047317875126,100.20466963354465,147865900
2008-05-13,101.08983612060547,101.38487601434144,100.55013381852466,101.3201143733569,159132200
2008-05-14,101.29849243164062,102.3275191976309,101.07541731343393,101.51437547451627,181910800
2008-05-15,102.56501007080078,102.63697475965273,101.34168722220677,101.49279769641802,166927000
2008-05-16,102.65855407714844,102.80966453974128,101.90296882337714,102.80247246351702,204236800
2008-05-19,102.93914031982422,103.83864344918258,102.39943844220919,102.7664317660928,165664400
2008-05-20,102.10443115234375,102.42825018552581,101.46398516040011,102.3778837040499,178552100
2008-05-21,100.37738800048828,102.26993569947591,100.02477871256255,102.04686061170774,252724800
2008-05-22,100.39179992675781,100.86674049163732,100.02480638858869,100.33423037523279,170820400
2008-05-23,99.046142578125,100.49974350856525,98.95979374393191,100.06078530096903,181376400
2008-05-27,99.78016662597656,100.0248290401621,98.96701162440915,99.1613075322726,168322900
2008-05-28,100.24069213867188,100.74441200263112,99.30520611687925,100.14714024241175,181288100
2008-05-29,100.74439239501953,101.41361773111525,100.08235913405578,100.11834147025033,173927200
2008-05-30,100.99626159667969,101.27690626120808,100.70122180107431,101.08261042260602,117362000
2008-06-02,99.95281219482422,100.64363562890189,99.3051741468425,100.6220484259869,181069900
2008-06-03,99.36995697021484,100.47094847499552,98.75109806724343,100.24068126798689,271965700
2008-06-04,99.31959533691406,100.13994220373998,98.91661946973908,99.08931713837472,246637700
2008-06-05,101.30569458007812,101.38485133766105,99.53547760906906,99.72257040868836,237867100
2008-06-06,98.07470703125,100.60052107775728,98.02434052123691,100.42062029291876,384276300
2008-06-09,98.3121566772461,98.94541082018172,97.44144321097981,98.48486534721133,228263900
2008-06-10,97.82282257080078,98.65756459214887,97.39825948383324,97.62852670818529,260234900
2008-06-11,96.38361358642578,98.05308659435536,96.37641053009828,97.84440658596496,283890100
2008-06-12,96.75059509277344,97.77242975989505,96.08136975356875,96.85854210185857,252791800
2008-06-13,97.97393035888672,98.24019089824125,96.72902041742942,97.26872259196666,244726900
2008-06-16,98.03148651123047,98.53520627590514,97.47740026022201,97.54216187705147,185832500
2008-06-17,97.55652618408203,98.67190138907216,97.41259688513529,98.63593004459935,191707700
2008-06-18,96.60664367675781,97.52054200240097,96.21806312568687,96.92327055998938,265893000
2008-06-19,96.72901916503906,97.31909880542217,96.0669858238106,96.53472331024601,304204900
2008-06-20,95.15894317626953,96.2509744840132,94.89858995277702,96.07017394089866,289275700
2008-06-23,95.06493377685547,95.62903065035393,94.97092498806613,95.52778277652575,165096400
2008-06-24,94.87687683105469,95.78087937569819,94.15367479533988,94.77562898746211,267300600
2008-06-25,95.32526397705078,96.47515263071372,94.91304453157392,95.2601784385841,287853900
2008-06-26,92.7362289428711,95.04324607295928,92.62775301065658,94.42853073175789,297775000
2008-06-27,92.22998809814453,93.1918484778421,91.87562051737014,92.77238982115652,303423400
2008-06-30,92.55543518066406,93.2280135578003,92.06365738321396,92.49034410282724,258842600
2008-07-01,92.84468078613281,92.90976632083897,91.07283248979661,91.49951904200888,388622000
2008-07-02,91.25364685058594,93.40879166980832,91.08730792954215,93.14119937230669,288064600
2008-07-03,91.3476791381836,91.92624317502985,90.39305233970418,91.92624317502985,239352500
2008-07-07,90.41471099853516,92.09253940644253,89.61918990745373,91.69478161969849,372427300
2008-07-08,92.0202407836914,92.12872221060935,89.8217055673597,90.39303593270594,375973700
2008-07-09,90.24839782714844,92.38184198309528,89.95911586085192,92.20827501035522,336729400
2008-07-10,90.61724090576172,90.97160845071836,89.37333219723378,89.9880529843286,436475700
2008-07-11,89.56136322021484,91.05116359434888,88.5850412946424,89.6553830431661,481124600
2008-07-14,88.7513656616211,90.76186668627895,88.51994120232797,90.58829972120769,322720800
2008-07-15,87.50020599365234,89.30821094320558,86.79869919041077,88.086003349271,502502500
2008-07-16,89.6481704711914,90.08932438461684,87.57981112819247,87.8329308692735,371642900
2008-07-17,90.544921875,91.31152003213232,89.74216691497367,90.501531504489,375490600
2008-07-18,91.10902404785156,91.42722929344858,90.50876484186418,91.24642872665204,267030100
2008-07-21,91.15966033935547,91.70206211324867,90.53770586388357,91.49233276523175,222863000
2008-07-22,92.19380187988281,92.42522632049601,90.291776913424,90.5087397404462,296904200
2008-07-23,92.69281005859375,93.40154501317551,92.24442829643624,92.49031435728467,311698400
2008-07-24,90.76909637451172,92.86638355089961,90.51597674509806,92.81575410742278,248634500
2008-07-25,90.7474136352539,91.47784387775606,90.52321720338561,91.04392366533219,219131000
2008-07-28,89.41668701171875,91.16683437430142,89.25758170283072,90.76907661967421,205201300
2008-07-29,91.32595825195312,91.39827735680839,89.41670519228536,89.66259676990607,261505600
2008-07-30,92.95317840576172,93.00380785693747,91.32597344661367,91.92623260021107,354710000
2008-07-31,91.7237319946289,92.982107735542,91.57908825094052,92.13595700835019,277402100
2008-08-01,91.23919677734375,92.04917975071479,90.73295190139169,91.93347026205971,248690900
2008-08-04,90.39305877685547,91.22474256995022,90.2267253287941,91.15242343959329,188239600
2008-08-05,92.83021545410156,92.97485365686882,90.3785609493184,91.13791979023713,251577600
2008-08-06,93.24246215820312,93.51005449854317,92.19382660501235,92.58435648783077,209555400
2008-08-07,91.8539047241211,92.88808399801948,91.51399883780846,92.5409445454294,246312500
2008-08-08,93.56063842773438,93.9656297787238,91.39826601071113,91.54290972005973,260811700
2008-08-11,94.52974700927734,95.1082998345816,93.45940000505134,93.63297247375529,249425800
2008-08-12,93.54621124267578,94.52252761513428,93.09781836392061,94.21878400802342,213200800
2008-08-13,92.98211669921875,93.76316540245762,92.3312280662659,93.14121103862641,256393200
2008-08-14,93.68360137939453,94.21877494148522,92.38907439019319,92.45415993505598,239555300
2008-08-15,94.13924407958984,94.37790216791561,93.51006159639839,93.96567155120977,181000800
2008-08-18,92.85189819335938,94.36338762487938,92.32396385815204,94.32722532023537,172275100
2008-08-19,91.8394546508789,92.34569955004207,91.50678226904932,92.15043184744063,194673700
2008-08-20,92.26617431640625,92.53375570446617,91.36939926276514,92.12876407869089,225498200
2008-08-21,92.42523956298828,92.8880885105307,91.55739364815025,91.66587507720433,180609800
2008-08-22,93.76315307617188,93.76315307617188,92.42523573772519,93.0544180685281,167715300
2008-08-25,91.86115264892578,93.76317268945041,91.66589045794088,93.14845736272096,171936900
2008-08-26,92.12871551513672,92.4758549525268,91.54292357698475,91.86112875053198,159117200
2008-08-27,93.02549743652344,93.17013566158582,92.0636372388342,92.2444377789595,171032800
2008-08-28,94.15367889404297,94.26215479004745,93.37261933724739,93.49556236444839,167537100
2008-08-29,93.14122009277344,94.1175476195152,92.93872432999895,93.8210320257413,189195800
2008-09-02,92.56263732910156,94.52975348603374,92.22273145159319,94.03797030860498,252364900
2008-09-03,92.48310852050781,92.9314959346984,91.79606853970202,92.48310852050781,251947000
2008-09-04,89.69874572753906,92.01299550389486,89.64812180680345,91.82496143362245,340042500
2008-09-05,89.98081970214844,90.36411599940055,88.23067163813933,89.16360317249008,289503400
2008-09-08,91.8394546508789,92.7434630052706,89.98082503912961,92.59881372323049,364075300
2008-09-09,89.11299133300781,92.10704851588027,88.80924768085457,91.91901436653004,377326800
2008-09-10,89.47457885742188,90.32795769120388,88.6284335907112,89.59752190965949,298916600
2008-09-11,90.76909637451172,90.93542976630036,87.94137353816376,88.3174417169447,375369400
2008-09-12,91.18854522705078,91.27533146070839,89.55411254178657,89.8867848277499,297851200
2008-09-15,86.84934997558594,90.87035797927517,86.7047117419144,87.96308203116064,483607000
2008-09-16,88.302978515625,88.46208386622234,84.614648775101,84.75928699331985,581744300
2008-09-17,84.33258056640625,88.12215727253066,83.89142693165134,86.5238816112026,624095600
2008-09-18,86.83489227294922,88.07880100192988,82.30041668007642,85.37402618368286,776114700
2008-09-19,90.283447265625,93.10571216788207,89.7088097823949,92.16010505886386,501087800
2008-09-22,88.23947143554688,90.74168892195037,87.54845478180584,90.52347021575203,249966500
2008-09-23,86.23188781738281,88.75592063383176,86.03548986264889,87.90487762873806,327470400
2008-09-24,86.50828552246094,87.2865907345292,85.67906335444546,86.8137872581441,311818400
2008-09-25,87.86122131347656,88.67589809502542,86.15186015397562,86.85015215978969,328253000
2008-09-26,87.90487670898438,88.37768022337808,86.202790716606,86.43555475529533,285917400
2008-09-29,81.01653289794922,86.80654496113442,80.71830648484476,86.66106947418602,459562300
2008-09-30,84.3697738647461,84.95896220683149,80.39823410663934,82.56585384947239,328154400
2008-10-01,84.42068481445312,84.87894299782616,82.88589504854033,83.84604738815823,332783000
2008-10-02,81.35836029052734,83.72964712079667,80.78372300852334,83.61326235756655,365337800
2008-10-03,80.26004791259766,83.97700375301925,79.7799743675016,82.09307011996029,461798000
2008-10-06,76.17205810546875,78.281484023729,73.20431428458657,77.93961083927795,610637500
2008-10-07,72.7606430053711,78.0705792491872,72.48423747866535,77.7141550245159,540012100
2008-10-08,70.92762756347656,74.3245292514317,70.41845247489456,70.93489745008316,725414800
2008-10-09,65.97412872314453,73.18982620379033,65.64680614776127,72.49153397331493,534485200
2008-10-10,64.37386322021484,68.33085726632468,60.795114190029615,63.108209158228796,871026300
2008-10-13,73.72081756591797,73.72081756591797,65.42858820831123,68.27995512165698,455584000
2008-10-14,72.62974548339844,76.76131266231495,70.63670241367606,76.1575788349591,546268300
2008-10-15,65.47948455810547,71.13856952252496,65.25399598769955,70.89125464410058,484627500
2008-10-16,68.20719146728516,68.93457969282721,62.94817770435383,66.40327177567862,708811200
2008-10-17,67.79986572265625,71.71321294884201,66.66514170120793,66.9124510701769,476649000
2008-10-20,71.87322998046875,72.08417323531381,68.43995661111641,69.35646734434938,321294200
2008-10-21,69.72745513916016,71.74959408070123,69.26192698928882,70.53485673805365,356502000
2008-10-22,65.93047332763672,69.72744104133137,63.66829533039001,67.79258555063124,516168000
2008-10-23,66.69425201416016,67.2470632674992,62.41720416753809,65.67590702451044,634666400
2008-10-24,63.311893463134766,65.40677027109206,61.10063183552414,61.14427336812732,545812600
2008-10-27,61.06423568725586,65.10851775472281,60.88238864167197,62.533562923311244,397288600
2008-10-28,68.19990539550781,68.54904855317166,61.486111225276595,63.53006987812787,639939500
2008-10-29,67.70530700683594,70.68032260918126,66.99246400249919,68.20720118025001,531270100
2008-10-30,70.0474853515625,70.22205696437717,67.57436438030678,69.6692403826773,414582100
2008-10-31,70.43301391601562,71.69866806695268,68.72365243609771,69.1600843278485,411394000
2008-11-03,70.63666534423828,71.05855181300315,69.79289240670855,70.39662591723089,205419400
2008-11-04,73.03705596923828,73.36437845799499,70.34571614683703,72.05507740390445,346793400
2008-11-05,69.96746826171875,73.25526027377809,69.10187458319507,72.15690260811331,387844100
2008-11-06,66.09049224853516,69.42193153403204,65.50857946914012,68.7090886567497,477721900
2008-11-07,68.27266693115234,68.37450085015807,65.82864177595006,66.6651394388106,380391000
2008-11-10,67.37799835205078,69.48742622450388,66.13416461663138,69.25466211406635,301773000
2008-11-11,65.29766082763672,67.02157350775191,64.48298928897663,66.01777941210273,418498200
2008-11-12,62.42447280883789,64.7011965228035,61.915303144223586,64.17748153185727,454330600
2008-11-13,66.31598663330078,66.72332783443134,59.711299870636395,62.64994912031789,753141900
2008-11-14,63.00636672973633,66.96335469169986,62.93362347144122,65.03578043657153,540352300
2008-11-17,62.169883728027344,64.41751108619985,61.94439511332638,62.83180424679228,415254900
2008-11-18,63.340980529785156,63.442814457523326,60.3077723617278,61.93712075507139,523811800
2008-11-19,59.28212356567383,63.18819922666627,58.86023718264437,62.489907394167595,558327600
2008-11-20,54.88144302368164,60.016808009014525,54.59049215386535,58.285620366134154,814180400
2008-11-21,57.8419075012207,58.84570677376297,54.07403638506419,56.34348957784282,718536500
2008-11-24,61.84980010986328,63.27547990911626,58.452899517021905,59.58762300938999,523305300
2008-11-25,62.30807876586914,63.65374588838017,60.9696815300326,63.50099502523877,454112400
2008-11-26,64.71572875976562,64.87575505099296,61.275180146972474,61.31882721246363,370134200
2008-11-28,65.5303955078125,65.55949169963995,64.3593056965618,64.4684094790008,118308100
2008-12-01,59.72584533691406,63.68283890691415,59.54399828755055,63.653742713072205,369927100
2008-12-02,62.0244026184082,62.18442894450918,59.67494133838467,60.71510690850823,469508400
2008-12-03,63.51555252075195,63.886522144923426,60.47506889903833,60.66419142992437,519863500
2008-12-04,62.04621505737305,64.04653258730612,60.91148570307505,62.5990260881646,444173800
2008-12-05,63.95923614501953,64.31565476176718,59.82039606140113,60.846015950826825,471905300
2008-12-08,66.19232177734375,67.19611542844366,64.06834970714503,65.71224293364519,412859300
2008-12-09,65.10125732421875,67.01428668686403,64.72301782401769,65.73408718654294,370790000
2008-12-10,65.54496002197266,66.45419539510009,64.73755856667292,65.69771089871419,396187400
2008-12-11,63.96652603149414,66.19233235460078,63.551914940924625,65.13034614980049,365061000
2008-12-12,64.73027038574219,64.7884627700532,61.973468611234274,62.22805890521214,415060400
2008-12-15,63.828304290771484,64.84664871699762,62.76631835541002,64.75208471449685,256694200
2008-12-16,66.83242797851562,66.93426188584488,64.14109377133133,66.83242797851562,377699500
2008-12-17,66.18505096435547,67.2324917513743,65.50857971432774,66.07594162411908,281819800
2008-12-18,64.94847106933594,66.67965240177823,64.16289074724091,66.48326009601931,374673300
2008-12-19,64.6690902709961,66.4509919009271,64.59575651935911,65.33638377317038,301451300
2008-12-22,63.84049987792969,65.02110229753623,62.689229855686484,64.95510859940576,243759500
2008-12-23,63.18052673339844,64.47845286469062,62.91654080930824,64.1851345496369,221625200
2008-12-24,63.547183990478516,63.7011748731797,63.06320784948982,63.39318751319486,62061600
2008-12-26,63.91382598876953,64.0164865699142,63.429849882302854,63.972485181865004,74767700
2008-12-29,63.73048400878906,64.03846566178443,62.76986657504575,63.97246639638232,127795900
2008-12-30,65.24107360839844,65.29973838615535,63.7084884583404,64.17046658994973,168256300
2008-12-31,66.17234802246094,66.70765428726715,65.16774035590866,65.32173118958644,193987200
2009-01-02,68.16692352294922,68.51890666026743,65.88638161406304,66.31902743712956,227566300
2009-01-05,68.08627319335938,68.68024449571519,67.38231238555174,67.92494779258578,240349700
2009-01-06,68.5408935546875,69.25951751925449,67.96159144757175,68.66555201462118,328260900
2009-01-07,66.48767852783203,67.65361736945253,66.14302990424244,67.46295961275962,280899200
2009-01-08,66.75899505615234,66.7956563492193,65.75438163714713,66.11369923344175,263834400
2009-01-09,65.3290786743164,66.96432472592213,62.59389858277086,66.8470007407559,330953600
2009-01-12,63.75980758666992,65.1970664173878,63.3638343925315,65.14573054989488,277858500
2009-01-13,63.87714767456055,64.44178076988192,63.2098484218724,63.598498374796655,356432300
2009-01-14,61.8679313659668,62.879873674610906,60.98064752249117,62.72588281859429,435491600
2009-01-15,61.88993835449219,62.51323636650273,59.924712635550804,61.68461718296705,532647300
2009-01-16,62.3739128112793,63.05587565649967,60.89999762530515,62.96054956217652,399237200
2009-01-20,59.08144760131836,62.37393332209679,58.70013750405442,61.76530406653614,419855200
2009-01-21,61.63328170776367,61.77260357982263,59.00809130495275,60.08603295940528,364360700
2009-01-22,60.67998504638672,61.62593352087644,59.52138096805847,60.437997056372474,427940300
2009-01-23,60.9439697265625,61.58926542597179,59.0814052004583,59.323393185704475,386800600
2009-01-26,61.36198425292969,62.59391723446837,60.72401706075617,61.295984946009135,317978800
2009-01-27,61.985260009765625,62.439903710329226,61.083312700130946,61.69194167374337,273789700
2009-01-28,64.08248138427734,64.49312371605971,63.11453474894593,63.35652280642433,330007000
2009-01-29,61.999935150146484,64.15581310528873,61.94127035820973,63.14387062000084,294392500
2009-01-30,60.738677978515625,62.62324130603069,60.284034173880066,62.31525950026945,383383600
2009-02-02,60.555335998535156,60.99531067028853,59.62405077531872,59.8147085177584,288233300
2009-02-03,61.40594482421875,61.86058842845452,60.291342096989446,60.93663782385054,278385800
2009-02-04,61.10530090332031,62.601219144616834,60.89264528330168,61.81659593710445,322989300
2009-02-05,62.01459503173828,62.542566940043656,56.99887309200153,60.6433349695886,417679400
2009-02-06,63.78182601928711,64.04580634572308,62.09524992329582,62.227242883804536,366101700
2009-02-09,63.86979675292969,64.33910366056402,63.297829308911574,63.76713621654591,240075200
2009-02-10,60.9439697265625,63.81847638017728,60.45999375607016,63.26117224298078,536212800
2009-02-11,61.303306579589844,61.63329185576927,60.42335703227693,61.19331148753003,324442500
2009-02-12,61.347293853759766,61.464617822260124,59.43339871399361,60.25468327724061,469302200
2009-02-13,60.68733215332031,61.772602694454555,60.67266315989371,61.26663431287218,293998400
2009-02-17,58.09148406982422,60.833998876395135,58.05481717459735,58.78078141909359,478910100
2009-02-18,57.95216369628906,58.61946322818024,57.4021937678623,58.5094681235782,362964800
2009-02-19,57.328861236572266,58.773449701355,57.21153164196232,58.54612501044397,316867500
2009-02-20,56.77155303955078,57.44618137951267,55.56161825064312,56.26558458187067,477176600
2009-02-23,54.74032974243164,57.394847121271084,54.69632835315375,57.394847121271084,379641400
2009-02-24,56.81553649902344,57.160179463457574,54.77697753235825,55.209623253647564,426260900
2009-02-25,56.36821365356445,57.50481401792056,55.45892664858417,56.566200227238525,461985800
2009-02-26,55.45161819458008,58.42145146215208,55.385618915968315,57.064860542798336,363353900
2009-02-27,54.21238327026367,55.50298126799058,54.124386044992,54.27104808711146,470510900
2009-03-02,51.770484924316406,54.20501747197128,51.60183066648972,53.178406148231645,426452600
2009-03-03,51.38182830810547,52.57709360541632,51.06651216782858,52.51109993619991,443761000
2009-03-04,52.59910202026367,53.43505547618053,51.38183312452951,52.232455571367474,462753100
2009-03-05,50.45055389404297,52.59910232062703,49.98857578526394,51.4038313098682,485549400
2009-03-06,50.53853225708008,51.66046920883742,49.203939747961364,50.89051521968012,490470000
2009-03-09,49.94458770751953,51.330511058533396,49.66593837582263,49.8272581397008,379905300
2009-03-10,52.92176055908203,53.068422532713136,50.868543279486786,50.971203863737436,406227900
2009-03-11,53.26640319824219,54.08035887773118,52.67243765710543,53.53038912643222,356648300
2009-03-12,55.363624572753906,55.54694783292859,52.775101034220505,53.251742629591064,409702700
2009-03-13,55.796287536621094,56.44892375602125,54.79901374157062,55.73762832132462,337474700
2009-03-16,55.62759780883789,57.17484621886523,55.590930927345426,56.43421885044639,360644900
2009-03-17,57.328861236572266,57.460854233216956,55.32696838655828,55.78161217379733,356814300
2009-03-18,58.61210632324219,59.323401387228884,56.51488801699369,57.057523239120954,473273200
2009-03-19,57.886173248291016,59.3967556131234,57.70284992849742,59.34542530736455,428520400
2009-03-20,56.65353775024414,58.278333003501814,56.52060000801966,58.16755061254367,371078200
2009-03-23,60.72289276123047,60.774590449129064,57.83519232891155,58.1527654501816,419933300
2009-03-24,59.52647399902344,60.82630927673981,59.460007934893504,59.99914034826079,330271000
2009-03-25,60.15421676635742,61.07739385383759,58.389102625865405,59.99174233204657,441775100
2009-03-26,61.38017272949219,61.52049739062675,60.058183022186945,60.74502671068356,422025200
2009-03-27,60.272369384765625,60.95182617997788,60.05080469150657,60.59732943231245,322332300
2009-03-30,58.18970489501953,58.98733133371612,57.57671389298643,58.9356336368354,324108500
2009-03-31,58.728824615478516,59.88095332463622,58.381714802103446,58.75836695516207,364238300
2009-04-01,59.866153717041016,60.13202902578324,57.84993919947233,57.99764520005235,377018300
2009-04-02,61.61652755737305,62.488006894009956,59.917879578201386,61.358039117401376,476230700
2009-04-03,62.22951889038086,62.244287243643335,61.05523477681083,61.6608386838303,284646300
2009-04-06,61.74208068847656,62.24428923484811,60.7745929320092,61.5500582821689,264866600
2009-04-07,60.301918029785156,61.04045957176752,60.198522664677604,60.745041828049615,258947800
2009-04-08,60.95185852050781,61.254663386319216,60.220703660207214,60.604742946383396,230402800
2009-04-09,63.374244689941406,63.38163168268032,62.281206418811244,62.532307825689294,269653500
2009-04-13,63.38902282714844,63.913386653465025,62.46584588617735,62.71694730950154,224847500
2009-04-14,62.29599380493164,63.3373403489585,62.09659001704684,62.79820240676794,276598800
2009-04-15,62.960697174072266,63.08624794515863,61.74948890501281,61.919350387158474,250726100
2009-04-16,63.883827209472656,64.36388021716215,62.60614818604892,63.46285886249459,335202900
2009-04-17,64.31217956542969,64.73314789288673,63.61794892082143,64.12754423523585,262649000
2009-04-20,61.61652755737305,64.29005024917028,61.55005588159439,63.174850825720625,293690100
2009-04-21,62.82034683227539,62.872044519005065,61.114317535570954,61.16601522230063,114090900
2009-04-22,62.436283111572266,63.765654090672484,62.089167793843245,62.25164778381198,340395200
2009-04-23,63.04931640625,63.08624011600791,61.76424959873479,62.56187610658005,324903700
2009-04-24,64.00203704833984,64.4820847253073,63.285650578908836,63.536752093960935,287703000
2009-04-27,63.396419525146484,64.26051763328755,63.1748603864799,63.278255778116225,289581600
2009-04-28,63.197021484375,63.950331639753635,62.59880443055588,62.753897532115396,247926300
2009-04-29,64.54115295410156,65.25753924072833,63.73614527754192,63.8986197039607,311505700
2009-04-30,64.56331634521484,65.7449819800837,64.19404548215418,65.3978721018927,301419800
2009-05-01,64.91044616699219,65.14677934606362,64.04635350925861,64.57810457082618,236110300
2009-05-04,67.1186752319336,67.16299157047382,65.27232077384603,65.39787715931223,287120000
2009-05-05,66.88973999023438,67.15561552632668,66.3506019213173,66.88973999023438,243036300
2009-05-06,68.04923248291016,68.09354318228283,66.91926457189844,67.70950397359218,291941000
2009-05-07,67.1038818359375,68.79514256461319,66.67552640919006,68.69174720431201,317728000
2009-05-08,68.66959381103516,68.84684220021089,67.5322391807936,67.96797597806406,299081700
2009-05-11,67.38453674316406,68.02706998972599,67.236830671015,67.72426521680728,247923600
2009-05-12,67.18511962890625,67.82026575523446,66.35795113924932,67.67255407781839,282431300
2009-05-13,65.49386596679688,66.47612759691559,65.36092826020469,66.27671821971482,269619100
2009-05-14,66.05516052246094,66.55736902075715,65.36092963623894,65.52340968489729,260098700
2009-05-15,65.51605224609375,66.46877198740182,65.10247057903076,66.00349261195596,271502700
2009-05-18,67.37714385986328,67.45837824141341,65.41262075545758,66.1363939082977,241447400
2009-05-19,67.29591369628906,67.92367293939967,67.06696196508376,67.34022438991735,206102200
2009-05-20,66.84539794921875,68.53665879210438,66.7715449203913,67.90889396050879,285722200
2009-05-21,65.88532257080078,66.32106522410835,65.18371001594642,66.06995804677588,258988400
2009-05-22,65.74497985839844,66.46875320587564,65.49387838424117,66.06994001048527,166811900
2009-05-26,67.42886352539062,67.62088032202593,65.22800664758779,65.25754899352238,236318500
2009-05-27,66.22502899169922,67.76119698966055,66.12163361055045,67.53225087920622,246015800
2009-05-28,67.148193359375,67.45837944414063,65.80404802409933,66.80846493778056,289095000
2009-05-29,68.3372802734375,69.20137293360636,66.97097890199804,67.51749832364834,258641500
2009-06-01,69.99156951904297,70.28698722082596,69.00192669788754,69.17917506510774,276246800
2009-06-02,70.0506820678711,70.43472692343357,69.59278980075014,69.71834054272678,230874500
2009-06-03,69.1644287109375,69.51892555811327,68.50712707361603,69.45245951225247,235310500
2009-06-04,69.81436920166016,69.91776462325265,68.90596576415071,69.42294287211317,210102300
2009-06-05,69.8291015625,70.65626444206943,69.27519543366354,70.5233267457637,284257900
2009-06-08,69.54107666015625,70.23530190165931,68.71390807657018,69.3047379494531,238565100
2009-06-09,69.89557647705078,70.26484727654265,69.43767865721578,69.93250581085006,225125500
2009-06-10,69.71833038330078,70.52333804827221,68.82469569504678,70.51595668896772,296100400
2009-06-11,70.02852630615234,70.98124580982999,69.83650387949898,69.85127786942489,275414200
2009-06-12,70.22054290771484,70.2648536045644,69.42291655666848,69.71833434979222,184361800
2009-06-15,68.61050415039062,69.43766699618244,68.24123341291234,69.39335631076482,224190500
2009-06-16,67.679931640625,68.89852604505737,67.63562096088607,68.85421536531845,227319000
2009-06-17,67.61348724365234,68.18954880297571,67.08173637823836,67.6504109437017,223445200
2009-06-18,68.10832977294922,68.44067134898489,67.39194328254241,67.71690349706768,211725100
2009-06-19,68.35933685302734,68.84952471344928,67.97312274098279,68.76040273871062,215655600
2009-06-22,66.30945587158203,67.72804128017157,66.28717537472735,67.69090334111115,251913600
2009-06-23,66.36145782470703,66.75509511894428,65.9901010314334,66.4505854950165,188309800
2009-06-24,66.933349609375,67.64635396342919,66.54713537606133,66.96305883243411,211577700
2009-06-25,68.38906860351562,68.45591010659639,66.52485590937835,66.59912613495308,279411000
2009-06-26,68.21080780029297,68.50789434525718,67.78746131531669,68.15881807990831,167579000
2009-06-29,68.84953308105469,68.93866073307856,68.03254943675753,68.41133487479172,168481300
2009-06-30,68.29251098632812,69.11692350827671,67.7874655284358,68.864403612558,228888200
2009-07-01,68.57475280761719,69.24319622730383,68.48562512950714,68.58217586428475,173041100
2009-07-02,66.7031021118164,68.59702393088641,66.66596983418945,67.68348377115207,212309900
2009-07-06,66.6957015991211,66.79225235333068,65.84900831926286,66.05696727691834,174499600
2009-07-07,65.40333557128906,66.71051264956998,65.35877458370155,66.6288137280241,197088900
2009-07-08,65.3587875366211,65.95296059899026,64.61607404188676,65.79698577861629,248050500
2009-07-09,65.48504638671875,66.02722972213924,65.29194496113156,65.81184213225735,163777600
2009-07-10,65.3291015625,65.72273894814202,64.87604571618772,65.13599439854977,173520300
2009-07-13,66.91848754882812,66.9704772689818,65.05427501225284,65.5890296575218,217413500
2009-07-14,67.2972640991211,67.35668253325237,66.6436783230384,67.12643751760713,181487400
2009-07-15,69.26544189453125,69.45112021403565,67.34924027729713,68.1885042415341,220877900
2009-07-16,69.15404510498047,70.19384499793533,68.9386575390756,69.07234617769056,231174500
2009-07-17,69.91159057617188,70.05270789562006,69.47339251370936,69.85960087949917,138561700
2009-07-20,70.65433502197266,70.77317190490983,69.95618816730736,70.32011620500715,164179400
2009-07-21,70.98114013671875,71.22623699023202,70.12701834403791,71.20395648835904,217718300
2009-07-22,70.96626281738281,71.3970322536253,70.47606928677332,70.52805899458464,196068100
2009-07-23,72.53337860107422,72.84531680563613,70.95139575452721,71.01081417438255,258795500
2009-07-24,72.83047485351562,72.8898932860052,71.8129611127862,72.19174087038665,154003100
2009-07-27,73.04588317871094,73.08302112618372,72.29574083811139,72.69680687170555,159259400
2009-07-28,72.70423126220703,73.06073627075467,72.0877776362053,72.53341031350358,186685200
2009-07-29,72.52594757080078,72.85273753668653,72.02833106988774,72.36997847349008,194399300
2009-07-30,73.28352355957031,74.14507374989083,73.23153385266842,73.40236041331924,225575400
2009-07-31,73.38753509521484,73.87772883180814,73.06816799404345,73.26870385590635,207358000
2009-08-03,74.59815216064453,74.6649936614876,73.75888220702726,74.1599482114501,175776900
2009-08-04,74.79122924804688,74.89520865979567,74.107934351854,74.26390346947719,176714600
2009-08-05,74.57588195800781,74.91010084128266,73.95942825498875,74.84325366475434,184726400
2009-08-06,74.18964385986328,75.02890799346973,73.8405676421165,74.91750551244738,193203800
2009-08-07,75.16258239746094,75.77903578578068,74.56098644809859,74.96948102263642,220640900
2009-08-10,75.00663757324219,75.17746417784731,74.4718829266838,74.82095919132355,130898700
2009-08-11,74.07084655761719,74.72443263337175,73.87031066709108,74.67244289628282,157301000
2009-08-12,74.86551666259766,75.42997479446689,73.90741564957894,73.94454792153006,219052400
2009-08-13,75.4373779296875,75.46708713704436,74.46442547117096,75.20713865573673,176449500
2009-08-14,74.85810089111328,75.45969706545587,74.04854015876315,75.40027862031084,199616100
2009-08-17,73.01615142822266,73.49148754366391,72.86761101706732,73.41721733808623,237667500
2009-08-18,73.59547424316406,73.8554284880749,73.0458678677905,73.17955651763316,173461500
2009-08-19,74.24164581298828,74.49417136666365,72.94189709987619,73.01616732162023,192812800
2009-08-20,75.00663757324219,75.17746417784731,74.17480204877762,74.33819426504421,174131300
2009-08-21,76.47722625732422,76.59605749602626,75.47456395249321,75.62310441748465,224605000
2009-08-24,76.46978759765625,77.20507243679536,76.1949815400293,76.78915465569926,191279000
2009-08-25,76.61832427978516,77.4353079634377,76.45492640976384,76.77429342849986,215310600
2009-08-26,76.62574768066406,76.97482391974887,76.12070229216025,76.38065087452527,194620700
2009-08-27,76.79655456542969,77.03422258923855,75.71219385264847,76.58116703346968,196230100
2009-08-28,76.78172302246094,77.50215605629926,76.25439709386232,77.41303405884598,147024400
2009-08-31,76.09843444824219,76.1875621197821,75.60081769833481,76.03159294442852,176051600
2009-09-01,74.41988372802734,76.67773324456478,74.26391458705501,75.71963223591722,321276800
2009-09-02,74.13764190673828,74.59812619593706,73.95196358041741,74.1079326945526,171805000
2009-09-03,74.75411224365234,74.8432342339448,73.9668321085263,74.56843387527091,143572300
2009-09-04,75.80136108398438,75.82364158913778,74.67986743725181,74.90267815524194,142687900
2009-09-08,76.45490264892578,76.53660155854587,76.04640810082539,76.49946363000862,132909100
2009-09-09,77.04169464111328,77.30164330298027,76.35097067303481,76.58863883052116,154612500
2009-09-10,77.82894897460938,77.8809386933718,76.66288899683414,77.09366419026814,162902400
2009-09-11,77.81407165527344,78.20771447273168,77.45014371689436,77.9774694914914,152360100
2009-09-14,78.19287872314453,78.32656738382019,76.61090096052801,77.15307865860659,149593800
2009-09-15,78.51968383789062,78.80934169277693,77.80667945152011,78.31914798976617,196795900
2009-09-16,79.70802307128906,79.72287485000149,78.52711117095141,78.8019115755443,206406300
2009-09-17,79.58915710449219,80.25759451744933,79.15095332659202,79.59658015738098,229170900
2009-09-18,79.63993072509766,79.96828308221579,79.37127983171827,79.96081897588721,153799100
2009-09-21,79.43843841552734,79.84887885524533,78.84890497439767,79.02053956304711,151892000
2009-09-22,79.90110778808594,80.12498540313756,79.55036884811237,79.90857189350612,143126700
2009-09-23,79.23694610595703,80.61750957335882,79.09515656775363,80.0876719482887,225947400
2009-09-24,78.36383819580078,79.58022557250739,78.02056333538256,79.40859098902062,228636800
2009-09-25,77.9459228515625,78.62501406567297,77.67727200789724,78.19218707382963,204059000
2009-09-28,79.34139251708984,79.51303272283755,78.22948031150018,78.24440282383192,118285800
2009-09-29,79.10263061523438,79.86380436698212,78.93845443319493,79.48322033783079,133733900
2009-09-30,78.7966537475586,79.44589427752771,78.07279493704108,79.37127030353506,254383000
2009-10-01,76.84148406982422,78.90113889811991,76.8265558580595,76.86387069402667,281840600
2009-10-02,76.4832534790039,76.9384669854563,76.11012802738341,76.13251464352983,224748800
2009-10-05,77.62503814697266,77.84891575789796,76.56536293460705,76.78924054553235,149875000
2009-10-06,78.73697662353516,79.18472626692946,78.13997330337901,78.18474655968475,202491100
2009-10-07,78.95337677001953,79.0354648549298,78.4086109059282,78.55785886388614,159200300
2009-10-08,79.55783081054688,79.97572960771278,78.99067837621881,79.51305756612028,183305800
2009-10-09,80.04292297363281,80.04292297363281,79.37129560669895,79.58024507786814,135008300
2009-10-12,80.35630798339844,80.662267933096,80.0578064444287,80.41600942988103,118031000
2009-10-13,80.1921615600586,80.37872437934779,79.66978794342698,80.13992419839542,157692700
2009-10-14,81.57272338867188,81.65481148272735,80.16230896309375,81.1324378782337,191421600
2009-10-15,81.8712158203125,81.8712158203125,81.13989285629937,81.17720199902556,173873600
2009-10-16,81.2593002319336,81.5428736645342,80.76677735494881,81.1921403505724,192069400
2009-10-19,81.93091583251953,82.18463849497323,81.13989142199384,81.39361408444753,159530400
2009-10-20,81.4980697631836,82.08014462320777,81.10255765026682,82.0502939004574,180921100
2009-10-21,80.76676177978516,82.31895979307347,80.70706032334677,81.37122336925214,225379300
2009-10-22,81.58761596679688,81.84880265496398,80.22197539138243,80.7368903576567,238444000
2009-10-23,80.65481567382812,81.90851767836487,80.31899928183358,81.85628033206933,240033200
2009-10-26,79.78170776367188,81.57270584734114,79.55783015649118,80.74436667159428,242028200
2009-10-27,79.41604614257812,80.13991067017776,79.22202494255029,79.87125980027595,253266300
2009-10-28,77.91608428955078,79.46082392219385,77.87130534959178,79.2145596794746,248821400
2009-10-29,79.58768463134766,79.74439668637585,78.31159587459429,78.49815865821515,198110600
2009-10-30,77.28173065185547,79.56526196033768,77.19218420009183,79.32646193323176,325608100
2009-11-02,77.84891510009766,78.66233176570528,76.92356532341734,77.70712556814676,254222900
2009-11-03,78.0951919555664,78.20713077817832,77.26685263906134,77.41610060691387,228362600
2009-11-04,78.29667663574219,79.34889358879268,78.09519131145858,78.73696781613228,247996700
2009-11-05,79.7369384765625,79.75932510130116,78.6847272597321,78.84890343240863,180015300
2009-11-06,79.94588470458984,80.14737570607701,79.13993777897473,79.2966498393289,170954100
2009-11-09,81.7667236328125,81.81149687189111,80.49809918240913,80.55779493669947,159495700
2009-11-10,81.78166198730469,82.03539034259292,81.31898991136744,81.57271257321115,171899800
2009-11-11,82.1995620727539,82.69954895712914,81.8040498897871,82.31895929145888,169466200
2009-11-12,81.36376190185547,82.51298935505616,81.1548124909907,82.08762642766875,157144500
2009-11-13,81.80403900146484,82.15477219897012,81.15479856331865,81.572697313329,150963000
2009-11-16,82.9906005859375,83.34880369000305,82.32643743086061,82.37121068382686,210922200
2009-11-17,83.08761596679688,83.12493080870698,82.46076761551468,82.77419179115577,147134100
2009-11-18,83.03534698486328,83.15474987875137,82.51297355771123,83.02788857407779,156486800
2009-11-19,81.95330047607422,83.06521308741588,81.43838536437389,82.46821558777455,208734600
2009-11-20,81.66227722167969,81.90854150876821,81.34885305271906,81.52795176449008,134196000
2009-11-23,82.69954681396484,83.38609646069804,82.53537066073646,82.6249228425276,148010200
2009-11-24,82.826416015625,82.98312807858748,82.09509305513343,82.83388012151215,138420100
2009-11-25,83.11741638183594,83.20696853213747,82.69951773397958,82.9607043888898,109564800
2009-11-27,81.7667236328125,82.32641189506872,80.81152324284619,80.89361131011924,126001800
2009-11-30,82.04283142089844,82.23685256898845,80.68465491705372,81.69955666645889,160874800
2009-12-01,83.0577392578125,83.32639007548883,82.63237641206553,82.77416023168561,159613700
2009-12-02,83.02044677734375,83.58759928881871,82.77418251261115,83.0428334026022,132315100
2009-12-03,82.3712158203125,83.71447042751419,82.30405593667518,83.24433416171637,167324900
2009-12-04,82.84133911132812,83.86369951038944,82.11747460798313,83.46072321903931,274907800
2009-12-07,82.7144775390625,83.22939267193215,82.45329076639118,82.7667205870414,127973800
2009-12-08,81.79658508300781,82.66223341488958,81.54285674358863,82.11747328985186,169863700
2009-12-09,82.10255432128906,82.22195724585521,81.35630312308506,81.77420766562177,155063400
2009-12-10,82.56520080566406,82.92340375008962,82.42341130986856,82.60997403867626,138014600
2009-12-11,82.91596221923828,83.10252499883454,82.54283666004575,82.91596221923828,124854000
2009-12-14,83.48310852050781,83.5801191091197,82.93087863425731,83.48310852050781,107141500
2009-12-15,83.0950927734375,83.5204558463724,82.8339059204856,83.177180883429,120408800
2009-12-16,83.22190856933594,83.67712213237431,83.03534582033475,83.43086363070962,155358200
2009-12-17,82.22195434570312,82.78164272461467,82.14733036720384,82.62493066173279,183390100
2009-12-18,82.6871337890625,82.7546609657822,81.98938349147836,82.67962949740534,174591200
2009-12-21,83.52742767333984,83.80502346856193,83.09977468223053,83.09977468223053,118039600
2009-12-22,83.82749938964844,84.00756222124424,83.60241655708303,83.7074536858551,91707500
2009-12-23,83.99256896972656,84.1126146954209,83.65495038337794,84.03008469002985,111783100
2009-12-24,84.3902359008789,84.48026449213233,84.03010436357536,84.17265726518876,39677500
2009-12-28,84.5703125,84.77288258721433,84.27020379100681,84.70536113284206,87508500
2009-12-29,84.45024871826172,84.8028759468258,84.44275015210663,84.78787309041928,80572500
2009-12-30,84.42022705078125,84.51776563994027,84.15763416476777,84.20265417672408,73138400
2009-12-31,83.60993957519531,84.63030538964789,83.57242385333194,84.60779252207257,90637900
2010-01-04,85.02796936035156,85.07298365922549,83.66248029490484,84.30771195788377,118944600
2010-01-05,85.25305938720703,85.29057512463632,84.66785051753644,84.9754635369826,111579900
2010-01-06,85.31304931640625,85.52312362701232,85.10297500580018,85.17049643816827,116074400
2010-01-07,85.67318725585938,85.77822441908398,84.9154142433709,85.15550000561231,131091100
2010-01-08,85.9582748413086,85.99579056163111,85.27553337938174,85.44809195503672,126402800
2010-01-11,86.07835388183594,86.37845686418345,85.71071799749453,86.34094685343875,106375700
2010-01-12,85.27557373046875,85.68821822879718,84.94545355252761,85.50815527905564,163333500
2010-01-13,85.99579620361328,86.2358819467812,85.05796037497366,85.49311184914976,161822000
2010-01-14,86.22836303710938,86.38591874271528,85.84572448115523,85.89824304969054,115718800
2010-01-15,85.26052856445312,86.16084865097523,84.93040852815045,86.07832436599507,212283100
2010-01-19,86.3259048461914,86.37842342017782,85.2230090683814,85.24552193502865,139172700
2010-01-20,85.44811248779297,85.86826118070759,84.7653708618067,85.74071685951517,216490200
2010-01-21,83.80503845214844,85.7332294022928,83.70000125829604,85.47063641766181,344859600
2010-01-22,81.93682861328125,83.83500715104238,81.84679432555811,83.42986144243052,345942400
2010-01-25,82.35699462890625,82.83717187443516,82.08690315668433,82.68711469642736,186937500
2010-01-26,82.01188659667969,82.88220121486135,81.80931652470821,82.0343937464435,211168800
2010-01-27,82.40202331542969,82.58959051460488,81.27662012037852,81.90684316204079,271863600
2010-01-28,81.45665740966797,82.71710882066088,80.96148313611442,82.67209453872734,316104000
2010-01-29,80.57135772705078,82.3795080975408,80.443813417889,81.80930226515815,310677600
2010-02-01,81.82431030273438,81.83181459318855,80.65389285212602,81.14156869791165,187865000
2010-02-02,82.81468963623047,82.97224543834349,81.68928614333902,81.974392024961,216327900
2010-02-03,82.40202331542969,82.88969917810452,82.1619375294493,82.43953332080673,172730700
2010-02-04,79.85860443115234,81.80179766942382,79.84359585125053,81.76428766786144,356715700
2010-02-05,80.02366638183594,80.18872069603596,78.4631060322486,79.94863492872223,493585800
2010-02-08,79.44595336914062,80.52634214495352,79.38593049846303,80.08368062882617,224166900
2010-02-09,80.44380950927734,81.14155961691942,79.73105082240657,80.37628235093995,337820500
2010-02-10,80.2862548828125,80.72891066655419,79.61101191057477,80.31626631758928,240511500
2010-02-11,81.12654876708984,81.21658306765453,79.7160457361505,80.18121436959119,223591600
2010-02-12,81.05903625488281,81.10405054807093,79.91112598581573,80.27125177951318,304622100
2010-02-16,82.33447265625,82.41700265826807,80.89395835136254,81.67423836420033,159317500
2010-02-17,82.72463989257812,82.83718135794413,82.33449690918889,82.73213845926495,168845100
2010-02-18,83.21231079101562,83.38486940005592,82.55957491014618,82.58958634739152,193708600
2010-02-19,83.38484191894531,83.70745760788799,82.79963339576894,82.99470481152588,222684900
2010-02-22,83.39989471435547,83.71500628251208,83.15230460047634,83.69249913108625,132346900
2010-02-23,82.38699340820312,83.42986630774277,82.16941482658832,83.17477773046035,207497000
2010-02-24,83.14479064941406,83.27983926637746,82.42453326697485,82.63460762134085,176350700
2010-02-25,83.03223419189453,83.09225706061973,81.73427256926293,81.95934974083872,259634700
2010-02-26,83.0847396850586,83.36984540455092,82.61207254750884,83.10724682626169,173589300
2010-03-01,83.94756317138672,84.03009318512119,83.40736879934131,83.42987594416057,147709700
2010-03-02,84.18014526367188,84.58529104573974,84.03009381435602,84.30769529209581,160992400
2010-03-03,84.25516510009766,84.7578436825304,84.04508508627517,84.39771224007264,150785000
2010-03-04,84.51029205322266,84.63033782992471,84.05262754671706,84.3677391244134,135770400
2010-03-05,85.71821594238281,85.78573739118222,84.85540562177574,85.05798141636807,176118800
2010-03-08,85.73320770263672,85.920774890484,85.5831562419974,85.72570913647216,114631200
2010-03-09,85.87574005126953,86.27338147851434,85.4330843414219,85.47809862402472,154556700
2010-03-10,86.25840759277344,86.49098909645294,85.83825888313388,85.91328462069853,186088800
2010-03-11,86.61853790283203,86.64105077695302,85.79324329874096,86.0558362558476,160791100
2010-03-12,86.62602233886719,87.00866097386013,86.38593658681384,86.9936523945529,162074800
2010-03-15,86.64855194091797,86.70857482551173,85.98081309108005,86.47599330283258,146816800
2010-03-16,87.33879089355469,87.4213151926815,86.64853926986012,86.88862504902886,168673000
2010-03-17,87.85647583007812,88.14158163910601,87.34629281424039,87.60138718420762,177468100
2010-03-18,87.81139373779297,87.9839522240452,87.45876675620065,87.86391228457742,196509100
2010-03-19,87.36697387695312,88.36140672718497,87.0279591510321,87.36697387695312,226641100
2010-03-22,87.83406066894531,87.99227100453224,86.81702789080464,86.86976275344396,184477800
2010-03-23,88.45184326171875,88.52717797838247,87.67587901183823,87.96215898189897,182941600
2010-03-24,88.02239990234375,88.46688438351539,87.07317237896439,88.12034018086864,196072600
2010-03-25,87.8792495727539,89.02435169532993,87.773779867293,88.61753751098023,223396300
2010-03-26,87.8265151977539,88.45933343396152,87.47997105683051,88.04498980244497,205808500
2010-03-29,88.38397979736328,88.54218432248923,87.90936622198544,88.27097492293998,134513500
2010-03-30,88.44428253173828,88.76822689277236,88.0751385032893,88.4894821991532,145772500
2010-03-31,88.14295959472656,88.53470355283935,87.84915018922442,88.10528936420774,161078700
2010-04-01,88.74559783935547,89.0846067286854,88.21824365324936,88.74559783935547,161215200
2010-04-05,89.46883392333984,89.52909821952058,88.83600995826637,89.08461957839052,105847600
2010-04-06,89.67977905273438,89.83798361718283,89.11476028784644,89.21269480459982,110384200
2010-04-07,89.16752624511719,89.92088486107953,88.75317670726984,89.49900587539504,184576300
2010-04-08,89.47635650634766,89.62703160441393,88.59492873641233,88.85860297344419,158704000
2010-04-09,90.06400299072266,90.10166746378252,89.49898416580638,89.66471819307343,133006500
2010-04-12,90.20710754394531,90.44065248991947,90.07150284061629,90.17697252679811,110279000
2010-04-13,90.27494812011719,90.4331527113411,89.64965920170673,90.1167435288933,125043600
2010-04-14,91.29950714111328,91.29950714111328,90.4632788499188,90.60641303876763,161609000
2010-04-15,91.37481689453125,91.58575627119728,91.11867211738895,91.14880713515082,144615300
2010-04-16,89.92086029052734,91.37484225194613,89.46131120054685,91.05089790569215,366786700
2010-04-19,90.25983428955078,90.3502393328819,89.25033717018508,89.65715124367563,217947800
2010-04-20,91.06598663330078,91.14132709237533,90.30509857614435,90.82491210820439,157708000
2010-04-21,90.90021514892578,91.32962914960356,90.39546072018672,91.11868399776681,192910100
2010-04-22,91.17144012451172,91.28444504530665,89.74006362000586,90.25987705939215,115360300
2010-04-23,91.76659393310547,91.80426415589542,90.87763070335154,91.11117573884496,177335500
2010-04-26,91.4200210571289,92.00011011924347,91.32962174705084,91.7967001762334,143457300
2010-04-27,89.25788116455078,91.41248030696188,89.08460625132531,90.8926670626192,355853300
2010-04-28,89.93594360351562,90.16195347254333,89.09971513485073,89.68733964478882,300674100
2010-04-29,91.05091094970703,91.23925057921616,90.45575703073786,90.47835686665186,193775000
2010-04-30,89.5064926147461,91.16388422763235,89.48389278667807,91.06594397578107,270000900
2010-05-03,90.66668701171875,90.91529667610493,89.80032365707125,89.93592840603927,182747900
2010-05-04,88.53467559814453,89.67224837811753,88.08266171299245,89.65718373926876,360353400
2010-05-05,88.00733947753906,88.74563333431095,87.36698590398328,87.81146465877603,328973200
2010-05-06,85.08428955078125,88.14292245660285,79.10262271746409,87.5854389153696,647356600
2010-05-07,83.81866455078125,85.70959016244161,82.4249525379777,84.85829716487747,637558800
2010-05-10,87.51012420654297,87.87926825412876,86.56842610212168,87.24644413916972,396159600
2010-05-11,87.26151275634766,88.41415029313664,86.56842434500211,86.68895871113357,317849800
2010-05-12,88.4819107055664,88.60998595681365,87.45734318158705,87.60801825727016,235607100
2010-05-13,87.38204956054688,88.65522724665952,87.30671486115416,88.2408777784959,234452500
2010-05-14,85.79999542236328,86.88483345505254,85.03157231432102,86.72662886656353,345601400
2010-05-17,85.84518432617188,86.27459836898464,84.20286284270638,86.0335239194699,325739800
2010-05-18,84.67745971679688,86.80192953279486,84.3987151238834,86.54578476542392,360556800
2010-05-19,84.19532775878906,84.95621552643577,83.14062495741923,84.2028572036956,394742700
2010-05-20,81.01614379882812,82.78653446914224,80.96340895324998,82.40232016697747,530418300
2010-05-21,82.1989517211914,82.40235600039726,79.3738571631292,79.78820666404616,500909400
2010-05-24,81.14421081542969,82.40985281795406,81.0688761451644,81.75442911654552,269823000
2010-05-25,81.22710418701172,81.26477440688092,78.63554939659659,79.18550356927648,396505200
2010-05-26,80.73741912841797,82.4701457642221,80.49634466799611,81.7243225503652,349719300
2010-05-27,83.44197082519531,83.47210584832675,81.9503187923628,82.25919846870909,300870500
2010-05-28,82.39479064941406,83.41182309760711,82.00304115604068,83.35155306052395,297933500
2010-06-01,81.00859832763672,82.83172361218244,80.888064016325,81.62635176073347,277909400
2010-06-02,83.11802673339844,83.12555617845047,80.99355645212813,81.42297047448059,240243700
2010-06-03,83.404296875,83.66797113100934,82.55300406340766,83.3590972161606,226618300
2010-06-04,80.47371673583984,82.36464728718256,80.20250734410676,81.8222285037164,398475600
2010-06-07,79.47177124023438,81.06889302160566,79.41150694007683,80.76001333725024,264609100
2010-06-08,80.32307434082031,80.48127891443764,78.83895737940787,79.53204572506525,357774300
2010-06-09,79.89364624023438,81.57363195118516,79.55463157264735,80.7901386664739,268023300
2010-06-10,82.22905731201172,82.32699181913287,79.88611260423399,81.25722444226783,317890600
2010-06-11,82.6283187866211,82.6810536250858,81.45308195931273,81.50581679777743,214128200
2010-06-14,82.50025939941406,83.71316658045843,82.41738953628678,83.26114705515798,207196100
2010-06-15,84.37615203857422,84.45148673907481,82.93723454403516,83.08037449835476,238268700
2010-06-16,84.34600830078125,84.69255248544142,83.7734542902838,83.93919406287532,216374000
2010-06-17,84.48160552978516,84.62474545659045,83.66044768113365,84.58707523974648,263185800
2010-06-18,84.57319641113281,84.87596882099803,84.30069662224328,84.64888951359912,174006600
2010-06-21,84.33097839355469,85.68590057446845,83.86167189945809,85.62534955507999,213140700
2010-06-22,82.9382095336914,84.7018873708378,82.81710170743584,84.33098707322378,239355400
2010-06-23,82.68083953857422,83.28639013012618,82.11313261054917,82.99118298955423,254639900
2010-06-24,81.31075286865234,82.37804444627233,81.09880991636216,82.27207297012724,268523600
2010-06-25,81.6513900756836,82.06770498833569,80.8187487003534,81.55298385404657,238726500
2010-06-28,81.39404296875,81.99202836067548,81.09883579457357,81.77251429718277,169218600
2010-06-29,78.88097381591797,81.37888626774662,78.38139479055987,80.25103783358077,373649500
2010-06-30,78.13160705566406,79.38812862326915,77.87424359843556,78.66146450435059,284101700
2010-07-01,77.78343963623047,78.33600461703365,76.5496192413951,78.07864685063545,382924800
2010-07-02,77.35952758789062,78.28299843826687,76.92050529059185,78.04834809186464,233385200
2010-07-06,77.86669158935547,79.00210555130283,77.11731421646009,78.44953488214894,256935300
2010-07-07,80.31916809082031,80.41756853553395,77.98021279327915,78.06347692919564,253769400
2010-07-08,81.11393737792969,81.20476675538934,80.16775952931634,80.99282384130176,210842100
2010-07-09,81.71955108642578,81.72712213208705,80.93990085877203,81.09128712190287,144999900
2010-07-12,81.77252960205078,81.93148689674193,81.1064220183429,81.44704396767887,131283600
2010-07-13,83.00631713867188,83.33179686894054,82.45374657388662,82.62027484752089,213025900
2010-07-14,82.99874877929688,83.32423429509855,82.40076349328852,82.74138531854028,184426800
2010-07-15,83.02146911621094,83.30910524085631,81.8784841110171,82.96848336232853,232337900
2010-07-16,80.73551177978516,82.66571221473737,80.57654872954028,82.5748770110281,282693400
2010-07-19,81.2123794555664,81.46973719040338,80.40245103267617,81.03071483244536,186709000
2010-07-20,82.1131362915039,82.17368731086401,80.09966619117573,80.13751563141284,258162400
2010-07-21,81.04585266113281,82.55973802383261,80.71279603333426,82.5370306673944,264527000
2010-07-22,82.85492706298828,83.21826201147508,81.99958409938137,82.0071493665278,274781300
2010-07-23,83.57404327392578,83.69515109856356,82.45376557720135,82.68841595775936,222020800
2010-07-26,84.44451141357422,84.52777555842555,83.48319688894549,83.71784723806459,184445700
2010-07-27,84.43695068359375,84.99708659950296,84.10389408628966,84.90625140705262,204855600
2010-07-28,83.89196014404297,84.52022396593178,83.6118892683178,84.26286044701942,163056200
2010-07-29,83.48321533203125,84.64133679807072,82.81710780107787,84.41425166648798,220149100
2010-07-30,83.46807098388672,83.91467019057336,82.49161995955053,82.63543514897958,220070600
2010-08-02,85.35284423828125,85.4890941293725,84.42937339588643,84.76999523610787,188263200
2010-08-03,84.94409942626953,85.36041439091953,84.6640285854945,85.14090611911182,146657300
2010-08-04,85.51181030273438,85.61778180951278,84.89868861708591,85.17875369570854,158171700
2010-08-05,85.42098236083984,85.46640284975443,84.83813902406864,84.96681789679528,140473800
2010-08-06,85.07278442382812,85.20903433255312,83.96007779840964,84.58077054370928,239728300
2010-08-09,85.52693939208984,85.67076032843586,85.01978925604607,85.47395364317502,120800400
2010-08-10,85.065185546875,85.51935561069622,84.30067787446794,84.80025685965413,242916300
2010-08-11,82.73384094238281,83.78599085274215,82.59759102287511,83.75571245118326,273406900
2010-08-12,82.22669219970703,82.52189942221929,81.44704205948157,81.48489150852781,239542600
2010-08-13,81.98445892333984,82.4764728149448,81.88605845502457,81.96932261091222,158698500
2010-08-16,81.94660186767578,82.21153060448667,81.12910252979077,81.4243096615248,147895300
2010-08-17,82.95333862304688,83.558895026638,82.41591005799134,82.65056619626517,172270300
2010-08-18,83.1047134399414,83.55130671967677,82.43860615363667,82.91547782479671,182922100
2010-08-19,81.65897369384766,82.87765186250707,81.31835180012902,82.67327988127875,265847600
2010-08-20,81.39404296875,81.70439223007168,80.80362862039713,81.4167503244537,209714200
2010-08-23,81.08368682861328,82.18125119977799,81.04583739167107,81.780072578249,163490300
2010-08-24,79.8801498413086,80.53112092453745,79.45626384293206,80.19806434009098,280677800
2010-08-25,80.19049835205078,80.49327076244978,78.94154194660747,79.44112104377666,272234800
2010-08-26,79.65309143066406,80.6749630305887,79.38815683715221,80.56899150319,224439500
2010-08-27,80.88687896728516,80.97014310732834,78.95667321175794,80.15264379145707,272649000
2010-08-30,79.713623046875,80.92473582215905,79.70605777891441,80.67494337913068,167238600
2010-08-31,79.713623046875,80.22077897590603,79.09293034829811,79.41841589602829,273933100
2010-09-01,82.09801483154297,82.21155740576675,80.73552126590319,80.78850703053892,256828100
2010-09-02,82.86250305175781,82.87763936196734,82.12069680119494,82.2947961311785,156112200
2010-09-03,83.93736267089844,84.01305577428953,83.22583479399223,83.67243392152281,212197300
2010-09-07,82.99118041992188,83.64972251504555,82.9230583626746,83.54375102042978,141973700
2010-09-08,83.57404327392578,83.90709412294038,83.11987305024483,83.15772249388966,149924400
2010-09-09,83.9600830078125,84.535361077569,83.73300366252418,84.5126537205416,147017900
2010-09-10,84.38397216796875,84.48237263696777,83.92223667302495,84.11147234226375,127819000
2010-09-13,85.32257843017578,85.49667200974498,84.87597925320952,85.21660691869516,178503500
2010-09-14,85.26959228515625,85.75403512828869,84.83813519752222,85.15604973051272,209823600
2010-09-15,85.5950698852539,85.69347034343417,84.76243418715109,85.0197918970135,168608400
2010-09-16,85.57237243652344,85.6253581932173,85.04250909457043,85.33015100949228,199962900
2010-09-17,85.60433197021484,86.10659149253425,85.36842536145168,86.02288157214768,195836900
2010-09-20,86.91322326660156,87.10347198379645,85.62714008046648,85.90109869770153,214555200
2010-09-21,86.73821258544922,87.3926629434708,86.38054400678544,86.98173075301781,268389100
2010-09-22,86.31206512451172,87.0882833983014,86.06854691832774,86.60124698593344,191322400
2010-09-23,85.61195373535156,86.50231666077549,85.36843552140829,85.6043421582474,202354300
2010-09-24,87.37745666503906,87.43833766612497,86.48709379640196,86.56319214479343,209671800
2010-09-27,86.95890045166016,87.50681780805745,86.87519633892354,87.40789054323682,128761800
2010-09-28,87.26331329345703,87.54488359179136,86.1294321347503,87.07306450413358,209207500
2010-09-29,87.111083984375,87.44592358617399,86.76863280819055,87.04259142676605,179665800
2010-09-30,86.85236358642578,88.11561816529158,86.44142555978021,87.55248344993203,287106700
2010-10-01,87.21763610839844,87.60574517824725,86.70015928391035,87.50681211393285,174638700
2010-10-04,86.56316375732422,87.40025692697829,86.12939692721702,87.0349826521143,166153200
2010-10-05,88.30586242675781,88.51894010246595,87.26329716383593,87.36223023179414,229634100
2010-10-06,88.29825592041016,88.5265567608799,87.94058731310898,88.29064434414609,148626600
2010-10-07,88.19173431396484,88.67877078329126,87.65903998999305,88.65594185596856,164860000
2010-10-08,88.68636322021484,88.92988140232049,87.97863759629355,88.3134772739131,177760100
2010-10-11,88.77005004882812,89.01356816759004,88.46565094889326,88.82331945587198,103098300
2010-10-12,89.0440444946289,89.30278005984918,88.00909062188326,88.48090390103371,182210000
2010-10-13,89.73651885986328,90.21594937144887,89.32558090961724,89.53866436250553,194347200
2010-10-14,89.38648223876953,89.8050318590693,88.8233474999467,89.65282935808223,217764300
2010-10-15,89.569091796875,90.06373961207552,88.85376058371712,90.01047020464962,243705000
2010-10-18,90.010498046875,90.30728566661226,89.27233188283503,89.599560002793,141204800
2010-10-19,88.8309555053711,89.68326625290786,88.2906439060028,89.18101253467105,280604700
2010-10-20,89.6984634399414,90.13223026437164,88.93746860368276,88.99073800998367,200051800
2010-10-21,89.89632415771484,90.62687855452675,89.19621025317804,90.10179602908927,221585500
2010-10-22,90.06376647949219,90.20074582601185,89.79741936290719,90.03332597960652,108212400
2010-10-25,90.33010864257812,91.13676733048382,90.2616218760398,90.66494831702695,151145700
2010-10-26,90.34532165527344,90.43663733374292,89.69847710708142,89.87350269476842,158982900
2010-10-27,90.08658599853516,90.18551906431861,89.23427531443825,89.71370007424275,190024000
2010-10-28,90.101806640625,90.64211237879844,89.6680397349967,90.60406030749049,168576000
2010-10-29,90.17029571533203,90.34532711953601,89.85067920949633,90.01048746241419,144305500
2010-11-01,90.20075225830078,91.12916725025883,89.68327533520609,90.61169032716413,174074800
2010-11-02,90.91605377197266,91.12913139660257,90.63448359318036,90.87800170789025,158345900
2010-11-03,91.2813491821289,91.33461860062376,90.13985666644109,91.07588308391482,226702800
2010-11-04,93.03926086425781,93.08491871153156,91.29658142015204,92.29348312517357,215039400
2010-11-05,93.38929748535156,93.541494146937,92.9783595319543,93.10011570003655,180654100
2010-11-08,93.21430206298828,93.36650458922675,92.79575817918114,93.10015161979261,156107100
2010-11-09,92.54460906982422,93.56433965631128,92.17172311866882,93.4654123893321,186621600
2010-11-10,92.91749572753906,92.96315937920335,91.82166678843276,92.52178085068181,221387400
2010-11-11,92.56741333007812,92.70439263567128,91.83685896889125,92.11842915425774,158017600
2010-11-12,91.47161102294922,92.34675657138287,91.05306719086842,91.94343008707891,239068800
2010-11-15,91.34220886230469,92.11842684316866,91.3041626042183,91.76075834276368,163940800
2010-11-16,89.91917419433594,90.93129315667554,89.4854014599931,90.77909647531159,299566200
2010-11-17,89.96483612060547,90.3377220710224,89.69087743697177,89.95722454441244,172308900
2010-11-18,91.28897857666016,91.61620672726649,90.82477106519693,90.83238264244795,197723700
2010-11-19,91.54009246826172,91.57813873604202,90.74865694369717,91.24330487229142,156852900
2010-11-22,91.4639892578125,91.50203552356747,90.3833719648001,91.08349176467699,181361000
2010-11-23,90.13987731933594,90.57364434244498,89.78982023103148,90.38339554624044,222309000
2010-11-24,91.47161102294922,91.49444575351247,90.69539855582694,90.71061590360378,140046100
2010-11-26,90.4062271118164,91.17482804128706,90.4062271118164,90.6801858332287,76007800
2010-11-29,90.68016052246094,90.92367867286383,89.5995432869881,90.17790107141897,223642300
2010-11-30,90.17029571533203,90.68777254636981,89.65281888429426,89.78219244650201,233930700
2010-12-01,92.08800506591797,92.26303066172709,91.46398940838567,91.4715951779906,221037200
2010-12-02,93.2675552368164,93.33604781316691,92.17933203913003,92.23260146254412,191213600
2010-12-03,93.5186538696289,93.62519268098472,92.92507883323792,92.94790774910992,151288900
2010-12-06,93.41975402832031,93.63283171351875,93.22189368952255,93.3208209559557,103050500
2010-12-07,93.47301483154297,94.37098914060982,93.41974541515472,94.31771972422158,206581000
2010-12-08,93.8154525756836,93.89155090630852,93.15339071272317,93.58715758380879,138019200
2010-12-09,94.18073272705078,94.37858722556528,93.71652536235133,94.34054096320348,123705100
2010-12-10,94.72865295410156,94.81996863136459,94.15790674748509,94.46991165468482,117571700
2010-12-13,94.78954315185547,95.27657952750813,94.75910265263573,95.16243491284857,133812700
2010-12-14,94.87322998046875,95.29939105988313,94.5840540171659,94.9341109640894,147249600
2010-12-15,94.43946838378906,95.07109556063163,94.27966014734645,94.69820967559887,160823100
2010-12-16,94.98738098144531,95.05587353993961,94.17311668957868,94.5003447212221,185035200
2010-12-17,95.0891342163086,95.21153070750228,94.72193306979912,94.9208339340111,141075300
2010-12-20,95.31863403320312,95.54813548945945,94.84433958375462,95.34923461646827,119085500
2010-12-21,95.92298889160156,95.98419006226048,95.5251929552484,95.61698887477189,94965500
2010-12-22,96.22132110595703,96.25192168613547,95.93827595311836,95.99182550931464,78878100
2010-12-23,96.08363342285156,96.2213331326336,95.84648619240762,96.11423400685476,70053700
2010-12-27,96.12187957763672,96.21367548741891,95.65523091469642,95.72407784703306,58126000
2010-12-28,96.25956726074219,96.35136315906362,96.00711686743115,96.3131168135842,55309100
2010-12-29,96.32844543457031,96.54264371542685,96.31314805870859,96.3743492350863,58033100
2010-12-30,96.17543029785156,96.48907605416635,96.03007899032328,96.23663146275446,76616900
2010-12-31,96.19840240478516,96.29020417421162,95.87710496649113,96.03010207906951,91218900
2011-01-03,97.19286346435547,97.61360827905648,96.16011292721782,96.93276147005466,138725200
2011-01-04,97.13933563232422,97.43768403841908,96.53498721482148,97.40708345363181,137409700
2011-01-05,97.64424133300781,97.70544250925303,96.74154441101965,96.83334617538749,133975300
2011-01-06,97.45299530029297,97.78959594445598,97.16229845808485,97.68249680067058,122519000
2011-01-07,97.2617416381836,97.7436877636269,96.50439605921117,97.58303905514579,156034600
2011-01-10,97.13933563232422,97.27703534563452,96.54263298366973,96.83333562091634,122401700
2011-01-11,97.48355865478516,97.72070583452025,97.1163575617296,97.49121025826598,110287000
2011-01-12,98.36332702636719,98.4704261518251,97.5065281862394,98.080281838999,107929200
2011-01-13,98.2026596069336,98.44746424608071,97.95786664071416,98.40156629447254,129048400
2011-01-14,98.91410827636719,98.93705725110419,97.99611426810544,98.06496119231647,117677900
2011-01-18,99.08243560791016,99.17423153193579,98.7075827965883,98.82232770162034,114401300
2011-01-19,98.11088562011719,99.09772681892028,97.85078938761781,98.9982851258648,151958400
2011-01-20,97.98082733154297,98.22562032703095,97.25407660422506,97.88902558088658,175745700
2011-01-21,98.2026596069336,98.8146595318737,98.09556049553866,98.59281554145835,151462900
2011-01-24,98.7611083984375,98.87585326884378,98.11850210538196,98.14145107946322,113715500
2011-01-25,98.81468963623047,98.89883979745807,98.00379444963608,98.50103797411566,167552200
2011-01-26,99.19715118408203,99.48785375478715,98.8605506649344,99.05945733875447,141281500
2011-01-27,99.44197082519531,99.61027111018775,99.04416909040151,99.22011514364682,123302700
2011-01-28,97.7054214477539,99.71736736874401,97.54477277208886,99.55671285661482,295637300
2011-01-31,98.43983459472656,98.51633898428886,97.72839279810728,97.97319750636186,149249200
2011-02-01,100.01571655273438,100.1916626023549,98.97532011827361,99.0365212818217,167194300
2011-02-02,99.82445526123047,100.09219718743552,99.70205294888858,99.75559666495879,118323600
2011-02-03,100.04634094238281,100.19933806012283,99.12070079265008,99.64853909791333,145886700
2011-02-04,100.3293685913086,100.3676207822653,99.62557263483835,100.08457558045929,134634800
2011-02-07,100.9566421508789,101.28558521593008,100.5435372867142,100.55119472641162,112439100
2011-02-08,101.41566467285156,101.46920839650858,100.77305827846682,101.04845768379495,99072800
2011-02-09,101.1861572265625,101.46155661557027,100.68125640122692,101.14025927388252,146436700
2011-02-10,101.22441101074219,101.33915589425503,100.4441107840704,100.67361222402424,162708500
2011-02-11,101.82874298095703,101.9587910597895,100.80364988456442,100.8265988588921,137710300
2011-02-14,102.07359313964844,102.15774331698842,101.65285392588204,101.76759886183044,101690700
2011-02-15,101.75227355957031,101.91292810795962,101.22443529584756,101.75993100226037,119575400
2011-02-16,102.39485931396484,102.51724996994419,101.88995846191612,102.09651093283215,130183500
2011-02-17,102.70086669921875,102.83856058228949,102.00471649588098,102.09652409085821,109810500
2011-02-18,102.91508483886719,103.03748720718602,102.55553517751332,102.79268247054836,130002400
2011-02-22,100.84956359863281,102.93800229941716,100.57416419072167,101.83640466777261,233116400
2011-02-23,100.22994232177734,101.03319176372149,99.6102964209132,100.78838704228147,227584000
2011-02-24,100.16107177734375,100.55122779658686,99.22012854627722,100.12283125798518,260431400
2011-02-25,101.2320556640625,101.29325682557155,100.52060237533182,100.58180353684087,141686900
2011-02-28,101.85936737060547,101.98942716022134,101.27032796084096,101.60692857952371,141585500
2011-03-01,100.16107177734375,102.27247139320939,100.13047702727086,102.18067547006052,258565500
2011-03-02,100.37528991699219,100.84193868599274,99.71739184385913,100.02338606129867,200277400
2011-03-03,102.10414123535156,102.218886105742,101.27794314976002,101.28558891681045,176480100
2011-03-04,101.33917236328125,102.22657184975584,100.67362858489034,102.02766512210428,277202300
2011-03-07,100.54358673095703,101.86704042754575,100.01574841394628,101.63753890936205,216790400
2011-03-08,101.42330932617188,101.74460668336793,100.26816799390068,100.70421023833515,174615000
2011-03-09,101.27796936035156,101.59162098449374,100.67362676501428,101.22442563128793,153806000
2011-03-10,99.4037094116211,100.35229819579202,99.30425606892155,100.21460434244884,301291800
2011-03-11,100.09223175048828,100.45178137157006,99.05949252491956,99.08244150729234,225621800
2011-03-14,99.48788452148438,99.81682770233293,98.73053311919074,99.44198655884787,234974100
2011-03-15,98.34803771972656,98.93708882948427,96.77214536251968,96.84099230870503,359585400
2011-03-16,96.52730560302734,98.35565349780127,95.83880725050244,98.03434453918472,468670300
2011-03-17,97.80487823486328,98.21797736994506,97.2311304088827,97.91962896735234,254303700
2011-03-18,98.16063690185547,99.02115804382517,97.96855676084783,98.99041865602474,230435400
2011-03-21,99.681884765625,99.88932281564298,99.26698521831311,99.38224030307217,153992600
2011-03-22,99.33615112304688,99.79714810710327,99.24395641569171,99.66653503047003,129538600
2011-03-23,99.62045288085938,99.88167907399418,98.59090607946308,99.05957039580618,148603100
2011-03-24,100.57315826416016,100.7191410487372,99.62812724247918,100.1889979778591,159129800
2011-03-25,100.8804702758789,101.31840680503039,100.56545610004433,100.8343729279302,155642800
2011-03-28,100.63460540771484,101.35682847886217,100.60387774929207,101.0956023495312,109762400
2011-03-29,101.31074523925781,101.34147290196013,100.2197314968922,100.55010369641577,129798800
2011-03-30,102.00990295410156,102.30954744163621,101.69488877592337,101.84087152793956,135835000
2011-03-31,101.87158203125,102.15586850390855,101.76401766213613,101.87927273709617,132537100
2011-04-01,102.3018569946289,102.7782236166781,102.05600056190195,102.50162780258594,153850100
2011-04-04,102.38634490966797,102.70135900311973,102.09439120779862,102.51695793591084,100768900
2011-04-05,102.37104034423828,102.8243466818176,102.1405418209065,102.18663918084448,120791500
2011-04-06,102.69371795654297,102.95494410552514,102.2788183329688,102.86274939968204,120411600
2011-04-07,102.43245697021484,102.93953940353292,101.92536281326065,102.50928195774249,170731500
2011-04-08,102.07904815673828,102.94725395472153,101.656469594727,102.88578691628,147945400
2011-04-11,101.77171325683594,102.53234285938096,101.52584513068652,102.18660106516617,121385400
2011-04-12,101.01107788085938,101.40291704089967,100.64228739354863,101.2031579693643,161187400
2011-04-13,101.0033950805664,101.55657492880687,100.61923491807528,101.47974993049131,162059000
2011-04-14,101.08020782470703,101.23386952634718,100.08907988403716,100.41945195638166,161220400
2011-04-15,101.44901275634766,101.70255987593693,100.96497891316636,101.26462337747404,170006700
2011-04-18,100.31188201904297,101.44131363497759,99.50514347571315,100.33493068682648,210759300
2011-04-19,100.88817596435547,100.91891535355053,100.21974079488731,100.46559729023804,124258800
2011-04-20,102.26345825195312,102.48626602768475,102.0252690607119,102.09442681230574,156133800
2011-04-21,102.78589630126953,102.83199364685346,102.26344408646737,102.79357528432077,135935400
2011-04-25,102.67833709716797,102.84736852192337,102.34027424765715,102.70906475456039,65757100
2011-04-26,103.56188201904297,103.76933177052325,102.8857681666768,102.99333253343757,146600000
2011-04-27,104.238037109375,104.39169885916488,103.33910356328214,103.76168216793434,143031000
2011-04-28,104.57609558105469,104.71438763293907,104.03827361766066,104.05363158544368,124791100
2011-04-29,104.82195281982422,104.92952893695764,104.47621096385416,104.61451474042596,115094100
2011-05-02,104.66061401367188,105.39819509013633,104.45316420682383,105.3136910942188,126278700
2011-05-03,104.28410339355469,104.6375358640526,103.75396054962609,104.4608254906219,138375000
2011-05-04,103.59264373779297,104.28412742702052,103.13164679588179,104.23803007755724,182678500
2011-05-05,102.65528106689453,103.68482750852604,102.2019748800977,103.01639256448196,226900000
2011-05-06,103.10856628417969,104.20727024290937,102.7090365061293,103.67712744049619,222787200
2011-05-09,103.50813293457031,103.80777744394052,102.93957157571718,103.10092403013489,114104500
2011-05-10,104.39167785644531,104.57607895327725,103.72324293134072,103.85385597856589,114806900
2011-05-11,103.29297637939453,104.25337669276493,102.81662157552654,104.23800700513274,193564200
2011-05-12,103.78475189208984,103.99988073015248,102.48628815429879,103.01643126368259,171550700
2011-05-13,102.98566436767578,103.98448326256703,102.61687384715754,103.83850050637625,157444900
2011-05-16,102.33259582519531,103.42360938500904,102.1635643995133,102.61687062127922,141675400
2011-05-17,102.31723022460938,102.45553399825906,101.51049142863107,101.94843970094249,192686200
2011-05-18,103.23155975341797,103.33912417208634,102.14822485734499,102.37104440407099,135217900
2011-05-19,103.47736358642578,103.7462803580367,102.90881411585103,103.56956998666642,119489500
2011-05-20,102.65528106689453,103.47737773416691,102.46320098194963,103.20847264942685,182594900
2011-05-23,101.46439361572266,101.97148791072574,101.1032820774907,101.40292657478538,168700000
2011-05-24,101.3799057006836,101.97919485961236,101.18782554144636,101.75638703329987,147199600
2011-05-25,101.7179183959961,102.14049688224257,100.94191915662473,100.97264680851687,151050100
2011-05-26,102.1866455078125,102.37104668262366,101.2492933855637,101.44137354629268,164850000
2011-05-27,102.57843017578125,102.85502592884524,102.15586342617594,102.47086581201395,120921900
2011-05-31,103.64639282226562,103.66176250925909,102.83197526615398,103.54651916589845,164731200
2011-06-01,101.31840515136719,103.66178466416909,101.23388944029438,103.346770493476,233094300
2011-06-02,101.21080780029297,101.60265857110534,100.61920973911738,101.38752987183514,200466800
2011-06-03,100.204345703125,100.97266610728052,99.94311957938548,99.9968959113841,234690200
2011-06-06,99.14404296875,100.15823135747083,99.01342992904571,99.95078160093483,179951200
2011-06-07,99.08258819580078,99.93542417321024,98.9980724962868,99.65113769831572,161660500
2011-06-08,98.66770935058594,99.25931937112134,98.48330822475114,98.92893548612227,198696400
2011-06-09,99.42064666748047,99.82785550717195,98.69843540037868,98.93661282846563,160964400
2011-06-10,98.03768157958984,99.0595432536047,97.7764554580307,98.99808793858752,238629400
2011-06-13,98.1145248413086,98.52942447373952,97.61512120914435,98.26050761110317,207599800
2011-06-14,99.35917663574219,99.70491839056473,98.97501652513131,99.01342315728344,160570400
2011-06-15,97.59207916259766,99.3438550389072,97.33085297460102,98.52943708595184,300958000
2011-06-16,97.80718231201172,98.32195553658191,97.05422579433579,97.62278120861004,308032800
2011-06-17,98.09902954101562,98.786224144081,97.7670137076677,98.77850120166481,233284900
2011-06-20,98.60093688964844,98.80941515797328,97.736155601429,97.76704148899123,159479000
2011-06-21,99.95215606689453,100.14518843155896,98.63953834352846,99.1105377845801,193157300
2011-06-22,99.34991455078125,100.23014182645747,99.28814276876292,99.64332756992756,176703000
2011-06-23,99.06417846679688,99.32669956651397,97.43498538763075,98.18395165228453,334286500
2011-06-24,97.91374969482422,99.11826994888469,97.76704908111248,99.04106406030475,226129300
2011-06-27,98.78623962402344,99.16457549851717,97.78246902427122,97.97550137877127,168904700
2011-06-28,100.07569122314453,100.09113710991652,99.04104066285299,99.1800182985222,165556300
2011-06-29,100.93280029296875,101.09494094015896,100.09118170618007,100.5312895303183,244295500
2011-06-30,101.89791107177734,102.06005163718962,100.9250323340271,101.25704229866291,223322700
2011-07-01,103.40361022949219,103.54259970499265,101.75125310729898,101.99061143435394,202385700
2011-07-05,103.31866455078125,103.52714285107756,102.99437151796656,103.29550160427758,165936000
2011-07-06,103.44217681884766,103.57343740323738,102.77814506256104,103.07155800517316,143331600
2011-07-07,104.51544952392578,104.77797072613394,104.14483066305772,104.36102598037752,170464200
2011-07-08,103.77423095703125,104.51548068150584,102.99438417148413,103.33412313762813,194100500
2011-07-11,101.89791107177734,102.8321809857479,101.65855285880569,102.5001710211121,195918600
2011-07-12,101.45777893066406,102.52332106785721,101.42689894457844,101.68170301137495,214675700
2011-07-13,101.79756927490234,102.86311195208638,101.55049391573355,101.99060168559434,204062600
2011-07-14,101.09489440917969,102.52333847970199,100.90186206352853,102.0523390850428,226111800
2011-07-15,101.68173217773438,101.82070982762004,100.9713744764326,101.65856923608678,220012800
2011-07-18,100.8478012084961,101.3651263890803,100.09111784692966,101.2107028963586,196872100
2011-07-19,102.48473358154297,102.60827711511628,101.38831123003946,101.41147416986448,166554900
2011-07-20,102.4229736328125,102.80903838345523,102.24538714640997,102.74727839130225,137145400
2011-07-21,103.84371185302734,104.09851602921393,102.43843035680361,103.00208165346714,245246300
2011-07-22,103.91315460205078,104.02125222445231,103.28000296958666,103.86682873270115,126019400
2011-07-25,103.33409118652344,103.84369947816754,102.8167658414039,102.92486349886528,136653800
2011-07-26,102.94803619384766,103.43448158938784,102.71639496826842,103.26461214274721,131278200
2011-07-27,100.84014129638672,102.40756361008505,100.70886888234541,102.37667182498217,249020100
2011-07-28,100.54669189453125,101.7434948266441,100.38453953577647,100.8401048381067,207939900
2011-07-29,99.85951232910156,100.80151128692629,98.80941570964588,99.53521934420868,307038400
2011-08-01,99.43482208251953,101.1180702822961,98.46966034326402,101.02540674373111,325790900
2011-08-02,96.8945083618164,99.21861930390666,96.8945083618164,98.68584817898329,346653800
2011-08-03,97.41959381103516,97.5276914877513,95.38117206312842,97.025811941947,370830800
2011-08-04,92.85629272460938,96.22277772180456,92.7018632943965,96.06834829159169,520721800
2011-08-05,92.71733093261719,94.25386730567547,90.23107248632398,94.01450899629704,655619200
2011-08-08,86.67927551269531,92.74821498775289,86.49396015664105,90.26967953662351,702263900
2011-08-09,90.70977783203125,90.83331549092522,85.14271885608557,88.07681336354582,717828700
2011-08-10,86.70242309570312,89.78321818088388,86.43989599992057,88.99564867529745,662607400
2011-08-11,90.59393310546875,91.82161587735018,86.72556362362504,87.45136705809831,487979700
2011-08-12,91.20394897460938,92.04556739716199,90.55535705800479,91.42014431651715,313731600
2011-08-15,93.13426208496094,93.2269138544733,91.88341017861904,92.03011666818769,258810600
2011-08-16,92.33895111083984,93.18829815427623,91.35062643216452,92.24629935401389,294095200
2011-08-17,92.40071868896484,93.58207566200235,91.66719815655891,92.84855512959643,238201100
2011-08-18,88.41654205322266,92.43161270446507,87.55175497702399,89.95307795860566,512956300
2011-08-19,86.97267150878906,89.47436958604156,86.86457384372069,87.21975272764263,428281300
2011-08-22,87.04217529296875,88.97249935712604,86.79509404839187,88.92616757378683,275090600
2011-08-23,89.90678405761719,90.00715879779305,86.9263629475113,87.36647664040869,331136600
2011-08-24,91.17305755615234,91.29659521937442,89.50525492104768,89.7137331958762,246869700
2011-08-25,89.783203125,92.19224890490766,89.46663314329963,91.67492363549506,312365400
2011-08-26,91.088134765625,91.50508547901097,87.90695852139226,89.3276801252498,314495900
2011-08-29,93.70563507080078,93.75968389928856,91.15760540579294,92.31579963700004,190977200
2011-08-30,93.95271301269531,94.53181010821467,92.0841611316308,93.29640414928276,241315700
2011-08-31,94.36967468261719,95.36572251049083,93.65931690938174,94.55498412544361,301828400
2011-09-01,93.38135528564453,95.28079338612577,93.25781172258169,94.42372906274161,254585900
2011-09-02,90.99545288085938,93.32728707714966,90.67115993145639,91.43556642387203,255517200
2011-09-06,90.33143615722656,90.46270266034229,88.31617752136579,88.32390046646226,285130500
2011-09-07,92.87945556640625,92.91805850575759,91.38924543901913,91.69809840823189,209803200
2011-09-08,91.91429138183594,93.38133853012596,91.70581312929521,92.3235190520111,250568200
2011-09-09,89.5052490234375,91.92973514958736,89.0110866213484,90.86419857462282,380195100
2011-09-12,90.0843276977539,90.15382240085034,88.06135261926404,88.38564552470267,305793500
2011-09-13,90.9105224609375,91.25026131398737,89.73688825448947,90.37775713060431,272514700
2011-09-14,92.16913604736328,93.27328189341246,90.12299090583234,91.3738374076047,319389500
2011-09-15,93.75968933105469,93.79057521924851,92.19226732322338,93.15742923847722,326777200
2011-09-16,94.3145980834961,94.66385748152095,93.38325153147706,94.13609285634831,284528300
2011-09-19,93.37550354003906,93.85670269084204,92.14146886553041,92.77012759244177,241517000
2011-09-20,93.266845703125,94.67939154071637,93.14266890755454,93.77132762827003,218932200
2011-09-21,90.51936340332031,93.60057742776736,90.37190383169857,93.31341526315393,316251300
2011-09-22,87.59336853027344,88.64113490648724,86.38261679965812,87.89605646292726,513911300
2011-09-23,88.12113189697266,88.60233097542509,86.94141993733346,87.01127418613066,307242500
2011-09-26,90.21668243408203,90.34086515808491,87.68652160678441,88.95160202043323,260673700
2011-09-27,91.22561645507812,92.79338434316378,90.68232609759225,91.99397756370608,311753900
2011-09-28,89.3629379272461,91.96295275516145,89.23099823730571,91.41190529597729,286696800
2011-09-29,90.0692138671875,91.29548557693296,88.42382846641537,90.84533805071739,298108900
2011-09-30,87.81845092773438,89.60353296404904,87.75635957307364,88.82740879486245,288392300
2011-10-03,85.31932830810547,88.43934479528014,85.22619127813108,87.30620424336665,365136800
2011-10-04,87.18976593017578,87.37603995058781,83.37900022992707,84.09303287743818,459177500
2011-10-05,88.80410766601562,89.03694723719877,86.59991832326855,87.40708800298553,284108000
2011-10-06,90.41071319580078,90.54265881995043,88.09786622191443,88.75757065723,257800800
2011-10-07,89.80532836914062,91.00056031972379,89.30084646667873,90.93846896405145,312657900
2011-10-10,92.80892944335938,92.84773209895023,91.32652944002344,91.3342923396846,230666300
2011-10-11,92.90206909179688,93.16595441231087,92.16475343287708,92.25789047329813,209088000
2011-10-12,93.71697998046875,94.79579194711509,93.39100929731445,93.60056018752603,281544900
2011-10-13,93.53073120117188,93.81013639345613,92.45191901149127,93.16595187116977,212538800
2011-10-14,95.1295166015625,95.15279937369478,94.08951330394657,94.61727785058399,211397600
2011-10-17,93.31342315673828,95.11403121797187,93.08058350826983,94.67939760225464,202311600
2011-10-18,95.13729095458984,95.85132368561618,92.51398777984147,93.24354630839613,318857900
2011-10-19,94.01192474365234,95.52537052718544,93.68595399200812,94.98208001975387,226601300
2011-10-20,94.42324829101562,94.76473882307847,92.9951770578275,94.24473716635855,262075600
2011-10-21,96.21611785888672,96.3325376729616,95.24596261052554,95.5331247743715,278999400
2011-10-24,97.39580535888672,97.63640784086564,96.2859477307334,96.37132184992647,203215600
2011-10-25,95.5020980834961,96.97672952567306,95.29254120521888,96.93016396221525,268596800
2011-10-26,96.47225952148438,96.83703299373664,94.85015654334599,96.51106218634922,289053800
2011-10-27,99.83285522460938,100.44598810472364,98.26508109392029,99.05672513754453,393220200
2011-10-28,99.8095703125,100.00360134977724,99.18866862466989,99.34389108594874,225906500
2011-10-31,97.403564453125,99.82506760444299,97.26386189275232,98.69193316782376,228146700
2011-11-01,94.6871337890625,95.85908275869386,94.31459164088898,94.71041656306899,416565800
2011-11-02,96.23165893554688,96.54987276935776,95.30031206050444,96.10748211550876,244717600
2011-11-03,97.98568725585938,98.17971831973236,95.92895679453406,97.22508288007967,291174800
2011-11-04,97.38806915283203,97.55881150627776,96.247165608788,97.19403809898394,249401600
2011-11-07,97.99343872070312,98.09433273045396,96.39461891444608,97.31820856553456,196617200
2011-11-08,99.2507553100586,99.35941813995518,97.56656730634397,98.50567682806536,224426300
2011-11-09,95.58745574951172,97.63642308739102,95.3546161296519,96.93014724947844,337982000
2011-11-10,96.4877700805664,96.96896926499672,95.47880614982353,96.8525494389328,231866500
2011-11-11,98.30389404296875,98.5600105288117,97.62866385708273,97.65970953565471,189924400
2011-11-14,97.37256622314453,98.91705211655945,96.9534583378309,97.9391396388535,159258300
2011-11-15,97.85374450683594,98.37374632069913,96.79821507852256,97.14746861407653,184709400
2011-11-16,96.30148315429688,98.0555194189417,96.16178057450279,96.86805045137051,235782500
2011-11-17,94.77251434326172,96.36357111711598,94.08952726681652,96.12296861954614,331219600
2011-11-18,94.67161560058594,95.26922852237621,94.2757906713522,95.07519750705569,215580400
2011-11-21,92.87103271484375,93.40655443303089,92.08714554648974,93.29013460860473,229611600
2011-11-22,92.50621032714844,93.21248000308516,91.98620280947006,92.66919563697999,216494900
2011-11-23,90.46504211425781,92.50625271367237,90.46504211425781,91.63699140825157,224329100
2011-11-25,90.29430389404297,91.34983348208348,90.1856469589234,90.32534957855697,99557000
2011-11-28,92.90982055664062,93.27459985169446,92.21907054227127,92.77788087330205,210686000
2011-11-29,93.17371368408203,93.91102931428745,92.83221713719558,93.17371368408203,199241500
2011-11-30,97.00778198242188,97.18629319040636,93.13492308863337,95.84359544381395,324439500
2011-12-01,96.99222564697266,97.51222735098669,96.57311794002864,96.89908862719952,176954800
2011-12-02,96.9068603515625,98.17970346426814,96.84476899939216,97.88477842349492,221109700
2011-12-05,97.96239471435547,98.707473214823,97.35701880281046,98.4435879151438,225263900
2011-12-06,97.99343872070312,98.65314307661312,97.60537663824343,97.95463014391417,178842100
2011-12-07,98.35822296142578,98.7695678420579,96.99224270464019,97.66746697233528,237802500
2011-12-08,96.20056915283203,97.93132830919828,95.96773550147952,97.71401453272674,240862800
2011-12-09,97.8304443359375,98.07880380895682,96.54983839763041,96.63521252160801,209111400
2011-12-12,96.40242004394531,96.99227630118075,95.58749290042246,96.97675049576519,215826100
2011-12-13,95.5020980834961,97.45792872638506,95.03641876348385,96.90688118048635,245159800
2011-12-14,94.48538208007812,95.48658325903368,94.27583109906845,95.12180384638795,238618800
2011-12-15,94.82685852050781,95.61850262856036,94.67939302218748,95.48656293077794,199109200
2011-12-16,94.9674301147461,96.02965370887021,94.74093189972821,95.46730529925557,220481400
2011-12-19,93.95208740234375,95.53761089795903,93.74901363692683,95.3345371325421,183903000
2011-12-20,96.79509735107422,96.95911640840588,94.01457359245951,95.42826591439822,225418100
2011-12-21,96.98257446289062,97.13097525368987,95.87348949721694,96.79512490955895,194230900
2011-12-22,97.84171295166016,97.9432528316579,97.02942966515707,97.3418435635445,119465400
2011-12-23,98.71648406982422,98.74772665040419,97.95106170181027,98.15412953721066,92187200
2011-12-27,98.7945327758789,99.0522794535992,98.45868266946117,98.54459822870126,86075700
2011-12-28,97.49803924560547,98.82581595589863,97.419935784808,98.81019764730397,119107100
2011-12-29,98.50555419921875,98.60708806548455,97.52143426567439,97.81822969246589,123507200
2011-12-30,98.02134704589844,98.66961714574339,98.02134704589844,98.42748865078062,95599000
2012-01-03,99.58343505859375,100.27075983583927,99.52876203848669,99.78650882995376,193697900
2012-01-04,99.73966217041016,99.8255777849536,98.96642759843267,99.34913881663579,127186500
2012-01-05,100.00518798828125,100.15358872920133,98.7477086133752,99.20071701066986,173895000
2012-01-06,99.74745178222656,100.14578718162495,99.41941366926889,100.13016291401051,148050000
2012-01-09,99.98957824707031,100.11453663199876,99.51313939592251,99.97395397977024,99530200
2012-01-10,100.85650634765625,101.26264181791898,100.71591182501146,101.05957408278762,115282000
2012-01-11,100.91120147705078,101.04397794672857,100.38009559833958,100.5441086829555,111540700
2012-01-12,101.15332794189453,101.30172868377173,100.39571188333896,101.20020074287453,118983700
2012-01-13,100.63003540039062,100.79406042097004,99.75526707149943,100.47382847277785,179836200
2012-01-17,101.02056121826172,101.7859954431112,100.67689881817826,101.59853997456797,132209200
2012-01-18,102.13745880126953,102.19212586149494,100.81748824920366,100.99712561540765,163395200
2012-01-19,102.67636108398438,102.76227666143068,102.16086761930661,102.48890566469561,126328900
2012-01-20,103.05908203125,103.05908203125,102.25460509951287,102.50454569701208,138230200
2012-01-23,102.79350280761719,103.29337195701012,102.30143983071675,102.71539341140992,129295800
2012-01-24,102.67636108398438,102.70759769495494,102.00466072881021,102.16086761930661,103083300
2012-01-25,103.53549194335938,103.77761438090738,102.12180009742788,102.52012940586296,198613200
2012-01-26,103.0044174194336,104.19159953226665,102.59826989776758,103.9963379050189,184880500
2012-01-27,102.95755004882812,103.13718739758717,102.43423843309077,102.50454167201663,135259100
2012-01-30,102.60607147216797,102.66075044590133,101.58290249811469,101.934371027838,147311800
2012-01-31,102.5670166015625,103.23870504895221,102.06713547598913,103.11374668538086,157212000
2012-02-01,103.46522521972656,103.98852491632154,103.19967228434818,103.32463066005243,166234500
2012-02-02,103.62924194335938,103.89480680589271,103.2621610596862,103.66829665118695,113090400
2012-02-03,105.08198547363281,105.1444706205651,104.48058828032804,104.66022562911887,160598500
2012-02-06,105.01168060302734,105.05854147772439,104.52743567406246,104.64458786080505,107694500
2012-02-07,105.27722930908203,105.45687854535635,104.37903079899512,104.79298439941651,135528100
2012-02-08,105.58966064453125,105.61309108220048,104.90233602537552,105.33191391234784,139361400
2012-02-09,105.72245788574219,105.90209524913615,105.09761828344787,105.76151259547761,148602900
2012-02-10,104.94140625,105.0273218401028,104.53525874062098,104.78519933649224,167907500
2012-02-13,105.72245788574219,105.84742818976588,105.23821285493055,105.69122126864833,115841900
2012-02-14,105.58966064453125,105.65214578425648,104.85547515003704,105.44125992741155,165329500
2012-02-15,105.0976333618164,106.0895659258529,104.88674743324862,105.93335898232432,195195100
2012-02-16,106.2613754272461,106.35509719064838,104.917974535304,105.105429979932,186567800
2012-02-17,106.54257202148438,106.71440323087013,106.19110342695006,106.62848762617725,129869400
2012-02-21,106.5894546508789,107.0424632118494,106.26141643455436,106.79252252255753,134042300
2012-02-22,106.24575805664062,106.65190558745067,106.05830259984579,106.42539542076221,124455300
2012-02-23,106.71437072753906,106.79246821485646,105.83178450431664,106.1910710830069,137704300
2012-02-24,106.94866943359375,107.15955528202475,106.71436506624967,106.94866943359375,105539100
2012-02-27,107.12835693359375,107.41734036841046,106.06613305691202,106.23796426621536,145728900
2012-02-28,107.44074249267578,107.56571277883224,106.94867943957377,107.15956530773498,129355900
2012-02-29,107.01898193359375,107.93280479887198,106.64407107771882,107.59694864687849,185934700
2012-03-01,107.57353973388672,107.77661946757807,106.94870010021866,107.24550160772156,145023500
2012-03-02,107.24552917480469,107.64387065154553,107.00340658500494,107.50327603686411,120638300
2012-03-05,106.80811309814453,107.15958165347669,106.44102027520395,107.08148415108302,140765000
2012-03-06,105.24603271484375,105.77713869926771,104.9414250078181,105.71466545695664,202129900
2012-03-07,105.98020935058594,106.15204054675362,105.38660633916136,105.48814620539444,143692200
2012-03-08,107.03461456298828,107.25331856260229,106.40978685377551,106.6284789355649,116968900
2012-03-09,107.44855499267578,107.72972024516255,107.10489268254062,107.23766913548887,122836800
2012-03-12,107.45635986328125,107.59694248782036,107.07364285566644,107.43292942585806,104003500
2012-03-13,109.39336395263672,109.448042924728,107.8547014916913,108.03435075614291,184090500
2012-03-14,109.27621459960938,109.69797445003655,108.94035841986741,109.42461533592628,145163600
2012-03-15,109.90887451171875,109.95573539916393,109.1590645591211,109.4402418016171,165118500
2012-03-16,110.06106567382812,110.20226442849003,109.82572244600449,110.10813192538208,152893500
2012-03-19,110.49254608154297,110.82986225821796,109.91203427812897,109.9904860248262,125291100
2012-03-20,110.17086029052734,110.30421862287524,109.54328251414574,109.86491777042326,121729700
2012-03-21,109.99042510986328,110.33558148203089,109.76292235247061,110.2336086318663,122388400
2012-03-22,109.19812774658203,109.47269679860574,108.83727855997871,109.18243500845303,135216700
2012-03-23,109.55115509033203,109.67667307650365,108.68824586802366,109.29229070267732,120521000
2012-03-26,111.08869934082031,111.08869934082031,110.29638964784532,110.33560353725908,120164000
2012-03-27,110.7435302734375,111.26128288718988,110.67293090884898,111.19068352260136,119868500
2012-03-28,110.19439697265625,110.86120062600581,109.54328605598751,110.68861643266948,148562100
2012-03-29,110.006103515625,110.21007315167913,109.11180917998888,109.54326959850829,164963700
2012-03-30,110.46115112304688,110.64942811694232,109.86495859746034,110.54744324899208,135486800
2012-04-02,111.26914978027344,111.55941163171,110.10813828469067,110.32778878466432,151741100
2012-04-03,110.81415557861328,111.30053480086715,110.16304446709064,111.11225781450555,155806700
2012-04-04,109.71587371826172,110.09241562015045,109.30794634201904,109.99828313719108,146896000
2012-04-05,109.66094970703125,109.98258496799191,109.2451819677604,109.33932641612124,137439400
2012-04-09,108.42935180664062,109.70018829148543,108.1312496306688,108.28030071865471,127555900
2012-04-10,106.60935974121094,108.52346650889373,106.49953453175618,108.21752399898051,235360300
2012-04-11,107.47230529785156,107.89591349716584,107.27618795241753,107.6997961517318,154133000
2012-04-12,108.87648010253906,108.96277219738424,107.49581855506676,107.57427026676261,154321500
2012-04-13,107.58210754394531,108.9000220480726,107.4801227156952,108.62545303511475,169246700
2012-04-16,107.51153564453125,108.28815270400369,107.14283406213498,108.13126121512414,147825300
2012-04-17,109.10400390625,109.3236543772592,108.02143232052401,108.13125755602861,147877600
2012-04-18,108.73527526855469,109.10397674669244,108.55485070586491,108.6176096776809,123884200
2012-04-19,108.03711700439453,109.15890239983048,107.52721672829674,108.75098696697306,198666700
2012-04-20,108.21751403808594,108.90785070257368,108.15475507130986,108.51561613776,143199600
2012-04-23,107.30755615234375,107.40170061313067,106.64076439288601,107.11143881661167,171844900
2012-04-24,107.71548461914062,107.99005367988039,107.3154095595406,107.40170166691148,137484200
2012-04-25,109.19029998779297,109.2373662375701,108.67254730013782,108.76667979969208,150252200
2012-04-26,109.95124053955078,110.07675852385542,108.89220199831796,108.95496099047027,136291600
2012-04-27,110.13166046142578,110.44544343874452,109.66882638036198,110.28071156517083,130725000
2012-04-30,109.72372436523438,109.99045304198744,109.42563415129632,109.91200131881554,115092200
2012-05-01,110.40618896484375,111.12789912345832,109.53542775726714,109.66093372003353,138832200
2012-05-02,110.0767593383789,110.18658458294466,109.40211513031673,109.7629643752954,121081000
2012-05-03,109.2373275756836,110.17868814821468,109.03336990881742,110.09239606414647,143759700
2012-05-04,107.47230529785156,109.27658726985526,107.40954631090634,108.66470210970529,193927300
2012-05-07,107.55074310302734,107.91159226868925,107.04868324250332,107.08789713047214,127765900
2012-05-08,107.11931610107422,107.29190035428867,105.84062694409116,106.90750597757373,213377700
2012-05-09,106.48387145996094,107.1663559485449,105.50328479473013,105.98181156616485,220752500
2012-05-10,106.70352935791016,107.35464038544445,106.46034576317926,107.22127005602471,150600000
2012-05-11,106.38188171386719,107.3703087176505,105.98964706585058,106.03671330840433,153032400
2012-05-14,105.20519256591797,106.38189667545994,105.04830107865634,105.36208405317959,163910000
2012-05-15,104.60111999511719,105.75429067385406,104.4363881667548,105.13456527421691,207629300
2012-05-16,104.20108795166016,105.55037648591318,104.17755482362533,105.0718495991135,207265500
2012-05-17,102.65567016601562,104.35012700890628,102.6007515602485,104.22460902719877,247992900
2012-05-18,101.77704620361328,103.23615950747755,101.62799512885576,103.05572295906003,319615900
2012-05-21,103.52641296386719,103.56563882230357,101.94178164943813,102.10652546685039,177861100
2012-05-22,103.70684051513672,104.51484294782321,103.03219642890751,103.79313261814458,197531200
2012-05-23,103.76177215576172,103.910823258789,101.97318285954081,102.96161000638291,204958400
2012-05-24,103.96571350097656,104.20889706439327,103.09495211484014,104.0441652175858,167357600
2012-05-25,103.62841033935547,104.21676237692928,103.37737439103195,103.92650056542361,135465600
2012-05-29,104.883544921875,105.06396951253915,102.89883851441415,104.45993675900013,152883500
2012-05-30,103.36167907714844,104.8757111738867,103.14988096733552,103.9892569622723,162370400
2012-05-31,103.13419342041016,103.90297008411093,102.24773916416999,103.3224703864413,196186000
2012-06-01,100.53760528564453,103.15773031591264,100.53760528564453,101.51819207571974,253240900
2012-06-04,100.49052429199219,100.9925841760515,99.73742848087733,100.71801512709095,202545800
2012-06-05,101.25145721435547,101.40049632491908,100.23948512494347,100.29439773595549,164149400
2012-06-06,103.52641296386719,103.57347920597029,101.92608891205329,101.95747438682297,184202800
2012-06-07,103.58917999267578,104.75019127828965,103.37736991670188,104.70312503252929,184772700
2012-06-08,104.41285705566406,104.43639017445395,102.99295772505599,103.32244532821494,143915400
2012-06-11,103.08712005615234,105.31501013517516,102.98513521033469,105.25225115082985,169756100
2012-06-12,104.27169036865234,104.3422897548103,102.89102828021274,103.38523595337371,181931800
2012-06-13,103.60486602783203,104.61682615636066,103.25184526736591,103.96571520201525,172223900
2012-06-14,104.70310974121094,105.11887747810987,103.53424627197494,103.81665567534502,230615500
2012-06-15,105.77396392822266,105.86858417016916,104.95389375650998,105.17468234243553,169444500
2012-06-18,105.97899627685547,106.23921401802319,105.09584178470622,105.33240446141122,131360900
2012-06-19,107.00408172607422,107.43777791489823,105.9553298629457,106.51519440344147,137382600
2012-06-20,106.8305892944336,107.31948858527389,105.87646983574108,107.01196078829638,206451800
2012-06-21,104.4334487915039,107.06714956232071,104.34670956697643,106.95675527947432,205272200
2012-06-22,105.23773193359375,105.43486539425514,104.57535436139705,104.9775143216721,130029200
2012-06-25,103.55027770996094,104.16533319050329,103.17966581372741,104.12590408901775,146375700
2012-06-26,104.07072448730469,104.38614533848279,103.24276129706558,103.84993590751762,141634000
2012-06-27,105.00904083251953,105.21405528141912,104.06280271380302,104.4176405043129,108088000
2012-06-28,104.70943450927734,104.86715094991355,103.51875238775473,104.31516747183706,169242100
2012-06-29,107.31951904296875,107.45356842512322,106.33385120470517,106.6098309801721,212250900
2012-07-02,107.64276885986328,107.75316313535124,106.86212792322465,107.61911380312112,129524500
2012-07-03,108.35246276855469,108.43130895145032,107.50872559025883,107.61911987197215,80450000
2012-07-05,107.86353302001953,108.65995985715776,107.46926612070624,107.9502722191513,126177500
2012-07-06,106.83847045898438,107.05925900498507,106.3338092064009,106.82269641082051,151192100
2012-07-09,106.70438385009766,106.90151727101603,106.21548478441304,106.751693945987,103780500
2012-07-10,105.77396392822266,107.42199731319387,105.41123294730181,107.24851884824159,167884800
2012-07-11,105.78971099853516,106.13666783995154,105.17465551859608,105.82914009998201,141733400
2012-07-12,105.27716827392578,105.84491370713762,104.55961149012434,105.17466703742487,143583200
2012-07-13,107.04351043701172,107.15390473628986,105.53740732880004,105.5531813807187,129642600
2012-07-16,106.79114532470703,107.10656611878684,106.37322330061517,106.79903836460466,97525200
2012-07-17,107.52450561523438,107.74529419093112,106.09726088231085,107.21697781108,138860300
2012-07-18,108.3208999633789,108.53380748923254,107.20907628852697,107.27214841345067,113349700
2012-07-19,108.60478210449219,108.95961999041073,108.19475309644459,108.54169794200632,129847300
2012-07-20,107.61125946044922,108.1553499644892,107.49298414743035,107.98975249418619,142904500
2012-07-23,106.5230484008789,107.5402639341783,105.53738096353551,106.03416120222,145210900
2012-07-24,105.60836791992188,106.64923872389896,104.8986920314471,106.60192860227741,173301200
2012-07-25,105.63201141357422,106.10512455616737,105.07214702462171,105.82914489767295,129122300
2012-07-26,107.3746566772461,107.60333823972816,106.6570879608773,107.15386815406679,156526500
2012-07-27,109.35387420654297,109.66141397476068,107.35100341791667,107.942403836048,236768900
2012-07-30,109.35387420654297,109.8743094621959,109.0305844556728,109.22771792838323,106782000
2012-07-31,108.58901977539062,109.50371004861888,108.58901977539062,109.20407531776553,120575900
2012-08-01,108.49441528320312,109.39334376997607,108.34459186339484,109.36968870706706,138293800
2012-08-02,107.74526977539062,108.47861254654936,106.90942578079097,107.67430461329947,199556600
2012-08-03,109.88223266601562,110.1109022630213,107.77683601128027,109.25928398328101,157825000
2012-08-06,110.09513092041016,110.52882709651357,110.04782079793995,110.17398914591111,86326200
2012-08-07,110.64707946777344,111.12019257503692,110.41839790533479,110.53667317413263,109545100
2012-08-08,110.78116607666016,110.90732239515663,110.24495660276455,110.27650470644578,89754700
2012-08-09,110.87579345703125,111.09658206870027,110.51306243381673,110.62345673965125,90291700
2012-08-10,111.05711364746094,111.0965427496065,110.24492467796757,110.42628410934995,99792700
2012-08-13,111.00192260742188,111.05711372480596,110.42628418625564,110.86787328569174,79426900
2012-08-14,111.0177230834961,111.48296739900023,110.68654016823888,111.41199017767043,102379400
2012-08-15,111.14387512207031,111.3331276310337,110.82846630587306,110.89943148470618,71085900
2012-08-16,111.96391296386719,112.09796225927853,111.02555586391756,111.30153546079842,112014200
2012-08-17,112.11376953125,112.20840180250265,111.86144488275166,112.153198641599,90813700
2012-08-20,112.12166595458984,112.14532101509775,111.6485406802808,111.95606849895903,78255700
2012-08-21,111.7825698852539,112.83132149634555,111.53812628268244,112.39762541174775,105581100
2012-08-22,111.82991027832031,112.01126974981075,111.23850971156533,111.49871537271123,133243500
2012-08-23,110.91519165039062,111.5617832522749,110.74171321357625,111.55390224408283,111466400
2012-08-24,111.5854263305664,111.8377629505083,110.56822290759726,110.63918806992882,99481200
2012-08-27,111.60908508300781,112.03490013525172,111.45138070635448,111.88507676620561,68785900
2012-08-28,111.49874114990234,111.84569815440969,111.15967718863806,111.32526264764867,75689600
2012-08-29,111.5854263305664,111.88507305872935,111.27789859505738,111.59331936998477,65421300
2012-08-30,110.78116607666016,111.13600403457905,110.54460342735551,111.1044559308978,96589900
2012-08-31,111.30946350097656,111.82989883416006,110.67863388791238,111.4119647402467,151970400
2012-09-04,111.20695495605469,111.54603085071837,110.49727913124177,111.21483596492608,120226200
2012-09-05,111.11235046386719,111.55392766472075,110.89156186344042,111.25428083610885,100660300
2012-09-06,113.36751556396484,113.37539657095938,111.77467380982881,111.78255481682336,158272500
2012-09-07,113.80912780761719,113.85643792836488,113.45428986993407,113.55679112086223,107272100
2012-09-10,113.16249084472656,113.89583359721564,113.12307377706091,113.6987001305996,86458500
2012-09-11,113.47795104980469,113.84067001648086,113.20195928779256,113.23350739137595,88760000
2012-09-12,113.85639953613281,113.9825678369665,113.47001362685641,113.85639953613281,87640900
2012-09-13,115.5912094116211,115.9460473458479,113.54102799604654,113.8406627685551,225470200
2012-09-14,116.103759765625,116.78978055015895,115.7252547522977,115.81988702166699,169777000
2012-09-17,115.70954895019531,116.06438704451782,115.4177830233286,115.86725343299634,119427800
2012-09-18,115.61485290527344,115.76467629257658,115.3230991713089,115.51235166559825,98326600
2012-09-19,115.67790985107422,116.04852171180637,115.44924033567862,115.74887500770684,128318300
2012-09-20,115.68583679199219,115.74890892832381,114.834218566617,115.14962737657454,154009800
2012-09-21,115.63748168945312,116.2716788605357,115.58991901847529,116.2478975250468,108737500
2012-09-24,115.46306610107422,115.72467286268949,114.97949216529517,115.06669441916692,95682000
2012-09-25,114.23432159423828,115.9307918796938,114.20260508630253,115.70882470935783,133165200
2012-09-26,113.59217071533203,114.24222596220804,113.32264092354023,114.21052155576848,146502200
2012-09-27,114.66241455078125,114.92402134637432,113.76661056250546,114.06785695069846,111830300
2012-09-28,114.13124084472656,114.59895643524096,113.72694616253126,114.22636615905454,150696100
2012-10-01,114.43253326416016,115.49480669004114,114.16299127107325,114.56729821255047,135911200
2012-10-02,114.55145263671875,115.06673114915672,114.02031586497739,114.88440350424435,113422200
2012-10-03,115.01912689208984,115.28865672128369,114.2581000689186,114.86058064528777,121283100
2012-10-04,115.84355926513672,116.0100285511059,115.29656456149434,115.45511077070798,124311600
2012-10-05,115.8514633178711,116.66006457727038,115.50265445709893,116.46187882422241,124842100
2012-10-08,115.45511627197266,115.83562961147636,115.19350957096981,115.42341186713942,78415400
2012-10-09,114.31359100341797,115.46306646531451,114.27395141584144,115.36794113217388,148872900
2012-10-10,113.58428192138672,114.40874189328426,113.43365872865706,114.29774619648958,124247500
2012-10-11,113.64772033691406,114.54352445490002,113.62393899717169,114.37704298039638,123601500
2012-10-12,113.27508544921875,114.11539138062439,113.02933697074755,113.72695491967406,124181900
2012-10-15,114.21844482421875,114.33735146894283,113.17995313928978,113.54460824731136,107689100
2012-10-16,115.37581634521484,115.45509548747738,114.67821069775948,114.75747774372323,108815500
2012-10-17,115.89909362792969,115.99423107041919,115.28075468512243,115.45515921733016,128834100
2012-10-18,115.59783935546875,116.15275727281808,115.20939076517254,115.59783935546875,148108500
2012-10-19,113.67147827148438,115.39173003771903,113.40194841236291,115.38380695820531,185645200
2012-10-22,113.68736267089844,113.89347165239418,112.79155853135686,113.4812415930953,125578600
2012-10-23,112.1097640991211,112.61711936376587,111.64204842158838,112.4585731116213,192056300
2012-10-24,111.79265594482422,112.6488201021136,111.61825146298924,112.5140431055395,120179400
2012-10-25,112.11764526367188,112.79148170375706,111.43589784394689,112.58537286265177,134457400
2012-10-26,112.0542984008789,112.44273497367935,111.29325931960895,112.01465880667527,146023500
2012-10-31,112.0542984008789,112.59335817386966,111.5231496119007,112.45067015030358,103438500
2012-11-01,113.22755432128906,113.37024234350558,112.18906228302752,112.29211071141533,100995600
2012-11-02,112.2207260131836,113.9330542367887,112.10181937111436,113.90133773470268,137702200
2012-11-05,112.4506607055664,112.70433231381327,111.72132610313271,112.054288989433,98378500
2012-11-06,113.33059692382812,113.77453127337205,112.67261847850273,112.7915251448792,107068100
2012-11-07,110.76211547851562,112.31588586205109,110.23890189992908,112.30003970243699,264304500
2012-11-08,109.43028259277344,111.30909248704322,109.3430803437035,110.7462394073549,181517300
2012-11-09,109.52542114257812,110.54013163511212,109.04184722845622,109.09733297136032,201055300
2012-11-12,109.6126708984375,110.0407471588794,109.36692229556265,109.86634258336014,97677500
2012-11-13,109.23209381103516,110.38950434956904,108.89121999880221,109.03390798635012,123018300
2012-11-14,107.75760650634766,109.73946504222226,107.51185798330793,109.56507261966547,191505000
2012-11-15,107.57527160644531,108.20154563520448,107.16304167199783,107.7972387796931,178128400
2012-11-16,108.10639190673828,108.32043596877753,106.78251214579531,107.73380161575591,239483900
2012-11-19,110.2944107055664,110.31025686675487,108.13814734592259,109.31932745869452,151495800
2012-11-20,110.34194946289062,110.52427704748479,109.46200385542684,110.11998229130549,119807400
2012-11-21,110.54801940917969,110.64315680368021,110.21506876917631,110.4370358625119,81710800
2012-11-23,112.0542984008789,112.0939258987767,111.01579425648934,111.08715036457822,65409200
2012-11-26,111.81644439697266,112.06219288349325,111.1346846780916,111.49933982057289,100124400
2012-11-27,111.24569702148438,112.08600319769891,111.17435300945994,111.7054897039294,128646200
2012-11-28,112.1414794921875,112.20488831537185,110.19132553092138,110.79380612160102,177086500
2012-11-29,112.66468048095703,112.97384990209498,112.07012297136069,112.56163207144671,151085900
2012-11-30,112.68848419189453,112.90252832482017,112.3000476167881,112.6805611115291,136568300
2012-12-03,112.1335678100586,113.29890174515155,112.04636553953101,113.20377639414187,124656300
2012-12-04,111.9749984741211,112.46649548156203,111.67375212953286,112.12562164641521,127512200
2012-12-05,112.17317962646484,112.69639312006144,111.27737580527396,112.0701191241889,147300500
2012-12-06,112.5537109375,112.60127360879261,111.90366760265916,112.07013695218333,103220600
2012-12-07,112.8945541381836,113.1165212509923,112.30791985644603,112.98967944473006,108726400
2012-12-10,112.94218444824219,113.2117143757831,112.68850068375122,112.73607546182403,98840700
2012-12-11,113.71114349365234,114.24228025210678,113.35441129424949,113.4098970559619,152570400
2012-12-12,113.76658630371094,114.59104610728801,113.6080400634239,114.15503487427155,145880100
2012-12-13,113.06897735595703,114.02026686814273,112.78358929267108,113.69523922178603,135715000
2012-12-14,112.64883422851562,113.02934764737188,112.47442972480995,112.82323873222131,137701700
2012-12-17,113.97270965576172,114.03613057244642,112.91042442167146,112.94214092816533,143238200
2012-12-18,115.24109649658203,115.34415700252168,113.98856055661335,114.15504198187713,177762800
2012-12-19,114.38494873046875,115.40759456967218,114.34532123444039,115.36795497733856,150895400
2012-12-20,115.04296112060547,115.05881938146821,114.13923379236972,114.45633852808066,168487000
2012-12-21,113.99864959716797,115.03652759521239,113.3200459622857,113.50366668912496,245883800
2012-12-24,113.64739227294922,113.81504229223954,113.51965080352049,113.75117155752517,53874600
2012-12-26,113.16836547851562,113.9348020969054,112.849023993743,113.87891063691697,106947700
2012-12-27,113.01666259765625,113.43181623161793,111.7073431509422,113.20028332375456,167920600
2012-12-28,111.79517364501953,112.90490173533493,111.66743218000995,112.28217732103401,148806700
2012-12-31,113.69529724121094,113.81504726021677,111.40397869341966,111.4997908907219,243935200
2013-01-02,116.60932159423828,116.68117160165171,115.54749348366224,115.85087642442593,192059000
2013-01-03,116.34585571289062,116.85680938630999,116.03449350849596,116.55343863721808,144761800
2013-01-04,116.85681915283203,117.04843136466482,116.29796542927494,116.53747764854155,116817700
2013-01-07,116.53743743896484,116.64920814511139,116.10631315661873,116.44163745715163,110002500
2013-01-08,116.20213317871094,116.48954532568021,115.74705887013704,116.32987461782932,121265100
2013-01-09,116.49750518798828,116.81685873257753,116.27396379782186,116.45758447215312,90745600
2013-01-10,117.42364501953125,117.43162429209202,116.53745848146538,117.14421211266267,130735400
2013-01-11,117.41566467285156,117.47952321694457,117.04841104279211,117.39170249119744,113917300
2013-01-14,117.33586120605469,117.41570268516202,116.90473671023403,117.27199045918869,89567200
2013-01-15,117.41566467285156,117.52743539815742,116.72107813936233,116.7929281380385,93172600
2013-01-16,117.39973449707031,117.58335528447718,117.0484514727444,117.17619296924467,104849500
2013-01-17,118.15817260742188,118.49348487864512,117.47955660812077,117.91866036166273,133833500
2013-01-18,118.42159271240234,118.54933415562292,117.70305623085751,118.13418055620332,169906000
2013-01-22,119.06027221679688,119.06027221679688,118.14214441826124,118.42157726609663,111797300
2013-01-23,119.251953125,119.35574462729612,118.84479075630948,119.06035303719327,104596100
2013-01-24,119.2838134765625,119.86661698414677,118.9644599105559,119.07623061313498,146426400
2013-01-25,119.95447540283203,119.95447540283205,119.25190951884066,119.65908392074329,147211600
2013-01-28,119.81078338623047,120.01835414667451,119.36368822342416,119.98641268685384,113357700
2013-01-29,120.28178405761719,120.43347549577022,119.49139759770658,119.57123904371163,105694400
2013-01-30,119.81078338623047,120.50535786111028,119.69900045895572,120.26584564084558,137447700
2013-01-31,119.51534271240234,120.05823772244983,119.43551345175294,119.66703414435817,108975800
2013-02-01,120.7448501586914,120.88855015788145,120.06623434359474,120.27380506978999,131173000
2013-02-04,119.38763427734375,120.76881608959866,119.29981353888878,120.01037090226797,159073600
2013-02-05,120.5931167602539,120.93640809364615,119.98635115579678,120.03426332095759,113912400
2013-02-06,120.68098449707031,120.76081377260586,120.08221011112148,120.17003084167783,138762800
2013-02-07,120.52132415771484,120.8326863779764,119.64311677641447,120.72091563691065,162490000
2013-02-08,121.19198608398438,121.26383611501191,120.72893224719427,120.72893224719427,103133700
2013-02-11,121.1679916381836,121.27177091757564,120.86460870896899,121.14404163662417,73775000
2013-02-12,121.36753845214844,121.59107983918827,121.04020564180726,121.17592632807488,65392700
2013-02-13,121.47137451171875,121.83862820912003,121.12808300036544,121.61508671751842,82322600
2013-02-14,121.58314514160156,121.72685734726423,120.96841213133206,121.10413288095381,80834300
2013-02-15,121.43937683105469,121.82258886050718,120.99229409967832,121.69484745665943,215226500
2013-02-19,122.34954071044922,122.37349070633077,121.47932504117034,121.64697501234116,95105400
2013-02-20,120.82463836669922,122.30161949424203,120.76076766140149,122.26169878066952,160574800
2013-02-21,120.09017181396484,120.88853754508979,119.70695967401126,120.52129613074511,183257000
2013-02-22,121.26380157470703,121.26380157470703,120.14609413675011,120.67300639630271,106356600
2013-02-25,118.95650482177734,122.03819731316895,118.95650482177734,121.85457658919587,245824800
2013-02-26,119.7708511352539,119.91455114433589,118.74095234178075,119.53133893802087,186596200
2013-02-27,121.27975463867188,121.615066821217,119.56326081643192,119.66705227130147,150781900
2013-02-28,121.04026794433594,122.04620470379665,120.88059718313399,121.27178872076404,126866000
2013-03-01,121.43937683105469,121.6229974852791,120.08215791592193,120.62504060913872,170634800
2013-03-04,122.08611297607422,122.08611297607422,120.968405579667,121.16000560070998,99010200
2013-03-05,123.17981719970703,123.50715000382597,122.66088445724857,122.67685517947409,121431900
2013-03-06,123.3475112915039,123.68282345258088,123.07606985378847,123.61895272921933,94469900
2013-03-07,123.57103729248047,123.73070798988665,123.36346660406178,123.50716657709934,86101400
2013-03-08,124.09798431396484,124.26563431325106,123.47525995242486,124.11395504126205,123477800
2013-03-11,124.56903076171875,124.5770100351869,123.8505063224851,124.00219779305812,83746800
2013-03-12,124.28960418701172,124.62492860339356,123.91438340124635,124.48121639893026,105755800
2013-03-13,124.46524047851562,124.64088195325847,123.93033678074309,124.35346973841534,92550900
2013-03-14,125.12791442871094,125.18380590266628,124.47326056670437,124.79260213127833,126329900
2013-03-15,124.96266174316406,125.13105737212858,124.54566169669684,124.97870350087169,138601100
2013-03-18,124.2730484008789,124.81033119252876,123.65556903411978,123.76783689750512,126704300
2013-03-19,123.98431396484375,124.70603394018596,123.16635568618754,124.5376383228678,167567300
2013-03-20,124.85037994384766,125.05887382561761,124.50554949122963,124.7140556092741,113759300
2013-03-21,123.78386688232422,124.81031931740795,123.57537293766848,124.10462867968354,128605000
2013-03-22,124.77822875976562,124.77822875976562,124.0805529920362,124.17679130540225,111163600
2013-03-25,124.2569808959961,125.31551673399815,123.77583825385804,125.1070105764225,151322300
2013-03-26,125.25135803222656,125.28342931285917,124.63387881262972,124.77020316880213,86856600
2013-03-27,125.25135803222656,125.29145631022467,124.2970753027432,124.50556921754634,99950600
2013-03-28,125.63627624511719,125.78062760056687,124.89851441803161,125.17116313398736,102932800
2013-04-01,125.13912200927734,125.82877096283195,124.83438970255241,125.57215170742579,99194100
2013-04-02,125.75662994384766,126.06937708472074,125.39575750444749,125.58822198970876,101504300
2013-04-03,124.48147583007812,125.92492775656494,124.15269941493148,125.8287017068901,154167400
2013-04-04,124.98677062988281,125.23536291526747,124.36929118031766,124.64193999420527,131885000
2013-04-05,124.42537689208984,124.5777429969133,123.3107133586098,123.45505246658423,159666000
2013-04-08,125.26744842529297,125.2754631894937,124.09664432908072,124.51364455686222,86571200
2013-04-09,125.70039367675781,126.15749189081161,125.08291463254011,125.49991457998468,101922200
2013-04-10,127.24010467529297,127.40048554705663,126.00515850280894,126.0372297826512,135711100
2013-04-11,127.65705108642578,128.07405096679918,127.13579817689129,127.26410771489402,110142500
2013-04-12,127.3443832397461,127.53683542987663,126.63869257919114,127.24814490840221,116359900
2013-04-15,124.39327239990234,126.80704867947799,124.37724288145883,126.70279562822695,217259000
2013-04-16,126.22969818115234,126.2938529791514,125.02682325029237,125.33154324544218,147507800
2013-04-17,124.38529968261719,125.35562427245736,123.71970735403352,125.33155551410964,226834800
2013-04-18,123.607421875,124.62585936371634,123.13429402673786,124.59377584801409,167583200
2013-04-19,124.68199920654297,124.73813924630726,123.59139205655373,123.89612430378338,149687600
2013-04-22,125.23532104492188,125.532026288114,124.09660087679659,124.92257404266405,106553500
2013-04-23,126.52635955810547,126.64664211498804,125.23527375705245,125.86076752538648,166141300
2013-04-24,126.60663604736328,126.94343965562062,126.3339750191054,126.56653775765359,96781200
2013-04-25,127.11983489990234,127.72127240687502,126.78303136435093,126.97548353536465,131060600
2013-04-26,126.89531707763672,127.18400761108515,126.48633168408861,126.96748665192904,95918800
2013-04-29,127.74532318115234,128.02598666334646,127.03963262244375,127.24011178241534,88572800
2013-04-30,128.05010986328125,128.08219339789864,127.19206497465638,127.7213331692941,116010700
2013-05-01,126.92738342285156,127.83355327461173,126.78304427988728,127.76939846564584,138874200
2013-05-02,128.106201171875,128.21846902773882,127.1278617552282,127.24814437355421,96407600
2013-05-03,129.40528869628906,129.81427402786017,128.13024413189305,129.22085128895387,144202300
2013-05-06,129.73403930664062,129.9184766597254,129.4453489018553,129.50148892547057,66882100
2013-05-07,130.39166259765625,130.43174864433593,129.6458736907331,130.0147607631545,90359200
2013-05-08,130.98509216308594,131.0251904518687,130.17516056930504,130.24733014734616,97419200
2013-05-09,130.61622619628906,131.27379167938435,130.28743733660113,130.92897329211206,106738600
2013-05-10,131.0412139892578,131.15348184046735,130.31948160038678,130.70441043562923,103203000
2013-05-13,131.14547729492188,131.36199827228063,130.56810841576544,130.87282850048797,81843200
2013-05-14,132.50071716308594,132.59695550536688,131.24972883995372,131.24972883995372,119000900
2013-05-15,133.21437072753906,133.479004652142,132.24405857360344,132.28415684756303,120718500
2013-05-16,132.58889770507812,133.40685612491313,132.38841853996112,132.94174299348842,109913600
2013-05-17,133.8719940185547,133.95217835766684,132.90166929594608,133.078091972784,129801000
2013-05-20,133.8639678955078,134.3852211664063,133.607360877878,133.74368526791253,85071200
2013-05-21,134.0563507080078,134.56156190884013,133.51906823810504,133.9841811753952,95804200
2013-05-22,133.0620574951172,135.58008815942446,132.45260509212594,134.19276319413157,244031800
2013-05-23,132.67710876464844,133.04599581169578,131.46621901479753,131.64264165865356,211064400
2013-05-24,132.56480407714844,132.62094410107974,131.49825374891725,131.8911972076152,151573900
2013-05-28,133.35877990722656,134.54561346628003,132.96583623003457,133.95219056861302,143679800
2013-05-29,132.49267578125,132.9577889272777,131.78698518227316,132.6530566711236,160363400
2013-05-30,132.98184204101562,133.59129430142784,132.49267238585674,132.59692546792778,107793800
2013-05-31,131.07333374023438,133.36681689408593,130.81672665813346,132.61301294168763,176850100
2013-06-03,131.7949676513672,131.88317894643572,130.43972695271106,131.37796768956375,168390700
2013-06-04,131.1614990234375,132.39645764581397,130.49590666602546,131.8671896647955,157631500
2013-06-05,129.32513427734375,131.04925061635345,129.21286640740286,130.78461658657557,211737800
2013-06-06,130.4958953857422,130.50392238360448,128.50714548397312,129.26896386797992,200225500
2013-06-07,132.1559295654297,132.27621222593916,130.82474435313827,131.3941108308764,188337800
2013-06-10,132.1559295654297,132.6370724437504,131.81109887816444,132.56490284744473,105667100
2013-06-11,130.79257202148438,131.94732137920627,130.50388162298555,130.9529528570341,159505400
2013-06-12,129.71002197265625,131.8270815018006,129.58973936611062,131.6907571356231,177361500
2013-06-13,131.68276977539062,131.91532027519528,129.34918883259945,129.63787938465896,163587800
2013-06-14,130.85678100585938,132.05164147447022,130.64027227426357,131.53841519836965,141197500
2013-06-17,131.86720275878906,132.49269689436474,130.88886326749798,131.74690789500636,136295600
2013-06-18,132.90968322753906,133.1101624100274,131.93134383809362,131.939358600333,114695600
2013-06-19,131.07333374023438,133.03001321591952,131.0172059120146,132.79746266538174,206149500
2013-06-20,127.82550811767578,131.08931473111127,127.48870459565813,129.7982284452385,321255900
2013-06-21,128.2359161376953,128.79215637414566,126.94605482466957,128.6954210810289,271956800
2013-06-24,126.61544036865234,127.71987522005928,125.5432464927593,126.89760118373714,222329000
2013-06-25,127.8327865600586,129.0662102742362,126.90569525591553,127.76022281726479,162262200
2013-06-26,129.0984649658203,129.38868306473552,128.38098304086685,128.88079831637748,134848000
2013-06-27,129.85630798339844,130.4528710585001,129.7515032037241,129.87243463435536,129483700
2013-06-28,129.3241729736328,130.11420625145527,128.87272538630572,129.49347196939257,160402900
2013-07-01,130.08192443847656,130.9848193297406,129.85620071566055,130.0013035513193,131954800
2013-07-02,129.9611358642578,130.83984783163322,129.38875651333325,129.8885720725683,154863700
2013-07-03,130.01744079589844,130.4124634935629,129.16291344680752,129.3725105490871,75216400
2013-07-05,131.42013549804688,131.46850310369828,130.03354006461885,130.97674527787765,122416900
2013-07-08,132.16993713378906,132.5246495223336,131.46858182981993,132.09738568186663,108092500
2013-07-09,133.1212158203125,133.28244537353177,132.42791767054587,133.00028442962824,119298000
2013-07-10,133.16958618164062,133.62103386030455,132.71813850297673,132.99222997916172,121410100
2013-07-11,134.98345947265625,135.1205052240518,133.161529634159,134.71742514311387,135592200
2013-07-12,135.03985595703125,135.37844167786284,134.7335235244838,134.94312069422944,104212700
2013-07-15,135.55580139160156,135.7492842232707,135.17690520105714,135.4106984936189,69450600
2013-07-16,135.0478973388672,135.7250686396748,134.6851278777933,135.6444477367594,88702100
2013-07-17,135.39454650878906,135.82181025202823,135.21719035487584,135.563845492442,92873900
2013-07-18,136.13621520996094,136.45868654307415,135.59608956564784,135.68476764462605,103620100
2013-07-19,136.37808227539062,136.42644990600354,135.6847842008805,135.85408320905074,103831700
2013-07-22,136.64407348632812,136.8375562488357,136.2490507924248,136.57152206327075,79428600
2013-07-23,136.35389709472656,136.91014944325516,136.2813456495337,136.8859656281909,80829700
2013-07-24,135.85409545898438,136.93434697682886,135.57999169242026,136.87790986867483,112914000
2013-07-25,136.18460083007812,136.30553220885926,135.38651031483852,135.61223412733307,111088600
2013-07-26,136.32972717285156,136.37003763574168,135.0479356397186,135.6122452171017,107814600
2013-07-29,135.91049194335938,136.28938807306636,135.5235386431778,135.98304338070147,79695000
2013-07-30,135.91049194335938,136.46674423169617,135.58803291004534,136.32164135701194,85209600
2013-07-31,136.00718688964844,136.92620831026258,135.829830799616,136.19260014703914,142388700
2013-08-01,137.57925415039062,137.7001732173226,136.96656474187097,137.03912848305424,110438400
2013-08-02,137.8130340576172,137.8291607000926,137.08749505953577,137.27290839441898,91116700
2013-08-05,137.6114959716797,137.82110542366902,137.329347380114,137.50670354670922,54072700
2013-08-06,136.8295135498047,137.64374290460222,136.5231811588432,137.3454553830817,87495000
2013-08-07,136.3861541748047,136.58769419147228,135.87828169750028,136.3942236481283,84854700
2013-08-08,136.88595581054688,137.19228821306564,136.1845883209106,137.03105869052564,102181300
2013-08-09,136.4909210205078,137.12779418491232,136.01528966548668,136.70858762235696,91757700
2013-08-12,136.32972717285156,136.49095672338584,135.7412337779396,135.80572805835857,68593300
2013-08-13,136.73280334472656,136.96658434125627,135.7654137677687,136.57157379873792,80806000
2013-08-14,136.03147888183594,136.88600674015396,135.9992255847134,136.66834003817698,79829200
2013-08-15,134.12889099121094,134.9753490636482,133.89509772659514,134.95923472203782,152931800
2013-08-16,133.68551635742188,134.33044682766763,133.41948207715703,133.8709297160214,130868200
2013-08-19,132.8309783935547,133.9918506896117,132.82290892139966,133.53233361366222,96437600
2013-08-20,133.48391723632812,133.9837322864211,132.9034813002756,133.04858413377863,89294400
2013-08-21,132.66165161132812,133.84670747364186,132.36337642864441,133.1130991205863,159530500
2013-08-22,133.87095642089844,134.06443929087624,132.92775049418424,132.9358076675478,101471400
2013-08-23,134.32237243652344,134.4916714454113,133.63714383156102,134.26594763424424,90888900
2013-08-26,133.82257080078125,134.87058134557097,133.73389270158304,134.45943183973094,89702100
2013-08-27,131.6701202392578,133.82256606061569,131.57338497120494,132.50046409278076,158619400
2013-08-28,132.13766479492188,132.60523898697872,131.44436682753044,131.61365350851977,108113000
2013-08-29,132.3472900390625,133.04864532560208,131.72654337453594,131.84747475909415,119200500
2013-08-30,131.9280548095703,132.6374794153898,131.5411015250429,132.62135277406944,134928900
2013-09-03,132.52462768554688,133.48395995075634,131.96837537707924,133.20179906062742,142375100
2013-09-04,133.6210479736328,133.84677183680617,132.31507243655432,132.55691064636295,97389400
2013-09-05,133.7903289794922,134.14502907305513,133.60490330894018,133.70165088084488,63090500
2013-09-06,133.85476684570312,134.6125590205799,132.59715953464047,134.23366293314152,159756500
2013-09-09,135.13662719726562,135.21723583004828,134.1853518426218,134.1853518426218,87559300
2013-09-10,136.13621520996094,136.16039902231648,135.64445719035893,135.95080188156058,105847200
2013-09-11,136.5634307861328,136.5634307861328,135.71697305025478,135.95075392089305,94545900
2013-09-12,136.2007293701172,136.69248746154557,136.0153160146353,136.5151312776845,83209000
2013-09-13,136.5070037841797,136.6118084663869,136.03137258204077,136.34577432764334,72727800
2013-09-16,137.29710388183594,138.04683905789162,137.07943724349397,137.9823447835301,106299200
2013-09-17,137.9098358154297,137.9420768120285,137.4180775853534,137.4180775853534,82523300
2013-09-18,139.50596618652344,139.8848623046785,137.51475034890788,137.86139318410073,203460600
2013-09-19,139.2721710205078,139.9493546421324,139.1351253223639,139.88486037811944,146616900
2013-09-20,138.29849243164062,139.60273713427387,138.18508038623713,139.60273713427387,132867100
2013-09-23,137.65846252441406,138.24172778263602,137.22101976123818,138.11212289490538,104616500
2013-09-24,137.33447265625,138.1445621604388,137.07525044262172,137.6342018172847,106333100
2013-09-25,136.93748474121094,137.69897063265253,136.81597629512189,137.42354324752978,117306500
2013-09-26,137.464111328125,137.8529508895496,136.94565445922996,137.16438212046302,77146900
2013-09-27,136.83218383789062,137.01850091201436,136.4757425754059,136.77547165477645,99141800
2013-09-30,136.1031036376953,136.53244999294182,135.40642632071345,135.6737572824488,143937000
2013-10-01,137.18052673339844,137.31014399525097,136.07070828611933,136.20842199146927,127160000
2013-10-02,137.05091857910156,137.18053584956766,135.95730530712487,136.37855525564808,113350000
2013-10-03,135.78721618652344,136.85654040274343,135.15534728093397,136.73501954490766,176698000
2013-10-04,136.8159942626953,136.95370797334215,135.7142722165377,135.8924928681943,96878000
2013-10-07,135.63328552246094,136.4595803129572,135.48747533877741,135.6251890770292,96295000
2013-10-08,134.05361938476562,135.78721058050084,133.95641259129937,135.6089898851554,178015000
2013-10-09,134.15078735351562,134.63683349638023,133.28398590588617,134.3128027344705,168973000
2013-10-10,137.0428466796875,137.1157517720134,135.47127098651794,135.51987438140185,195955000
2013-10-11,137.92581176757812,137.97442751303237,136.71878651659537,136.83219853402292,105040000
2013-10-14,138.47671508789062,138.59012713490094,136.9699479713332,137.07526357248065,112106000
2013-10-15,137.47218322753906,138.6468105094059,137.28586610693566,138.1283537330861,155485000
2013-10-16,139.39212036132812,139.46502545709936,138.2336858309123,138.2984944808154,161676000
2013-10-17,140.32371520996094,140.4047291107235,138.8007428747224,138.82504457275402,129389000
2013-10-18,141.271484375,141.36869114363444,140.55860177572666,140.8421379988875,138316000
2013-10-21,141.2795867919922,141.56312302714088,140.96365241958983,141.32009373429676,104104000
2013-10-22,142.0978240966797,142.51906180179532,141.30392736422013,141.69277928415462,126663000
2013-10-23,141.4172821044922,141.67650422908102,140.9231271822335,141.61169560768866,105484000
2013-10-24,141.88714599609375,142.06536664359015,141.36868930182672,141.70082890497756,70350000
2013-10-25,142.5352020263672,142.57570896133652,141.90333339598521,142.17876077620687,93625000
2013-10-28,142.76199340820312,142.95641923504135,142.3326471897914,142.48656609091603,84979000
2013-10-29,143.52345275878906,143.58016491657042,142.88348794954453,143.0860101799477,87401000
2013-10-30,142.8106231689453,143.79893300632048,142.30027536576213,143.69362981317695,140002000
2013-10-31,142.4055938720703,143.2966970543719,142.19497510215442,142.69722651709793,133795000
2013-11-01,142.74588012695312,143.06991099139654,141.94388705012577,142.59196113999772,142805000
2013-11-04,143.24815368652344,143.3048535340702,142.559572542543,143.13474163044293,85677000
2013-11-05,142.79446411132812,143.18330356800462,142.22740399513668,142.68914853225562,85825000
2013-11-06,143.52345275878906,143.79078358623835,143.0130927826608,143.41004080420234,87348000
2013-11-07,141.70889282226562,143.90423991562997,141.57117914644274,143.79082792607116,157000000
2013-11-08,143.6207275390625,143.63693278624805,141.6441200167874,141.66031290299117,136713000
2013-11-11,143.64505004882812,143.81516189085715,143.31291044736614,143.48302228939517,62614000
2013-11-12,143.35337829589844,143.67740900443866,142.87541631347972,143.33717305217766,83990000
2013-11-13,144.50372314453125,144.54421771790288,142.64861185562083,142.64861185562083,103844000
2013-11-14,145.22470092773438,145.34620936884994,144.39840644520612,144.63332688502317,103435000
2013-11-15,145.8565673828125,145.9132672008329,145.27330215213652,145.45961921274727,102818000
2013-11-18,145.34622192382812,146.2211198583761,145.02219114554302,146.09961140676467,104796000
2013-11-19,145.0303192138672,145.7107914132383,144.77919345178864,145.27334853106674,93891000
2013-11-20,144.57667541503906,145.75939917402266,144.17972710634734,145.32195627873756,124909000
2013-11-21,145.7432403564453,145.8566524195878,144.89264370238294,144.981754063494,92841000
2013-11-22,146.47225952148438,146.48846477023721,145.6297720010823,145.7998838495465,81296000
2013-11-25,146.326416015625,146.76385874438748,146.11578491279326,146.73146061524886,79486000
2013-11-26,146.36691284179688,146.80436793827917,146.14819765453612,146.39932333241504,86994000
2013-11-27,146.72335815429688,146.8205772678754,146.34261522531455,146.520835845731,58800000
2013-11-29,146.6261749267578,147.233741949935,146.46415952610712,146.8854094565851,55870900
2013-12-02,146.24542236328125,146.9744977989746,146.0185983450219,146.69907039979995,99726000
2013-12-03,145.61358642578125,146.13204320707203,145.1437330363326,145.7675054072712,116563000
2013-12-04,145.59738159179688,146.2049487135331,144.47946649327181,145.08703361500804,123033000
2013-12-05,144.95738220214844,145.6054561182898,144.81966850362795,145.33812516434466,106934000
2013-12-06,146.57754516601562,146.71525884983626,145.93756776128268,146.35881761595672,127728000
2013-12-09,146.9501953125,147.16892288641594,146.75578178989193,147.0069074972486,70124000
2013-12-10,146.4236602783203,146.917815310905,146.33454994913345,146.60997738080798,80976000
2013-12-11,144.7791748046875,146.50466913748312,144.6009541524277,146.4803674449916,130591000
2013-12-12,144.30120849609375,144.892570213903,144.00146705475353,144.7143495820731,115565000
2013-12-13,144.28501892089844,144.73057054886704,144.0095915003298,144.6009532823702,107808000
2013-12-16,145.1842041015625,145.6621538178668,144.92496959449343,144.96547653134567,96195000
2013-12-17,144.72244262695312,145.33811838099385,144.3984118644968,145.31381669185868,89886000
2013-12-18,147.19326782226562,147.21756951973148,143.64508402140802,144.94121987653463,234906000
2013-12-19,147.02313232421875,147.1932441791554,146.39126356962987,146.77199422243498,136531200
2013-12-20,147.87831115722656,148.22854715636475,147.07197668988732,147.1697111882097,197087000
2013-12-23,148.66839599609375,148.7579901143698,148.2937387219157,148.60323550752096,85598000
2013-12-24,148.99417114257812,149.05933162464848,148.6683811603175,148.6765215600421,45368800
2013-12-26,149.75169372558594,149.8331474585058,149.31187588086502,149.32815668497318,63365000
2013-12-27,149.74349975585938,150.01226963653957,149.58874517552877,149.94712158722274,61814000
2013-12-30,149.71910095214844,149.88199596950736,149.52361947446184,149.75981538541828,56857000
2013-12-31,150.4276580810547,150.4276580810547,149.8086397928397,149.92267994327057,86119900
2014-01-02,148.98605346679688,149.9227215578201,148.62767697479447,149.8494082367519,119636900
2014-01-03,148.96156311035156,149.53985448915557,148.74980091303277,149.23848577486578,81390600
2014-01-06,148.52996826171875,149.50735095551138,148.30191271410365,149.45034328265524,108028200
2014-01-07,149.4421844482422,149.69467362095105,149.0105070055926,149.12453477481898,86144200
2014-01-08,149.47470092773438,149.7271899822264,148.961569992419,149.41768085577093,96582300
2014-01-09,149.57241821289062,149.97152138645708,148.888251996566,149.95522816375768,90683400
2014-01-10,149.9796600341797,150.04482049612966,149.05928559775668,149.82490549055947,102026400
2014-01-13,147.9842071533203,150.01227268087914,147.69913161239018,149.5968886105806,149892000
2014-01-14,149.5968780517578,149.67833175144315,148.1959589281799,148.47288162216654,105016100
2014-01-15,150.40321350097656,150.6312689290467,149.62945312516072,149.94710264483624,98525800
2014-01-16,150.20777893066406,150.4032603991451,149.72723430225238,150.0937511810733,72290600
2014-01-17,149.57241821289062,150.2321508092099,149.3117887901378,149.94708776645172,107848700
2014-01-21,150.01229858398438,150.49285564408228,149.09193617972363,150.4358355548142,88621200
2014-01-22,150.11004638671875,150.32996148814357,149.792396763813,150.26480099779204,61270900
2014-01-23,148.8802032470703,149.3770412479767,148.09016160113342,149.35260761089086,132496900
2014-01-24,145.70362854003906,147.95976177804008,145.65476129189506,147.9108945298961,208677100
2014-01-27,144.98687744140625,146.21676119838594,144.2619842533166,145.8420915781185,180843100
2014-01-28,145.85028076171875,146.03760940450385,145.07650770394645,145.09280093360817,110463200
2014-01-29,144.44937133789062,145.42675390803726,144.06656119680173,144.63669999371277,216597300
2014-01-30,145.98062133789062,146.45302567696783,145.19056730523855,145.65483124174557,118938100
2014-01-31,145.12535095214844,146.02943241334532,144.09910135893472,144.17240223814483,194677900
2014-02-03,141.85928344726562,145.28012839083854,141.58236068573999,144.9543383688193,254837100
2014-02-04,142.85292053222656,143.2194373148863,141.81037783003967,142.49454414808307,165012400
2014-02-05,142.6737518310547,142.991401409833,141.4846072245886,142.35610225227637,164230500
2014-02-06,144.5552215576172,144.5552215576172,142.71448449136102,143.00770045509216,132877600
2014-02-07,146.34707641601562,146.50183099607554,144.75882861977746,145.23123275908503,170787200
2014-02-10,146.6158447265625,146.6647244009334,145.9642648720195,146.36335566871372,92218800
2014-02-11,148.22047424316406,148.59514406888775,146.64036605188437,146.73811303099728,117814100
2014-02-12,148.2937469482422,148.91275298188336,148.00053094744518,148.44034873459412,94717700
2014-02-13,149.05934143066406,149.21409603225047,147.28376478278057,147.2919051830407,100542200
2014-02-14,149.8820037841797,150.15892657093758,148.78244061051404,148.920902003893,96498400
2014-02-18,150.06117248535156,150.26479434815448,149.5806154437866,150.01229279868141,80460900
2014-02-19,149.06747436523438,150.6394289440017,148.94529380908608,149.67018703444074,126524300
2014-02-20,149.94715881347656,150.28924208372263,148.7254275219863,149.2711326741474,104998100
2014-02-21,149.77609252929688,150.59057995670685,149.70279164357203,150.23220350015177,118116400
2014-02-24,150.60690307617188,151.61685973262823,150.02861141957644,150.09377191807272,114063900
2014-02-25,150.54981994628906,151.1606853823244,150.05298222785675,150.72900813510657,117085000
2014-02-26,150.55801391601562,151.16887951898335,150.13447695142543,150.76977618426446,98677200
2014-02-27,151.34803771972656,151.38875214270342,150.1670211792368,150.33806898248176,93880800
2014-02-28,151.73089599609375,152.431355859042,150.7209392830719,151.32365217875397,150842000
2014-03-03,150.6638946533203,151.04670477354136,149.66207850563842,150.39511228626557,167748500
2014-03-04,152.78158569335938,153.10737576253524,152.10555949312968,152.13813352880948,167545900
2014-03-05,152.92001342773438,153.1806553681685,152.67566471560033,152.9118730276302,88376900
2014-03-06,153.27024841308594,153.62048449299027,152.9444583914894,153.2946944713937,82516500
2014-03-07,153.33543395996094,153.90558523306376,152.6594077479889,153.90558523306376,114513500
2014-03-10,153.2539825439453,153.31099021063753,152.3743344862151,153.09922791877602,74939200
2014-03-11,152.49649047851562,153.7019409214731,152.1462668205312,153.4820258175684,99009100
2014-03-12,152.53724670410156,152.59426680531394,151.4132497656431,151.75534551672678,104824400
2014-03-13,150.82676696777344,153.11548694372624,150.40324247866621,152.99330637994862,155014300
2014-03-14,150.40321350097656,151.3317284375733,150.2240253177659,150.55796806175746,153919600
2014-03-17,151.76344299316406,152.12181944771785,151.09555734093354,151.1607178261335,98359500
2014-03-18,152.84671020507812,153.05033205739392,151.91004222757047,152.07294965189638,101804600
2014-03-19,152.03225708007812,153.07480020478798,151.06301485598982,152.86302547664437,176267300
2014-03-20,152.92001342773438,153.03404116965135,151.42949995461768,151.69828229515593,117241000
2014-03-21,152.32693481445312,154.63393308992545,152.18786230949112,153.56224718237698,163128000
2014-03-24,151.69700622558594,153.03867328140612,151.03436151037232,152.85050535063357,121411000
2014-03-25,152.4168701171875,152.93226582141764,151.56607024765609,152.46595304464907,103852000
2014-03-26,151.32066345214844,153.25951424494946,151.2797568461221,153.01408709173504,119843000
2014-03-27,151.0016326904297,151.62337074563365,150.4453302343459,151.14070518371432,142383000
2014-03-28,151.7460479736328,152.50685830850247,151.3451832646404,151.43517279184516,101642000
2014-03-31,152.98951721191406,153.22676799303906,151.77058296613413,152.71137231530102,99745000
2014-04-01,154.00396728515625,154.09395682246264,152.98136458073952,153.48857152758842,89193000
2014-04-02,154.51937866210938,154.7238992236664,153.91399330604057,154.2003270853982,78774000
2014-04-03,154.31484985351562,154.79751535708849,153.84036067810806,154.75660875037437,77435000
2014-04-04,152.49046325683594,155.1901360604251,152.24504866982363,155.15741827646988,169381000
2014-04-07,150.80528259277344,152.37599905256263,150.494419818706,152.12239554623994,140803000
2014-04-08,151.427001953125,151.67241659717632,150.19168999100296,150.73980350095462,112660000
2014-04-09,153.05496215820312,153.10404508214293,151.39425665588783,151.83602793722804,100254000
2014-04-10,149.83998107910156,153.12048713401543,149.65181313222286,153.04686271112234,172959000
2014-04-11,148.49008178710938,150.05262163936868,148.32646785894886,149.0054775196104,167251000
2014-04-14,149.65994262695312,150.0117119410923,148.43281946665726,149.6517538168014,132382000
2014-04-15,150.6907501220703,150.79710481064313,148.49010684062873,149.9708462201121,157093000
2014-04-16,152.26963806152344,152.27781438935122,151.0588674640738,151.72970083425076,105197000
2014-04-17,152.4823455810547,152.90775183373273,151.80333583562722,152.0651281397196,105255000
2014-04-21,153.0141143798828,153.0632098056361,152.33511702711806,152.52327246886205,68329000
2014-04-22,153.70948791503906,154.12670540793323,153.08774984040244,153.16955058333204,85790000
2014-04-23,153.3495330810547,153.7340327818589,153.22682572247714,153.65223203712253,73869000
2014-04-24,153.66038513183594,154.11850917851407,152.92410364286548,154.10214403886297,88170000
2014-04-25,152.40049743652344,153.25130974688133,152.05690447835858,153.16132022334233,100380000
2014-04-28,152.8831329345703,153.54577720464522,151.31241735437186,153.02220534457908,135121000
2014-04-29,153.59494018554688,153.832178542073,153.04682658403647,153.37405448606097,84098000
2014-04-30,154.0530548095703,154.2084924225457,153.12861794268102,153.3413273006236,101508000
2014-05-01,154.06939697265625,154.48661433241642,153.5785427399276,153.97940744608738,93019000
2014-05-02,153.84857177734375,154.73210225369033,153.6195097075072,154.05309237419397,98122000
2014-05-05,154.14305114746094,154.2494058311226,152.6705006476785,153.095906899381,75883000
2014-05-06,152.80136108398438,153.90577682141364,152.7686432951673,153.79942216261108,85454000
2014-05-07,153.70135498046875,153.77497941477563,152.17153210871393,153.31685517960062,106500000
2014-05-08,153.53768920898438,154.65847051508317,153.04684728954226,153.56224316375517,93618000
2014-05-09,153.7667694091797,153.83220501448972,152.84233232660824,153.5622488144831,83679000
2014-05-12,155.2637939453125,155.3374308202477,153.79943250069925,154.4539006675034,86940000
2014-05-13,155.40298461914062,155.77929564510367,155.24754691943613,155.4684202456947,66454000
2014-05-14,154.66668701171875,155.3375207036686,154.44580122498536,155.26388378612464,72367000
2014-05-15,153.30859375,154.38846820681275,152.55595965113503,154.3557379295463,154956000
2014-05-16,153.84031677246094,153.90576482793608,152.75226625569977,153.39854551873887,97458000
2014-05-19,154.40484619140625,154.52755353400596,153.40678486178095,153.5458573443754,63839000
2014-05-20,153.43130493164062,154.3475529164499,153.03862900714273,154.33118777873756,111644000
2014-05-21,154.723876953125,154.79750134878157,153.8485230838437,153.87306454906255,89093000
2014-05-22,155.10020446777344,155.41925603296772,154.5030079448086,154.7647877630209,61549000
2014-05-23,155.72193908691406,155.82828127585574,155.10018867644254,155.23926114116836,61092800
2014-05-27,156.67909240722656,156.72817533755978,156.21277960317602,156.30276913643442,72010000
2014-05-28,156.5645751953125,156.9245333600427,156.30278289989283,156.67910620382267,66723000
2014-05-29,157.37449645996094,157.3990379316358,156.52369631502572,156.92456115729144,64377000
2014-05-30,157.6281280517578,157.7263064388818,157.09637942687436,157.22727562107426,76316000
2014-06-02,157.80810546875,157.8817423790231,157.0472947538279,157.84901208935773,64656000
2014-06-03,157.7262725830078,157.80807332461316,157.27632481386928,157.4235736385262,65047000
2014-06-04,158.04530334472656,158.1352928866874,157.2926692133012,157.4562831578817,55529000
2014-06-05,159.07611083984375,159.23972481364427,157.64446672393345,158.22531068631332,92103000
2014-06-06,159.83689880371094,159.8777929259675,159.34604450719908,159.41966890679285,78696000
2014-06-09,160.00048828125,160.3849878420499,159.665071646009,159.8123329056271,65119000
2014-06-10,160.0169219970703,160.04963980048456,159.46061947545414,159.80421258456408,57129000
2014-06-11,159.46060180664062,159.62421577147634,159.10064359423484,159.44423666527345,68772000
2014-06-12,158.3316192626953,159.3624107962223,157.97984991791242,159.2724212573103,106350000
2014-06-13,158.81436157226562,158.96979924635068,158.13535159139053,158.64255875276413,82017000
2014-06-16,158.94517517089844,159.28059184775586,158.42979190564304,158.6179473046111,87424000
2014-06-17,159.386962890625,159.50149390388216,158.55251551806896,158.72431827942683,84834000
2014-06-18,160.5568084716797,160.64679801321802,159.03517507663227,159.38695691462527,105267000
2014-06-19,160.73678588867188,160.8349642402966,160.18049598888746,160.69587928240688,85929000
2014-06-20,161.0631561279297,161.1946795253486,160.86587103180133,161.13713333544226,100587000
2014-06-23,161.01377868652344,161.15351754127818,160.71785742270256,161.10419942110084,70611000
2014-06-24,160.04383850097656,161.52344508665809,159.86299699923998,160.72610188611745,96237000
2014-06-25,160.76719665527344,160.93159459170602,159.67393219099685,159.70680676117993,82782000
2014-06-26,160.6521453857422,160.80832784306483,159.57532428663652,160.79188428367277,84312000
2014-06-27,160.96449279785156,161.01381092790436,160.20002415375518,160.27400134883436,71445100
2014-06-30,160.88232421875,161.25222282120765,160.7261417428149,160.86588065739835,70201200
2014-07-01,161.95913696289062,162.45234343550857,161.2193397967253,161.27687344429916,90470000
2014-07-02,162.12347412109375,162.3289746504669,161.90154258015573,161.97551976046842,52475000
2014-07-03,162.92083740234375,162.99481459183943,162.46051816624816,162.5838134820743,52938800
2014-07-07,162.35366821289062,162.74001029363555,162.11529306697292,162.60849945938418,61696000
2014-07-08,161.30972290039062,162.11528157766247,160.91515279732144,162.0577354007637,108143000
2014-07-09,162.03311157226562,162.18107852878256,161.36729162484295,161.71253113303393,72992000
2014-07-10,161.39190673828125,161.81935138842832,160.33974494004082,160.47126830051036,99040000
2014-07-11,161.61383056640625,161.7289103566906,160.93156733016465,161.293250254703,64243000
2014-07-14,162.42764282226562,162.64135888293202,162.2961194575055,162.43585832902872,58658000
2014-07-15,162.12347412109375,162.83862449238703,161.4083362925574,162.52625967405763,111307000
2014-07-16,162.7235870361328,162.97017770133462,162.27969875324916,162.8468823687337,79986400
2014-07-17,160.87403869628906,162.83862324027993,160.64386656582462,162.2221216569009,145398000
2014-07-18,162.51803588867188,162.68243379524364,161.30969183409718,161.4001125641251,124330000
2014-07-21,162.2139129638672,162.34543632760978,161.4658879431843,162.00841241155376,67592000
2014-07-22,162.92083740234375,163.21675870308496,162.64957516476775,162.76465497379164,67678000
2014-07-23,163.2825469970703,163.45517301011944,162.8386712449962,163.16746716929106,65612000
2014-07-24,163.29071044921875,163.62773431697437,163.1263125394803,163.43867734791294,56888000
2014-07-25,162.5263214111328,162.97019720437595,162.20574096524564,162.83045829645198,76837000
2014-07-28,162.5919952392578,162.83037029623893,161.6220263741424,162.55910813589531,69259000
2014-07-29,161.89337158203125,163.12637519277447,161.86871251323728,162.89621552218998,80466000
2014-07-30,161.91798400878906,162.68245254947323,161.24394875131435,162.4687239578104,104222000
2014-07-31,158.7204132080078,160.93160129194877,158.62177695059333,160.79186241302526,183479000
2014-08-01,158.2354278564453,159.27114614156716,157.47097180992267,158.2847459829618,189261000
2014-08-04,159.3780517578125,159.7150757667158,157.86557028637168,158.5396057614165,91340000
2014-08-05,157.83262634277344,159.13961927751095,157.2572273534825,158.72861820762353,152690000
2014-08-06,157.88197326660156,158.5560085683989,157.06818654902378,157.09284561233596,94818000
2014-08-07,157.027099609375,158.753309470152,156.63254201422248,158.59712702507335,135733000
2014-08-08,158.84368896484375,158.95054070785804,156.96129714795222,157.3805262427415,117014000
2014-08-11,159.3040313720703,160.01095377689018,159.2300541831697,159.4437702431354,74544000
2014-08-12,159.08213806152344,159.59177558258997,158.59715961129803,159.14789976468725,73632000
2014-08-13,160.1588592529297,160.3397006879755,159.43550605550098,159.70675566531514,69047000
2014-08-14,160.91513061523438,160.91513061523438,160.27396996457907,160.42193686852252,57371000
2014-08-15,160.88232421875,161.64678049431166,159.72329772732206,161.49882607043352,139951000
2014-08-18,162.23037719726562,162.3043543952653,161.6796371520015,161.77005790825442,75424000
2014-08-19,163.07704162597656,163.20033695828099,162.29614192160807,162.62493783626002,59135000
2014-08-20,163.51263427734375,163.7099192702531,162.8221556162935,162.85503017706753,72763000
2014-08-21,163.98947143554688,164.20318753455524,163.52092406806304,163.65244745641928,67791000
2014-08-22,163.73464965820312,164.14565083208575,163.36475111026084,163.85794499326374,76107000
2014-08-25,164.56483459472656,164.88541494451613,163.70172979367527,164.51551647056783,63855000
2014-08-26,164.67169189453125,165.07447746264094,164.63058927855965,164.67169189453125,47298000
2014-08-27,164.60594177246094,164.86898849893842,164.35112309540983,164.75389614903582,47874000
2014-08-28,164.51553344726562,164.622397755809,163.89903174614776,164.06342969122733,58330000
2014-08-29,164.98410034179688,165.00053135832349,164.25251873801952,164.77037169934368,65907000
2014-09-02,164.90187072753906,165.2224511010995,164.285369044326,165.19779203719168,72426000
2014-09-03,164.81141662597656,165.55944152715898,164.58125704757526,165.53478246824142,57462000
2014-09-04,164.5731201171875,165.69925948794875,164.12101624991618,165.09097314445984,85236000
2014-09-05,165.31288146972656,165.37864315822722,163.9154800816765,164.54019730829336,102177000
2014-09-08,164.8854217529297,165.39507165671594,164.40044345499948,165.15668398976146,64146000
2014-09-09,163.84149169921875,164.85255093752122,163.50446777219835,164.73747112619216,88591000
2014-09-10,164.4580078125,164.5648595834831,163.3894023033504,163.93191429423328,67251000
2014-09-11,164.64706420898438,164.6717232747149,163.67709496679666,163.8004028382092,66774400
2014-09-12,163.68531799316406,164.4990922228145,163.21677067314525,164.482661208005,117409300
2014-09-15,163.56201171875,163.84150202910655,163.0688178717128,163.7099786527928,76401000
2014-09-16,164.79501342773438,165.09093474996698,163.16745242683479,163.2578731792603,116201000
2014-09-17,165.01695251464844,165.78140859045598,164.19495026052815,165.03339607170335,151266000
2014-09-18,165.8965301513672,165.92118921991104,165.30468742079236,165.5184035290928,94990000
2014-09-19,165.74703979492188,166.73805098056417,165.40844042106522,166.42423854263518,121649000
2014-09-22,164.46688842773438,165.4826859966686,164.12003533153148,165.45791167561012,125553000
2014-09-23,163.52548217773438,164.5577879117518,163.47593351872368,163.87233539219764,111393000
2014-09-24,164.80557250976562,164.91293635724557,163.12085480305947,163.55028499019818,107276000
2014-09-25,162.1463165283203,164.38436081179054,162.08851396232606,164.37609430137147,150300000
2014-09-26,163.4346466064453,163.83931501008547,162.21240008714568,162.4436355745432,103547000
2014-09-29,163.1373291015625,163.42637973858504,161.9068287700612,162.0307004137063,95112000
2014-09-30,162.70794677734375,163.7650271181242,162.36934738344286,163.2612612837373,131302000
2014-10-01,160.50291442871094,162.5014569902223,160.13954076272898,162.44364181545723,177798000
2014-10-02,160.5277099609375,161.08927835424618,158.85124609079568,160.36253092630216,157285000
2014-10-03,162.2949981689453,162.6418514183755,161.1057798272477,161.60127906869528,121569000
2014-10-06,162.1050567626953,163.18692394586924,161.51871406024947,162.9721962508407,104778000
2014-10-07,159.602783203125,161.63436723185004,159.56975495124843,161.27099345424122,147913000
2014-10-08,162.3941192626953,162.62535479615585,158.85950456392248,159.6936032666629,186461000
2014-10-09,159.17330932617188,162.36107031838839,159.04117115206998,162.13808872476517,210705000
2014-10-10,157.35646057128906,159.92483836945857,157.315178412947,159.1320344286978,221909000
2014-10-13,154.7715606689453,157.86021183030198,154.6807172464707,157.29038956356874,230939000
2014-10-14,155.01100158691406,156.76180039936898,154.46594122262,155.60561060225552,215847000
2014-10-15,153.96217346191406,155.00274552499533,150.23761956043253,152.91336009228786,380715000
2014-10-16,153.830078125,154.9119325414914,151.03871932723357,151.17911139793816,270391000
2014-10-17,155.64695739746094,156.70403764460713,154.94498433583533,155.60566264064934,214625000
2014-10-20,157.15823364257812,157.28210529497238,155.31660366911345,155.36615233007115,130011000
2014-10-21,160.2716827392578,160.37903397847364,158.13273544576614,158.2979018611203,154949000
2014-10-22,159.13201904296875,160.96539530563066,159.06594995406135,160.55247295100213,151822000
2014-10-23,160.98191833496094,162.0307447431905,160.42860383965325,160.72590846712814,154944000
2014-10-24,162.22064208984375,162.27020334898165,160.61851421658324,161.24615155039496,117927000
2014-10-27,161.99765014648438,162.23713949209375,161.0644418866344,161.64253048067968,82954000
2014-10-28,163.85581970214844,163.86407361112427,162.46839430955617,162.54272989588966,106736000
2014-10-29,163.6080322265625,164.44213052202446,162.52617809439948,163.9714057735393,142557000
2014-10-30,164.6568603515625,165.12758510640498,163.02167936808317,163.17033791266562,113330000
2014-10-31,166.53981018066406,166.6719483291913,165.80480905638902,166.63890749136579,146903000
2014-11-03,166.63072204589844,167.19229050578878,166.25082786314297,166.75459373517054,93600000
2014-11-04,166.05255126953125,166.49024782429424,165.21844030180876,166.184676805798,93343000
2014-11-05,167.10140991210938,167.30787108258536,166.36640864927045,167.2665763282122,91709000
2014-11-06,167.7703399658203,167.86118338373612,166.52331904842137,167.1427025520137,107089000
2014-11-07,167.92721557617188,168.14194320846445,167.32435262684618,167.78682352503503,89540000
2014-11-10,168.45578002929688,168.50532868967758,167.7538196715889,167.960280824101,66319000
2014-11-11,168.62098693847656,168.72835079601901,168.18329019811503,168.52188959390918,54499400
2014-11-12,168.43927001953125,168.6705054992265,167.90246346914773,167.93550430989765,90120300
2014-11-13,168.62921142578125,169.15775146740432,167.81988724359968,168.60443709581367,85357900
2014-11-14,168.67056274414062,168.87702396403833,168.24111987836338,168.5549449650536,80417500
2014-11-17,168.7778778076172,168.9513107397437,168.18326861374072,168.34844763534315,80441000
2014-11-18,169.75233459472656,170.0578930184616,168.83564672213478,168.83564672213478,76068100
2014-11-19,169.47984313964844,169.7523733912334,168.7200675601038,169.55416613515627,82373000
2014-11-20,169.77711486816406,169.88447868626938,168.62092500020856,168.68699407278206,72840300
2014-11-21,170.68556213378906,171.6435449292258,170.1074734128838,171.4783785234513,142327300
2014-11-24,171.16456604003906,171.27192988226358,170.87552795915832,171.09024304221742,65880800
2014-11-25,171.04066467285156,171.60223291627554,170.78465487944428,171.3957717794777,79108300
2014-11-26,171.47837829589844,171.57747561895386,170.97461256805184,171.18932763513487,62167800
2014-11-28,171.1150360107422,171.66835050154717,170.87554656899337,171.3545380538823,57890100
2014-12-01,169.92581176757812,170.56996966652935,169.6119993305191,170.4543519052148,103968400
2014-12-02,171.02415466308594,171.23061581245025,169.9423002566391,169.96707458645176,74507200
2014-12-03,171.68482971191406,171.89954476681433,171.03241803650175,171.19758443268566,68952000
2014-12-04,171.49488830566406,171.99865400292776,170.70207196518462,171.39577838723648,91316600
2014-12-05,171.77572631835938,172.1638744003632,171.40409866150674,171.6683624569649,91025500
2014-12-08,170.62774658203125,171.8747673423601,170.0661657234529,171.37926816273125,108588200
2014-12-09,170.51214599609375,170.61950983310285,168.39798570704536,168.77786718949568,125180100
2014-12-10,167.7786407470703,170.10751664353967,167.58868736083582,170.04971405745385,159856400
2014-12-11,168.62921142578125,170.28090063102695,168.2328095449111,168.37320161519034,159012800
2014-12-12,165.90396118164062,168.32369299564698,165.87093293429,167.34918958001768,202330200
2014-12-15,164.76425170898438,167.25830593087906,164.16138867900915,166.8040888803271,189965800
2014-12-16,163.44290161132812,167.15093565980243,163.40160686261663,163.9962159601756,259543800
2014-12-17,166.6471405029297,167.10135745566708,163.7566850236374,163.88056924786716,253910100
2014-12-18,170.7681884765625,175.8801698568926,168.40627182043136,169.08347061200215,257633900
2014-12-19,171.4947509765625,172.16737506492635,170.7390815586241,171.42000511157008,245084600
2014-12-22,172.28363037109375,172.28363037109375,171.44492829720957,171.68573947870206,148318900
2014-12-23,172.51614379882812,172.91473350739588,172.22549781430553,172.8649113776922,122167900
2014-12-24,172.5327606201172,173.00608353756385,172.4912379537948,172.74036128079035,42963400
2014-12-26,173.089111328125,173.42957941814885,172.9313328146536,172.98115494081563,57326700
2014-12-29,173.32162475585938,173.529225397559,172.83998974660372,172.90642347246012,79643900
2014-12-30,172.39157104492188,173.03097187272357,172.31682518698517,172.89811709725885,73540800
2014-12-31,170.6809539794922,172.8815285900343,170.55639865118965,172.71545059531798,130333800
2015-01-02,170.5896453857422,171.7937396125908,169.55164185979788,171.37853820221306,121465900
2015-01-05,167.5088348388672,169.70939694100863,167.20158989240133,169.54331893402545,169632600
2015-01-06,165.9310760498047,168.33923884704024,165.13388387080252,167.8160810836032,209151400
2015-01-07,167.998779296875,168.33924746737,166.8113094395579,167.2597213519378,125346700
2015-01-08,170.97994995117188,171.19586281193537,169.39389006147994,169.41048899619827,147217800
2015-01-09,169.60971069335938,171.41168259857324,168.99520828157452,171.3950710007043,158567300
2015-01-12,168.2810821533203,169.90037736326255,167.67489180198814,169.74259884160148,144396100
2015-01-13,167.80776977539062,170.63113372951398,166.50403152706838,169.50178561367687,214553300
2015-01-14,166.79466247558594,166.99396365602476,164.8930461454494,165.78986978007964,192991100
2015-01-15,165.26675415039062,167.74965019284087,165.15049827553617,167.43410577305877,176613900
2015-01-16,167.43409729003906,167.5918758274063,164.8764555018834,165.0591451061045,211879600
2015-01-20,167.7911834716797,168.33925234676153,166.2217227264478,168.07351737547063,130991100
2015-01-21,168.6381378173828,169.1197727781758,166.8610770100815,167.32610037334743,122942700
2015-01-22,171.14601135253906,171.27886616224333,168.0153894461542,169.3938610482265,174356000
2015-01-23,170.20761108398438,171.1459700168589,170.07474363543025,170.88853458368385,117516800
2015-01-26,170.60621643066406,170.6975612260688,169.2775798358859,169.99172659879434,92009700
2015-01-27,168.35586547851562,169.50181270752304,167.52546269210458,168.54685457152672,134044600
2015-01-28,166.1968231201172,169.6429898217608,166.0058340156665,169.5433455361242,168514300
2015-01-29,167.73301696777344,167.9904397329673,164.98437386186288,166.39606834482106,173585400
2015-01-30,165.6238555908203,167.88255248867736,165.35813325215972,166.55391545348905,197729700
2015-02-02,167.6748809814453,167.76622576856815,164.30344866371829,166.1220322712945,163107000
2015-02-03,170.0996856689453,170.10799780532918,168.1980690651613,168.57174774518685,124212900
2015-02-04,169.4519805908203,170.54811828639697,168.9952565509967,169.33572471440522,134306700
2015-02-05,171.16256713867188,171.3120461844523,170.0415313145359,170.11626450195752,97953200
2015-02-06,170.68927001953125,172.0926525482205,170.1661122868168,171.52797214814254,125672000
2015-02-09,169.92529296875,170.76399505727906,169.51839112153613,170.04154882924846,87219000
2015-02-10,171.73558044433594,171.99300325411252,169.96681863776303,170.96331201500612,96164200
2015-02-11,171.83517456054688,172.2669873865907,170.92173945926243,171.56945236286018,91087800
2015-02-12,173.48780822753906,173.54594252461465,171.86852477183388,172.63249407732184,97545900
2015-02-13,174.20187377929688,174.2516959129132,173.35485949500125,173.6122949702512,93670400
2015-02-17,174.47593688964844,174.65032705693534,173.63723460359972,173.88634531266464,76968200
2015-02-18,174.49252319335938,174.5672563952429,173.8364979654315,174.10223291115915,80652900
2015-02-19,174.36795043945312,174.7333296444128,173.7534605683294,173.8946275028021,91462500
2015-02-20,175.4142303466797,175.48896353137286,173.32991194225698,173.95271382324,140896400
2015-02-23,175.38934326171875,175.38934326171875,174.78314022494982,175.16513100605164,74411100
2015-02-24,175.88758850097656,176.08688970444283,175.01566315835314,175.3146086280829,72472300
2015-02-25,175.7381134033203,176.24465951665343,175.39764528251933,175.7630244686532,73061700
2015-02-26,175.53053283691406,175.80456725788164,174.9243297219221,175.64678871208758,72697900
2015-02-27,174.93263244628906,175.69660139502935,174.88281031260112,175.43086645410784,108076000
2015-03-02,176.03709411621094,176.09521572331582,174.98247901245122,175.03230115309572,87491400
2015-03-03,175.3146209716797,176.08690210241457,174.45100770439885,175.60526699666445,110325800
2015-03-04,174.5755615234375,174.79147434157974,173.60399185461756,174.71672846633203,114497200
2015-03-05,174.7665252685547,175.04885909294708,174.25997920905664,174.89938004589757,76873000
2015-03-06,172.3085174560547,174.334701568189,171.97636152692365,173.90288872356942,188128000
2015-03-09,173.02267456054688,173.37974157238781,172.35005052731177,172.50782903800885,89818900
2015-03-10,170.2159423828125,171.73558084865232,170.17441971350635,171.65254818097966,157121300
2015-03-11,169.81735229492188,170.64775499563052,169.73430695647514,170.47336485326827,110145700
2015-03-12,171.97640991210938,172.0428309798738,170.39863712749272,170.44845926378608,93993500
2015-03-13,170.9217987060547,172.66563686984932,169.88379527369824,171.70237931453718,162410900
2015-03-16,173.20538330078125,173.29672809755948,170.9466871176636,171.65253442648986,136099200
2015-03-17,172.6905517578125,173.07252990561386,171.87674798548153,172.46633948005277,94510400
2015-03-18,174.7665252685547,175.4391493029343,171.57776986451694,172.21718337229515,228808500
2015-03-19,173.96937561035156,174.77486728914394,173.57908530533092,174.35136644943532,117917300
2015-03-20,175.50494384765625,176.01375103839567,174.73756480592598,174.92106987324172,177715100
2015-03-23,175.16297912597656,176.088841096171,175.16297912597656,175.51330355692855,71784500
2015-03-24,174.17872619628906,175.49660781161333,174.1119959188361,175.0378578363101,77805300
2015-03-25,171.62631225585938,174.620774093646,171.58461697595038,174.38722452516916,159521700
2015-03-26,171.21763610839844,172.1351487904997,170.25840268427095,170.959064236829,153067200
2015-03-27,171.609619140625,171.78477493272464,170.9089577897401,171.10081205584314,118939000
2015-03-30,173.7032928466797,174.00357275757946,172.6272972569972,172.64397028218596,96180400
2015-03-31,172.18521118164062,173.57818519187686,172.12683013724472,172.87752356662315,126768700
2015-04-01,171.5762939453125,172.17685370669852,170.58370176392452,172.15183144393234,137303600
2015-04-02,172.1935272216797,172.64394064696353,171.32604641576557,171.50955148134364,86900900
2015-04-06,173.35299682617188,173.87014069681197,171.16763378314215,171.30108164403163,114368200
2015-04-07,172.89418029785156,174.12865853822265,172.86082152486782,173.3779652348547,81236300
2015-04-08,173.47808837890625,173.9201653909475,172.7273949279874,173.11942740696747,89351900
2015-04-09,174.24546813964844,174.47901777967996,172.81914803284874,173.31126957952227,85548900
2015-04-10,175.19630432128906,175.2380123300149,174.29547751579685,174.4956555936852,72722900
2015-04-13,174.4039306640625,175.6884662621051,174.35388613667112,175.05453497514927,74436600
2015-04-14,174.7375946044922,174.92109970310165,173.57818296918722,174.20376506149208,75099900
2015-04-15,175.52162170410156,176.0304289088538,175.12125278597637,175.20466881068924,99529300
2015-04-16,175.47158813476562,175.98039537128213,174.98780316172542,175.1879939970349,68934900
2015-04-17,173.45306396484375,174.5207230819322,172.6689990165912,174.27883693263118,191113200
2015-04-20,175.0378875732422,175.3715262896894,174.29553061077115,174.37893392613233,92189500
2015-04-21,174.829345703125,175.88031902757646,174.52906579221028,175.72183619577424,72559800
2015-04-22,175.68844604492188,175.87195110923986,174.2454277911943,175.17128962389035,78264600
2015-04-23,176.1305694580078,176.7811738659995,175.17133587263456,175.28811069644075,102585900
2015-04-24,176.53927612304688,176.80619728062217,176.08886257901523,176.54762536390942,61327400
2015-04-27,175.8052520751953,177.23157210514523,175.6133977381844,177.10646077883388,79358100
2015-04-28,176.36412048339844,176.41416501863472,174.6041488717484,175.78024635980628,86863500
2015-04-29,175.63839721679688,176.23894418916066,174.82931019691418,175.47156517878173,125684900
2015-04-30,173.87844848632812,175.45491471931282,173.17778692805777,175.0628822890601,161304900
2015-05-01,175.76353454589844,175.8052425615786,174.56241496830697,174.6625040239398,103399700
2015-05-04,176.26400756835938,176.84788161296643,176.0805024789829,176.1889280481602,70927200
2015-05-05,174.24546813964844,176.3807991345809,174.1036710530222,176.02212543399625,113326200
2015-05-06,173.528076171875,175.10454208533343,172.46041739067016,174.79592574736697,135060200
2015-05-07,174.2204132080078,174.64581711562727,173.0943732391586,173.42801188307723,88244900
2015-05-08,176.51422119140625,176.7144120225423,175.81357237367857,175.89698840185997,155877300
2015-05-11,175.6717987060547,176.7394578259872,175.59673190719238,176.4725494097544,75708100
2015-05-12,175.14630126953125,175.6884800563391,174.0119118920952,174.837684841387,119727600
2015-05-13,175.1796417236328,176.1805703551255,174.9460921338678,175.5549883695053,94667900
2015-05-14,177.0063934326172,177.09814599233493,175.92204847072614,176.19730614987938,95934000
2015-05-15,177.19818115234375,177.33997820558304,176.71439623261674,177.19818115234375,76510100
2015-05-18,177.74874877929688,177.9989714603012,176.9646837721458,177.03141406291414,74549700
2015-05-19,177.69032287597656,178.14074907535127,177.4067287371106,177.86549144851102,72114600
2015-05-20,177.56520080566406,178.31589412249807,177.24823518289043,177.79040116421515,76857500
2015-05-21,178.0823974609375,178.29092485843273,177.2566243849555,177.42345648495353,64764600
2015-05-22,177.65696716308594,178.1157171548957,177.5902368832319,177.69866245143265,57433500
2015-05-26,175.74679565429688,177.590182478987,175.3297410785973,177.16477866617626,124308600
2015-05-27,177.4150848388672,177.64863447636824,175.79691040225237,176.2056286316295,93214000
2015-05-28,177.2148895263672,177.32331509415843,176.5225771939331,177.10645123107645,74974600
2015-05-29,176.1138153076172,177.1898105714175,175.84690698293264,177.14811529357348,124919600
2015-06-01,176.4724884033203,177.1147433193381,175.68007448648655,176.78110473251058,93338800
2015-06-02,176.29742431640625,176.98973688534213,175.38824781030522,176.01383007684325,91531000
2015-06-03,176.76446533203125,177.39004739198074,176.2723438328042,176.8311956123925,87820900
2015-06-04,175.2714080810547,176.71441374466318,174.95444244387514,176.0554729346047,151882800
2015-06-05,174.97109985351562,175.64672630543546,174.31214642269472,175.12123340838804,121704700
2015-06-08,173.8951416015625,175.01285798264342,173.82007480262817,174.86271165727408,89063300
2015-06-09,173.87010192871094,174.41228067534843,173.23618336644952,173.87010192871094,105034700
2015-06-10,175.955322265625,176.3390180738914,174.57904726210626,174.63742828418202,134551300
2015-06-11,176.5225830078125,176.90626621878664,176.16390933407592,176.39745895662537,73876400
2015-06-12,175.1713409423828,176.39748299158478,174.89608326526587,175.69683402846982,135382400
2015-06-15,174.42059326171875,174.70418736428965,173.3195628952703,174.02856087919523,124384200
2015-06-16,175.3715057373047,175.45492177039128,174.095319341578,174.27047519256027,85308200
2015-06-17,175.65512084960938,176.26402996331325,174.62916970319918,175.65512084960938,126708600
2015-06-18,177.48178100585938,177.94888019106634,175.68845104961866,176.25563928094192,165867900
2015-06-19,176.69390869140625,177.3141566139647,176.31673625838624,177.23872468524232,130478700
2015-06-22,177.59912109375,178.18583515828453,177.38957944288714,177.6158880068531,70696000
2015-06-23,177.7248077392578,178.06008199159652,177.33088127554296,177.80862949969372,68476800
2015-06-24,176.4340362548828,177.83377267999106,176.40889228474472,177.45660033851482,92307300
2015-06-25,175.89759826660156,177.06264903149298,175.82216636132324,176.93692918936242,97107400
2015-06-26,175.86415100097656,176.50115311728848,175.3109578847689,176.25807760134447,104174800
2015-06-29,172.17620849609375,175.87252685245653,172.1007765596968,174.38059109313988,202621300
2015-06-30,172.53660583496094,173.7687118037401,172.05884471712878,173.71841106285686,182925100
2015-07-01,173.91958618164062,174.36381349909647,173.1317074557654,174.11236093709672,135979900
2015-07-02,173.7603302001953,174.56497583022008,173.34124686546352,174.39734505420904,104373700
2015-07-06,173.2658233642578,174.045312265866,172.2684029327651,172.4695675474103,117975400
2015-07-07,174.35545349121094,174.48117338980393,171.07821838084888,173.46699876939428,173820200
2015-07-08,171.43023681640625,173.29934500568518,171.19555115987836,173.01437139267406,164020100
2015-07-09,171.74032592773438,173.79384426592938,171.63137296989152,173.5340018848408,144113100
2015-07-10,173.90280151367188,174.32188481108537,171.78224105191214,173.74354781434957,129456900
2015-07-13,175.8221893310547,175.93114227866695,175.12650960510456,175.16842048775808,106069400
2015-07-14,176.5849151611328,176.89504546833817,175.72160467422717,175.78028246916543,81709600
2015-07-15,176.5263214111328,177.08789166787918,176.04856016603458,176.62689734087508,97914100
2015-07-16,177.94281005859375,177.94281005859375,177.33932895347903,177.58239169248435,106683300
2015-07-17,178.09364318847656,178.1523209918966,177.5236960150652,177.934389481374,89030000
2015-07-20,178.18589782714844,178.68041322765055,177.86740310261777,178.32000760032554,70446800
2015-07-21,177.4818572998047,178.31164721084963,177.18011667664408,178.05180470498965,77965000
2015-07-22,177.16331481933594,177.4985892175164,176.76099833092994,176.7945193760427,88667900
2015-07-23,176.16583251953125,177.39793832348076,175.8054270559001,177.29736243398483,90509100
2015-07-24,174.33868408203125,176.32513518785484,174.00342249763736,176.26647016582027,117755000
2015-07-27,173.32449340820312,173.9615083116756,172.88026606204966,173.4502260920298,132361100
2015-07-28,175.4534149169922,175.59590170345467,173.33285445417943,174.16263119824956,123544800
2015-07-29,176.66038513183594,176.88668091477373,175.43665621814563,175.57914301127943,105791300
2015-07-30,176.7023162841797,176.86994707241797,175.52887518769293,176.1491231725249,91304400
2015-07-31,176.4340362548828,177.23029181786708,176.14906273371454,177.205147847729,103266900
2015-08-03,175.8389129638672,176.4591606671396,174.8834038363091,176.4004956731212,113965700
2015-08-04,175.49534606933594,176.2245469987891,175.00920785323092,175.7635527602922,81820800
2015-08-05,176.0736846923828,177.11300321447916,175.78869829461908,176.3921793413758,85786800
2015-08-06,174.6320343017578,176.36703269285402,174.0453073895004,176.25806693096473,116030800
2015-08-07,174.29676818847656,174.6236527001802,173.3915465892797,174.47278882835204,117858000
2015-08-10,176.49273681640625,176.57654579787817,175.4114948033438,175.4114948033438,80270700
2015-08-11,174.90023803710938,175.5707739330726,174.13750329558363,175.15169059677163,126081400
2015-08-12,175.10977172851562,175.2941694112409,172.12590055628195,173.5926921665188,172123700
2015-08-13,174.89187622070312,175.63784411277194,174.34706016237268,174.95054124240696,89383300
2015-08-14,175.5288848876953,175.60431682815963,174.55660835701062,174.69909517435767,72786500
2015-08-17,176.50953674316406,176.50953674316406,174.4727976342311,174.93379191487742,79072600
2015-08-18,175.9982452392578,176.58495938855856,175.76355957953749,176.2329308989781,71692700
2015-08-19,174.60687255859375,176.0233633719876,173.79384993200853,175.2522516333577,172946000
2015-08-20,170.9608154296875,174.58168791944397,170.90213763803746,173.0897526301797,194327900
2015-08-21,165.8145294189453,170.93572876473573,165.55469977317125,169.08337462289253,346588500
2015-08-24,158.83261108398438,165.521178671552,152.88162159515264,157.1479003938249,507244300
2015-08-25,156.9634552001953,163.81965151893343,156.67009178856725,163.8028846067072,369833100
2015-08-26,162.9899139404297,163.2664977168265,157.88546864695817,160.9950729570176,339257000
2015-08-27,167.0214385986328,167.1471584552831,163.61848472497257,165.13556401244523,274143900
2015-08-28,167.02984619140625,167.49921746123985,165.88993905492126,166.37607723850832,160414400
2015-08-31,165.6803741455078,166.90410288962266,165.12718117394607,166.04916945988234,163298800
2015-09-01,160.73521423339844,163.24971406109356,159.86351379772927,161.86673148221675,256000400
2015-09-02,163.78616333007812,163.8280742243452,161.28004021005611,163.12400445312284,160269300
2015-09-03,163.90353393554688,165.99895110989695,163.409018551859,164.49862525099186,152087800
2015-09-04,161.42257690429688,162.48705255847588,160.6011768383401,161.64050850607038,207081000
2015-09-08,165.47918701171875,165.63006361493714,163.58493554276228,164.23032725491026,116025700
2015-09-09,163.2664794921875,167.1891061455516,162.89769690168723,167.06338626122292,149347700
2015-09-10,164.15496826171875,165.3032526526917,162.81389630381264,163.07372595817208,158611100
2015-09-11,164.9009246826172,164.9679795547778,163.0485706087318,163.76101743470522,119691200
2015-09-14,164.2890625,165.12722926243146,163.8029242430606,165.07694130299114,79452000
2015-09-15,166.3426055908203,166.7868330166276,164.24718837874383,164.79199173811904,113806200
2015-09-16,167.7841796875,167.97696720909155,166.30063405066997,166.6442854176041,99581600
2015-09-17,167.40704345703125,170.05565348909056,167.02987097277068,167.6501189795926,276046600
2015-09-18,164.6713409423828,167.3926903207247,164.25851234067875,164.89040544702397,223657500
2015-09-21,165.52232360839844,166.55019138954816,164.4691682717408,165.5054695233599,105726200
2015-09-22,163.37384033203125,163.83723112705485,162.2364277311458,163.3485656392024,153890900
2015-09-23,163.1126708984375,164.01416500034912,162.53132721250788,163.54235356130408,92790600
2015-09-24,162.52293395996094,162.98632490079518,160.55143016357601,161.89104072861443,159378800
2015-09-25,162.4808349609375,164.29225727053387,161.60460238952285,163.98894797364449,155054800
2015-09-28,158.4029541015625,161.6888058608741,158.0912242931585,161.57927361212774,178515900
2015-09-29,158.49563598632812,159.8605338255233,157.49303020984766,158.62202231997662,159045600
2015-09-30,161.45294189453125,161.62144418979224,159.60781155005586,160.39135300817495,163452000
2015-10-01,161.87417602539062,162.17748524669025,159.9279472120093,161.83204724489647,131079000
2015-10-02,164.29220581054688,164.31748050604588,159.33815979837223,159.8858081979462,211003300
2015-10-05,167.21578979492188,167.44327494325597,165.41278840478842,165.52232067174555,126320800
2015-10-06,166.64291381835938,167.64552002200094,165.977325125469,167.08103015438417,110274500
2015-10-07,168.0077362060547,168.36159479027472,166.38165798534357,167.57804068129641,124307300
2015-10-08,169.5242919921875,169.8107471213442,167.3168699496485,167.6201791616669,153055200
2015-10-09,169.62535095214844,170.10558292581914,168.99345798012698,169.66747972146229,107069200
2015-10-12,169.78549194335938,169.98768953735046,169.2715516321322,169.70123437526317,56395600
2015-10-13,168.7154998779297,170.324724460309,168.546997580318,169.05250447315305,88038700
2015-10-14,167.90658569335938,169.23777502437989,167.61171003606736,168.65643146494554,99106200
2015-10-15,170.48480224609375,170.49322286121645,168.2015556695511,168.57226842936475,134142200
2015-10-16,171.2598876953125,171.27672892207804,170.12247494962193,170.88917501209787,114580100
2015-10-19,171.34408569335938,171.34408569335938,170.2993642591318,170.6110939960036,76523900
2015-10-20,171.12510681152344,171.740145935504,170.65329527225617,170.90605512712085,78448500
2015-10-21,170.0635528564453,171.69803937017198,169.89503769412747,171.54639115116822,102038000
2015-10-22,172.93650817871094,173.14713922324813,170.06351050170636,171.01555408100344,174911700
2015-10-23,174.83218383789062,175.20289652528615,173.8127368034514,174.6131321843835,144442300
2015-10-26,174.40252685546875,174.71425672678123,174.0318141134213,174.6552867119466,69033000
2015-10-27,174.0655059814453,174.40251052125234,173.38305057610253,173.72848858573917,77905800
2015-10-28,176.0454559326172,176.07073063400924,173.73694749946822,174.4025360626277,135906700
2015-10-29,175.94430541992188,176.3150180725939,175.42194460346434,175.53989746059662,90525500
2015-10-30,175.18601989746094,176.4582394432896,175.0259511265928,176.13807618975972,131076900
2015-11-02,177.2587127685547,177.4524897861131,175.38830752178413,175.51469389872412,86270800
2015-11-03,177.77256774902344,178.32863668616534,176.67728395474592,176.9047690391942,95246100
2015-11-04,177.23336791992188,178.19384486738252,176.694153017065,178.06747139636033,96224500
2015-11-05,177.05645751953125,177.75575415626423,176.16338391422624,177.29236326976658,78408700
2015-11-06,176.9637451171875,177.199663677695,175.63256843655364,176.71099818788784,110471500
2015-11-09,175.31240844726562,176.50037046066737,174.36035214286463,176.34870944436864,131008700
2015-11-10,175.71682739257812,175.7505355564857,174.5625734687504,174.83217450052211,75874600
2015-11-11,175.02598571777344,176.03701220843809,174.95858223760922,175.98646281228974,67846000
2015-11-12,172.58267211914062,174.45307706752146,172.56583088962398,173.98126552304709,121315200
2015-11-13,170.6448211669922,172.43940156770776,170.5605764726982,172.16980054771088,153577100
2015-11-16,173.23985290527344,173.2988357806647,170.34156708144897,170.45953283223147,117645200
2015-11-17,173.11343383789062,174.43619003553545,172.61634768712784,173.55154998468225,121123700
2015-11-18,175.86001586914062,176.0032433941748,173.55150853449067,173.59362444616931,121342500
2015-11-19,175.7084197998047,176.12968188858105,175.41353119530174,175.74211511031137,88220500
2015-11-20,176.34872436523438,177.03116685657776,175.9695910762545,176.46667722971472,94011500
2015-11-23,176.1465301513672,176.9132173571235,175.6831392978453,176.40771058083453,64931200
2015-11-24,176.38246154785156,176.78686959890234,174.7479624026503,175.1355163686031,98874400
2015-11-25,176.35714721679688,176.71100578893396,176.0959539521244,176.50879538089964,51980100
2015-11-27,176.55934143066406,176.76155183487512,175.9695771549198,176.44980918806263,37317800
2015-11-30,175.82635498046875,176.83738132063255,175.71682273451938,176.71942846187838,112822700
2015-12-01,177.5029296875,177.62089537556164,176.18017384504674,176.4582082757038,97858400
2015-12-02,175.69154357910156,177.77257906391392,175.43878378650427,177.45241580289755,108441300
2015-12-03,173.2314453125,176.21397608207806,172.5068738020745,175.94437495461165,166224200
2015-12-04,176.60992431640625,176.90481293816018,173.23140679489987,173.23140679489987,192913900
2015-12-07,175.53990173339844,176.7025762517463,174.57099130289473,176.2813142008919,102027100
2015-12-08,174.36041259765625,175.48939214730268,173.3746606455708,173.97285859387978,103372400
2015-12-09,173.00389099121094,175.81791832469077,172.02655997587993,173.7200415994563,162401500
2015-12-10,173.45046997070312,174.76480579481006,172.83543084396598,173.07133661465696,116128900
2015-12-11,170.08880615234375,171.99290640140862,169.777063426013,171.32731787527055,211173300
2015-12-14,170.94818115234375,171.07456751519047,168.46273695383752,170.24889727270963,182385200
2015-12-15,172.74270629882812,173.65263382267747,170.9228512511295,172.46467181743833,154069600
2015-12-16,175.27029418945312,175.57360339127476,172.5489448421551,173.87170104461467,197017000
2015-12-17,172.59950256347656,175.64943595529166,172.58264848036802,175.58203247875616,173092500
2015-12-18,169.5246124267578,171.990939022608,169.36357808243466,171.85534272480618,251393500
2015-12-21,170.92308044433594,171.10106921199636,169.5839681196295,170.7027250994136,99094300
2015-12-22,172.4740447998047,172.77068837905756,170.8213476941015,171.8129659575234,111026200
2015-12-23,174.60984802246094,174.65222752487347,173.38939077446773,173.48262050681188,110987200
2015-12-24,174.32174682617188,174.87265471918647,174.1013914284143,174.3556556150046,48539600
2015-12-28,173.9233856201172,173.9657522002466,172.8470080771526,173.62674196474214,65899900
2015-12-29,175.7794647216797,176.11000419116687,174.9912601915219,175.02515603836744,92640700
2015-12-30,174.53358459472656,175.61844569483083,174.3895046119371,175.53368667793808,63317700
2015-12-31,172.78759765625,174.4996283319424,172.78759765625,173.85550399676183,114877900
2016-01-04,170.37216186523438,170.38063259302376,168.31263696043297,169.92296757662837,222353500
2016-01-05,170.66033935546875,171.11800441894593,169.55006607762417,170.69423520252218,110845800
2016-01-06,168.5076141357422,169.55855361994318,167.47361611054276,168.10078633629848,152112600
2016-01-07,164.46481323242188,167.3379676138101,164.07493991579202,165.54966124512012,213436100
2016-01-08,162.65957641601562,165.99040922159983,162.37141644919652,165.4310307454849,209817200
2016-01-11,162.82064819335938,163.92245100876755,160.87979040343703,163.58342779426556,187941300
2016-01-12,164.1343231201172,164.88863193264896,161.99852229548307,164.26993239555065,172330500
2016-01-13,160.0406951904297,165.15135126879767,159.65930545504915,164.8038573828774,221168900
2016-01-14,162.66802978515625,163.79525734585224,159.04905033137382,160.65089730027674,240795600
2016-01-15,159.1761474609375,159.98130616540774,157.2352906709026,158.29471342215467,324846400
2016-01-19,159.38812255859375,161.125579444167,157.81170009187855,160.9984538147601,195244400
2016-01-20,157.3455047607422,158.91345603323416,153.42141061380045,156.82003507116355,286547800
2016-01-21,158.2269287109375,160.07455601390174,156.48947259392077,157.82011394437433,195772900
2016-01-22,161.4729766845703,161.67637756978309,160.0830145951894,160.84579377954975,168319600
2016-01-25,159.0321044921875,161.15942121561727,158.83717428171144,160.9644910051412,130371700
2016-01-26,161.2017822265625,161.48147141771702,159.35415493836427,159.69316508572288,141036800
2016-01-27,159.44741821289062,162.35446898867258,158.54054583268825,160.67634642111452,185681700
2016-01-28,160.27793884277344,161.20175231545826,158.6252420493451,160.99835143774757,143798800
2016-01-29,164.1851348876953,164.32074413134808,160.9305906344845,161.04924548957837,210529300
2016-02-01,164.1257781982422,164.913995501639,162.59173602316258,163.1765394893327,136061600
2016-02-02,161.16790771484375,162.70195017314046,160.6424251047614,162.69347944467827,182564900
2016-02-03,162.1340789794922,162.5408937414218,158.57442071468972,162.22730870956022,205054900
2016-02-04,162.38836669921875,163.3630307107808,160.99840420553886,161.63405802153412,139531800
2016-02-05,159.29483032226562,162.44767401937784,158.65917655966086,161.87135414883915,180788300
2016-02-08,157.15052795410156,157.74380209426354,154.92998205846396,157.44717149038573,191526700
2016-02-09,157.15907287597656,158.4388644101014,155.26906546131735,155.40467473806385,184513100
2016-02-10,157.02349853515625,159.6254356187222,156.89635997073597,157.98969213564482,148214100
2016-02-11,154.9808807373047,156.03183306590697,153.48073406696034,154.540157124354,219058900
2016-02-12,158.17613220214844,158.1930736627198,155.91320570425881,156.7607442996817,127632400
2016-02-16,160.84585571289062,160.87128083333212,159.02365310839127,159.98984648240122,120250700
2016-02-17,163.4731903076172,163.84610922621385,161.8882849035813,162.01542340714366,136009500
2016-02-18,162.8036651611328,163.8037673024715,162.4900800587421,163.74443340071596,102343000
2016-02-19,162.72732543945312,162.87987609949778,161.41363871530967,162.0238672203001,114793000
2016-02-22,165.08355712890625,165.22763712998835,164.24448931181553,164.31229394745625,103640300
2016-02-23,162.99862670898438,164.69370387726045,162.87995889208906,164.4224853227783,111455300
2016-02-24,163.74440002441406,164.02408922051424,160.4559601531812,161.56623327768256,150812200
2016-02-25,165.7276611328125,165.73614479396866,163.43083919888306,164.19361862314082,110728300
2016-02-26,165.34628295898438,166.69386607100247,165.18524857470337,166.6006492510621,129833700
2016-02-29,164.04954528808594,166.3124714663264,163.85461505974905,165.36323251190936,125918100
2016-03-01,167.90579223632812,167.9905512287441,164.80379934055793,165.27841866031164,141799700
2016-03-02,168.66014099121094,168.71099122584184,167.1769487965646,167.59224726673304,102415000
2016-03-03,169.3212432861328,169.3381976774874,167.90585551969394,168.4821755016354,95172200
2016-03-04,169.87216186523438,170.65190878747813,168.68561295297334,169.51619719155607,129293600
2016-03-07,170.0077667236328,170.41459456788377,168.8720680896945,168.94834346083672,100219000
2016-03-08,168.151611328125,169.43987330142576,167.99058989732075,168.931358027098,123974900
2016-03-09,168.9822235107422,169.32970445321385,168.1770516220122,168.96526912034506,94801200
2016-03-10,169.11781311035156,170.4145588097372,167.2871399250045,169.47379063247948,156838700
2016-03-11,171.84686279296875,171.88924229487964,169.10084694989558,170.5755553300917,137964500
2016-03-14,171.62652587890625,172.08419092432308,171.00782646841748,171.3383659268879,73612000
2016-03-15,171.3468780517578,171.65199246655303,170.39763895346726,170.6603738515718,93169100
2016-03-16,172.33843994140625,172.74526764883407,170.82135202956667,170.86373153230812,129303200
2016-03-17,173.4317626953125,173.94027790480766,171.8553409743026,172.25368500123147,134278500
2016-03-18,174.11328125,174.45403987673944,173.61917214185195,173.93437452154134,138372400
2016-03-21,174.36041259765625,174.59043193009674,173.61925508093245,173.84927441337294,72926700
2016-03-22,174.26663208007812,174.83740997309445,173.42324986461207,173.58510177528976,97471900
2016-03-23,173.11654663085938,174.07068117406587,172.9461543203369,173.88326003177772,81052500
2016-03-24,173.03990173339844,173.07398540240297,171.86427513496162,172.08576698704715,84360900
2016-03-28,173.14210510253906,173.670284874443,172.6905940718905,173.4573074826613,62408200
2016-03-29,174.7437286376953,174.85448106800217,172.42653301308934,172.73322105161398,92922900
2016-03-30,175.51043701171875,176.2345524447843,175.14410908748897,175.7489706836827,86365300
2016-03-31,175.0845184326172,175.84271768963617,174.92265347902105,175.41676275874656,94584100
2016-04-01,176.27719116210938,176.4646123760131,173.77257403004418,174.0877895256713,114423500
2016-04-04,175.7063751220703,176.40494731364376,175.39968711098373,176.20048430654924,63497000
2016-04-05,173.9514617919922,175.71490829463204,173.69588625562233,174.36037485071697,99662200
2016-04-06,175.8512420654297,175.9108819987053,173.7725798051346,173.95148660584778,91839800
2016-04-07,173.74697875976562,175.11855388129385,173.01433590604665,174.7607533712139,113859000
2016-04-08,174.21556091308594,175.36564438770728,173.678853558381,174.93116205328425,95040600
2016-04-11,173.80657958984375,175.55299666225463,173.71286902500879,174.85442463364734,83757500
2016-04-12,175.4252471923828,175.70637895860986,173.5340065825722,173.97700327472793,115350600
2016-04-13,177.19725036621094,177.28244655160904,176.20903181168921,176.34534050868106,96336400
2016-04-14,177.20571899414062,177.70835555952485,176.85644592213328,177.25684449163606,65212900
2016-04-15,177.0098114013672,177.34205569251114,176.68608152826383,177.20574700919272,75761600
2016-04-18,178.25357055664062,178.2876412212569,176.34528836040437,177.00977681284817,82531000
2016-04-19,178.81585693359375,179.07143246643165,177.99803082744637,178.67956124864358,88316100
2016-04-20,178.9862518310547,179.68481109835025,178.3813901613822,178.8584575632644,81100300
2016-04-21,178.02357482910156,179.11401822832732,177.75095747973978,179.00326580526027,85695000
2016-04-22,178.02357482910156,178.29617917935266,177.12055260778433,177.66577430739721,99251700
2016-04-25,177.7169189453125,177.75951703874168,176.80536914255757,177.41874529042127,66166500
2016-04-26,177.98094177246094,178.4920927025245,177.50387450392594,178.0831667588304,75864200
2016-04-27,178.34735107421875,178.7392223669733,177.239865552796,177.59766616757307,77329400
2016-04-28,176.72866821289062,178.69657757953746,176.3112407709417,177.589105346594,97216200
2016-04-29,175.77455139160156,176.4560818345169,174.66706604675312,176.10679569514488,142424100
2016-05-02,177.17164611816406,177.35053986028342,175.84266918026876,176.27713841023936,62188000
2016-05-03,175.6297149658203,176.17493667898285,174.88003023555515,175.93640299191867,106422100
2016-05-04,174.6499786376953,175.36559256553545,174.1473551043559,174.63294980542213,92243800
2016-05-05,174.61593627929688,175.47636041647687,174.18998141946528,175.1185598941116,67619200
2016-05-06,175.2548828125,175.2974809017674,173.68737192071026,173.84070944313868,89315000
2016-05-09,175.399658203125,175.8341273975962,174.94814717776038,175.127053904371,74374900
2016-05-10,177.58056640625,177.5976082392371,176.03861199821603,176.1067663310547,77472200
2016-05-11,175.91937255859375,177.65726281970865,175.91937255859375,177.12056848858697,81727000
2016-05-12,175.97047424316406,176.76275706283158,174.95669957023696,176.59236471512773,89586300
2016-05-13,174.43704223632812,176.22605797769782,174.11332535865,175.6723218191895,96474600
2016-05-16,176.15792846679688,176.63499593198063,174.54781927224496,174.6074592049497,77486800
2016-05-17,174.51368713378906,176.1749082575288,173.9854943412626,175.88526211269397,114924900
2016-05-18,174.56484985351562,175.74900402077907,173.47440628937858,174.1644511855311,120062100
2016-05-19,173.95993041992188,174.24957655198068,172.7502203985806,173.84066360089128,115430500
2016-05-20,175.05892944335938,175.57859488183973,174.52222217107837,174.5733346733698,104990400
2016-05-23,174.82037353515625,175.35706774007684,174.6329523845145,175.07593601411426,58682600
2016-05-24,177.0864715576172,177.40168699736577,175.6126713632845,175.63822761527615,93537800
2016-05-25,178.2876739501953,178.70511441325252,177.0864780659969,177.76800847541446,76621400
2016-05-26,178.3387451171875,178.6539604954542,178.02354273802914,178.42394127328302,55280700
2016-05-27,179.10552978515625,179.11404420389206,178.44955556734527,178.5006680779854,64211200
2016-05-31,178.76473999023438,179.4888684821183,178.20247643176768,179.37811605417784,109879400
2016-06-01,179.1310577392578,179.30995149823454,177.95541818382588,178.15135377669438,69936200
2016-06-02,179.67623901367188,179.69326784462248,178.25355168283988,178.73061893160897,63044700
2016-06-03,179.1395721435547,179.4888582432025,177.92986191953818,179.11401589227415,101757100
2016-06-06,180.05111694335938,180.4089174508064,179.33550292935516,179.49736784920003,64887000
2016-06-07,180.332275390625,180.89453902569903,180.1789378533028,180.20449410952318,60974800
2016-06-08,180.9200897216797,181.04788399796703,180.34079726633757,180.46857854351228,66170900
2016-06-09,180.6730194091797,180.79228625294073,179.91482025974642,180.1874246172955,73786900
2016-06-10,178.96070861816406,179.63371168076557,178.41547383443978,179.2929529400506,113829200
2016-06-13,177.58056640625,179.21623139704838,177.49538323953402,178.3558073182912,117751200
2016-06-14,177.23129272460938,177.82763992889195,176.27715799633438,177.1972220553613,125059300
2016-06-15,176.98423767089844,178.3558127884568,176.79681649962137,177.23128576079444,109124500
2016-06-16,177.51243591308594,177.68282826762095,175.1441277750987,176.98425601153977,149533100
2016-06-17,176.851318359375,177.4336232145888,176.19193298309247,177.40793406313585,117055700
2016-06-20,177.99024963378906,179.49740312152971,177.90461041893727,178.82090036435505,82789600
2016-06-21,178.49551391601562,178.90655346246095,177.93032637295858,178.37562683718943,72461700
2016-06-22,178.20436096191406,179.40323174690326,178.05877166179036,178.67533751313096,95560500
2016-06-23,180.5250244140625,180.57640272085703,179.20626662839652,179.66868445625815,102731400
2016-06-24,174.04251098632812,180.55925758658162,173.5972106180118,174.37648299588818,333444400
2016-06-27,170.9254608154297,172.63814073114858,170.11192740209458,172.62956896887508,230775800
2016-06-28,174.00823974609375,174.03392889401883,172.22705144527566,172.5353342870847,159382400
2016-06-29,176.97125244140625,177.20245486591145,175.30995051693523,175.41270715004865,137328600
2016-06-30,179.38612365722656,179.4375019734598,176.88561208907382,177.44224100393149,165021900
2016-07-01,179.7628631591797,180.2509831549735,179.22336486208323,179.38607152734784,106055300
2016-07-05,178.4698028564453,179.04354902517392,177.87036753588632,178.93222065610226,109803700
2016-07-06,179.54025268554688,179.660139766317,177.3137633950026,177.97314887259418,96021500
2016-07-07,179.42892456054688,180.38802120809515,178.65822376401155,179.72007703330806,85593800
2016-07-08,182.10073852539062,182.3490845010536,180.49938653078638,180.7306020437484,133971000
2016-07-11,182.74295043945312,183.31670973711095,182.35760005349943,182.56312635714005,73633900
2016-07-12,184.07029724121094,184.37002149534,182.76865666334592,183.7106359762836,101275600
2016-07-13,184.04458618164062,184.4984453238494,183.55647918972468,184.48988662810038,87324100
2016-07-14,185.07217407226562,185.54316362822968,184.67826503761194,185.31194819771827,91230900
2016-07-15,184.82388305664062,185.8343580900746,184.37858255148888,185.63740352819917,107155400
2016-07-18,185.32052612304688,185.48323279931054,184.68682987515425,184.9437344657437,58725900
2016-07-19,185.1322021484375,185.1664500093437,184.65265369545892,184.90098662049593,54345700
2016-07-20,185.90286254882812,186.14263672294737,185.1321617129752,185.1321617129752,58159500
2016-07-21,185.20066833496094,186.01418877817954,184.75536784532173,185.7915450667161,67777300
2016-07-22,186.0313720703125,186.08275039780207,185.05514464786248,185.32060805103598,62787500
2016-07-25,185.5260772705078,185.87717984720135,184.94377227505672,185.82580153192188,55873100
2016-07-26,185.6116943359375,185.97135556664537,184.7639130349545,185.4232984912746,70080500
2016-07-27,185.41473388671875,186.05698886395425,184.64402007400957,185.98848009837715,84083900
2016-07-28,185.62879943847656,185.91995186165403,184.75532910223458,185.21774688806295,65035700
2016-07-29,185.9285125732422,186.28817375872322,185.08074444557604,185.36333817703468,79519400
2016-08-01,185.77444458007812,186.38243880308625,185.32058532063337,185.98852962950355,73311400
2016-08-02,184.58409118652344,185.68020535052852,183.74488163805017,185.5260573545248,92295500
2016-08-03,185.12356567382812,185.18351574285276,184.22441917214476,184.52413031713562,53993600
2016-08-04,185.32052612304688,185.63736771363804,183.47082875085508,185.23488690394697,46585500
2016-08-05,186.8362579345703,186.87907754860166,185.3205455182115,185.3205455182115,71892200
2016-08-08,186.72500610351562,187.1274870921704,186.45954269966163,187.02471737021176,39906500
2016-08-09,186.8362579345703,187.33293671056828,186.5108576146977,186.7934513872506,51251700
2016-08-10,186.3738555908203,187.02466935145293,186.0227530199327,186.94760187980813,57941100
2016-08-11,187.23876953125,187.48711549338356,186.63933403651797,186.90479739370545,72504300
2016-08-12,187.07608032226562,187.29016536594972,186.67359939480238,186.93049099385203,61313500
2016-08-15,187.6155242919922,187.96662682206687,187.43570021239086,187.44425890823004,49813500
2016-08-16,186.64784240722656,187.26439508760507,186.64784240722656,187.19589939722582,53213600
2016-08-17,186.9989776611328,187.13599520889818,185.84292640198305,186.6821360152989,75134300
2016-08-18,187.41859436035156,187.45284221491596,186.8619785233682,186.97329385073712,52989300
2016-08-19,187.14453125,187.3243683930101,186.45946972753148,186.94757671562584,75443000
2016-08-22,187.13595581054688,187.3671712403833,186.5365204986652,186.90474038071045,61368800
2016-08-23,187.51283264160156,188.05233120074502,187.45288254982307,187.75260687528404,53399200
2016-08-24,186.55369567871094,187.4614140924167,186.13408432644323,187.3672161589163,71728900
2016-08-25,186.42527770996094,186.84488915425615,186.01423803122663,186.16837301073357,69224800
2016-08-26,186.07412719726562,187.64123108609726,185.1835392779529,186.6136256202095,122506300
2016-08-29,186.99038696289062,187.2558502495593,186.1682948837038,186.202555798138,70502200
2016-08-30,186.6821746826172,187.18741229459977,186.12555874625878,186.9048184438175,58114500
2016-08-31,186.1511688232422,186.46801040009504,185.37189639003745,186.34812333857965,85269500
2016-09-01,186.15977478027344,186.45092727976993,184.99515171557448,186.1426443195051,97844200
2016-09-02,186.9989776611328,187.42714769786517,186.425231379917,187.01610812128163,79293900
2016-09-06,187.56419372558594,187.64126120788876,186.56227725550565,187.2815998904277,56702100
2016-09-07,187.54702758789062,187.72686474577003,186.93903347642305,187.401451348994,76554900
2016-09-08,187.11883544921875,187.48706841784025,186.81055254837466,187.21303336521862,74102900
2016-09-09,182.6402130126953,185.85148834426704,182.61452385537976,185.80011002963596,221589100
2016-09-12,185.26060485839844,185.66308573066235,181.8095554728513,181.87806424544007,168110900
2016-09-13,182.5973663330078,184.2415374910919,181.97224181978828,183.9760741936991,182828800
2016-09-14,182.52891540527344,183.85624537953382,181.97229948060698,182.64880251520384,134185500
2016-09-15,184.35284423828125,184.73819456240514,182.1863054351994,182.36614255536884,134427900
2016-09-16,183.64024353027344,183.91566286896128,182.95172144898766,183.73491728635778,155236400
2016-09-19,183.6746368408203,184.9398162407312,183.34757973173168,184.29431708292827,80250500
2016-09-20,183.68328857421875,184.69026595750765,183.6488677215302,184.53535242133285,69665300
2016-09-21,185.74888610839844,185.92961855928027,183.70049744695777,184.389032664752,110284400
2016-09-22,186.91934204101562,187.22058024336306,186.51484130553288,186.7644285422411,76678700
2016-09-23,185.89520263671875,186.66119463948525,185.80052887760303,186.52348496573194,73630900
2016-09-26,184.38900756835938,185.2410581291245,184.19104501976238,185.06032570284137,89827300
2016-09-27,185.53370666503906,185.6283672822907,183.85539808536527,184.22549115622652,78494800
2016-09-28,186.45465087890625,186.60957756229942,184.79357207732076,185.75751363543384,87411000
2016-09-29,184.76771545410156,186.65257553302212,184.21688990373949,186.24806158308405,128070600
2016-09-30,186.1619873046875,186.86772632605005,185.35295947253545,185.6025467387852,117202900
2016-10-03,185.7144775390625,185.93824593406305,185.07758007721958,185.74891152765875,83512100
2016-10-04,184.76771545410156,186.05011213930064,184.17386712275135,185.82634377383752,119948100
2016-10-05,185.5853729248047,186.01570583006446,185.3271705551052,185.39602539587293,72816000
2016-10-06,185.7144775390625,185.93824593406305,184.81939082634156,185.36160138590418,62927400
2016-10-07,185.07749938964844,186.16194630142877,184.34594160989735,185.98981583164692,89788300
2016-10-10,186.04151916503906,186.5062729103624,185.89520755757215,186.04151916503906,51855000
2016-10-11,183.69187927246094,185.68002812749612,182.9603212862814,185.61117329361156,130367400
2016-10-12,183.932861328125,184.45786789847287,183.33038486862884,183.82957252016578,73866100
2016-10-13,183.3303985595703,183.82958624838614,181.78121078436132,182.59884058410307,101357000
2016-10-14,183.425048828125,184.7763001264698,183.34759207582513,184.3115333472409,93346200
2016-10-17,182.7881622314453,183.65742974968583,182.60741667912635,183.39922744610791,58275700
2016-10-18,183.932861328125,184.44925283705885,183.55416634194418,184.38901307073857,76869700
2016-10-19,184.42344665527344,184.73328683511878,183.8382002781858,184.1996782992193,66519200
2016-10-20,184.07916259765625,184.63858998416669,183.41644640897425,184.07054753672497,73639800
2016-10-21,184.16526794433594,184.25133977916985,183.11525459640927,184.07920924222017,89089100
2016-10-24,184.948486328125,185.31857947733505,184.59561017329463,185.04316009813513,60146600
2016-10-25,184.32882690429688,185.02596423000742,184.16529827081507,184.76776181570565,66542300
2016-10-26,183.95867919921875,184.5439255325537,183.26152899714793,183.50252745920315,75705500
2016-10-27,183.46812438964844,184.71608715528055,183.39066762060702,184.68166630216803,77220200
2016-10-28,182.92587280273438,184.12219753962472,182.21153186482982,183.4422774495756,140623200
2016-10-31,182.9345245361328,183.4853501412505,182.77099592742755,183.26156862082505,61272500
2016-11-01,181.60906982421875,183.31319741452177,180.39554113336976,183.26154643956252,122781800
2016-11-02,180.5160369873047,181.68654291870166,180.07708905508272,181.29923282963122,103330800
2016-11-03,179.68978881835938,180.94636655388044,179.41438261567328,180.73120012286577,88939300
2016-11-04,179.4918212890625,180.64511009121594,179.3455097066444,179.80166144380533,109122100
2016-11-07,183.45094299316406,183.48537698567577,179.4918874811342,179.4918874811342,109794900
2016-11-08,184.27713012695312,184.84517263024625,182.78818217079038,183.05498643159638,106772100
2016-11-09,186.23081970214844,186.85049996137897,182.75372345505315,182.77954237146156,258429000
2016-11-10,186.69566345214844,187.89198864318215,185.23253390762616,187.02272072815154,172113300
2016-11-11,186.26528930664062,186.5062746780134,185.31856481416693,185.97266608893338,100552700
2016-11-14,186.4115447998047,186.99680419175564,185.6627699879237,186.79023973588227,94580000
2016-11-15,187.8661346435547,187.8661346435547,186.59235290369466,186.79890429610978,91652600
2016-11-16,187.51321411132812,187.74559750549724,187.12591720952304,187.24640987081162,65617700
2016-11-17,188.47715759277344,188.5373973535631,187.55623913068183,187.66812985706682,69797200
2016-11-18,188.0554656982422,188.71818200051806,187.8747201129971,188.54605147768095,86265800
2016-11-21,189.47552490234375,189.50134381949704,188.48576472422937,188.63207629900276,72402600
2016-11-22,189.8456573486328,190.0263898062263,189.11408619017453,189.78540444095668,67429000
2016-11-23,189.9489288330078,190.0005666768912,189.1312989951807,189.32924844097278,56620200
2016-11-25,190.6546630859375,190.68908393437687,190.21571518886103,190.29318508010246,37872300
2016-11-28,189.7595672607422,190.62023294895837,189.65629158062544,190.3448267577416,76572500
2016-11-29,190.129638671875,190.5857903840373,189.49274140738675,189.79397961702512,69886700
2016-11-30,189.67355346679688,190.91291445241635,189.61330055065625,190.74938583171388,113291800
2016-12-01,188.9763641357422,189.97472631448642,188.61487300392184,189.97472631448642,79040500
2016-12-02,189.071044921875,189.5616307011736,188.70956688420517,189.0624429921866,74840300
2016-12-05,190.20709228515625,190.55135326245085,189.70790467517898,189.90585408048764,67837800
2016-12-06,190.80960083007812,190.8440348156055,189.91451419713022,190.39648493277275,59877400
2016-12-07,193.30555725097656,193.3657970321135,190.53421213342583,190.65470482841852,110738100
2016-12-08,193.77890014648438,194.2522689643216,193.01290810769973,193.27972553791193,99714400
2016-12-09,194.94940185546875,194.9666188482964,193.96824338777537,194.00267737343066,88005800
2016-12-12,194.7256317138672,195.33671019288985,194.30390075607875,194.85472632710983,102016100
2016-12-13,196.02520751953125,196.52439518214243,195.3711063406179,195.38832333111233,110477500
2016-12-14,194.40719604492188,196.42975280505453,193.9682480798635,195.72401367466105,142501800
2016-12-15,195.20761108398438,196.06827689759587,194.415800111388,194.64818355822416,124972600
2016-12-16,194.82583618164062,195.72621185016826,194.50551708174834,195.66560379876998,156420200
2016-12-19,195.25,195.6742166144554,194.8604203227072,195.00759428034576,90341100
2016-12-20,196.00320434570312,196.15039152554453,195.55302980660466,195.7867697060943,89838800
2016-12-21,195.45777893066406,196.04647475199613,195.45777893066406,195.8733296992585,67909000
2016-12-22,195.12014770507812,195.43181409403857,194.72190218191486,195.31061123222736,56219100
2016-12-23,195.40586853027344,195.41452116077593,194.972999222937,195.16344956485196,36697800
2016-12-27,195.8906707763672,196.2889031226138,195.65691766262628,195.67423613293508,42672500
2016-12-28,194.271728515625,196.1676980847761,194.159191485166,196.15039282478065,64095000
2016-12-29,194.22845458984375,194.69594760790088,193.78691946210515,194.34099162171321,48696100
2016-12-30,193.51853942871094,194.6440021997166,192.82594593808267,194.55742305959228,108998300
2017-01-03,194.9989776611328,195.50976029257782,193.82157257247454,194.82581936358508,91366500
2017-01-04,196.15908813476562,196.3062621374817,195.31932048799595,195.3279731198763,78744400
2017-01-05,196.00320434570312,196.15904415548493,195.2067264571573,195.89066731598953,78379000
2017-01-06,196.70443725585938,197.1719302021734,195.5703088001274,196.11572824592733,71559900
2017-01-09,196.05514526367188,196.58324627368603,196.02050832622643,196.44472494414634,46939700
2017-01-10,196.05514526367188,196.91221791869148,195.66555237307637,196.07245052227356,63771900
2017-01-11,196.60923767089844,196.60923767089844,195.30196395484305,195.9685863632232,74650000
2017-01-12,196.11575317382812,196.30621671212265,194.7565505161322,196.0897820740718,72113200
2017-01-13,196.56594848632812,196.86894906518972,196.25428206713286,196.28890579810013,62717900
2017-01-17,195.87335205078125,196.33219243744952,195.48377233513563,195.9252942515177,61240800
2017-01-18,196.30621337890625,196.34950294780577,195.57033033797964,196.12440247357696,54793300
2017-01-19,195.57894897460938,196.52260058230743,195.14607981033117,196.38407927930996,66608800
2017-01-20,196.2975311279297,196.79099515057976,195.63090885581107,196.26289419398807,129168600
2017-01-23,195.78677368164062,196.35816431223958,195.024932717631,196.29756948118217,75061600
2017-01-24,197.04208374023438,197.45763451266137,195.8906499742346,196.00318699398554,95555300
2017-01-25,198.7476348876953,198.7476348876953,197.8299407914106,197.9944332540477,84437700
2017-01-26,198.53982543945312,198.86881031930898,198.26278275954883,198.6004202693559,59970700
2017-01-27,198.2281494140625,198.76490306768792,198.04633851292922,198.61772910492357,59711100
2017-01-30,196.99880981445312,197.56153458824696,196.01186839525718,197.5355634885409,79737300
2017-01-31,196.9814910888672,197.0420991281839,195.93395484175775,196.50533224467114,75880800
2017-02-01,197.05938720703125,197.89915458354585,196.47069138562182,196.9814739148072,79117700
2017-02-02,197.18931579589844,197.47501116428077,196.36686663789612,197.05944705929295,69657600
2017-02-03,198.5484619140625,198.7302728092215,197.78662102655863,198.09828741103053,80563200
2017-02-06,198.19351196289062,198.5398152950767,197.8558744703351,198.14156976559306,57790100
2017-02-07,198.20216369628906,198.8254964397394,198.01170017967254,198.5830907295221,57931200
2017-02-08,198.46189880371094,198.59175429486405,197.6567551281981,198.20217461128354,51566200
2017-02-09,199.63931274414062,199.9423133072741,198.46190780053314,198.46190780053314,65955200
2017-02-10,200.42710876464844,200.65220922169698,199.65660205348237,199.98558689986365,66015900
2017-02-13,201.51797485351562,201.77769907197353,200.89464201326567,200.92061311409918,55182100
2017-02-14,202.32310485839844,202.33177069873477,200.98987324872715,201.3361633989964,71109000
2017-02-15,203.37928771972656,203.569751247365,202.05470886577277,202.1066510623794,86785800
2017-02-16,203.2061767578125,203.5871038770067,202.45298836039336,203.4052929482555,84722400
2017-02-17,203.5264434814453,203.5264434814453,202.52218373644433,202.53950220380506,77204100
2017-02-21,204.738525390625,204.91167046785708,203.8900920549793,203.8987578954206,88946100
2017-02-22,204.55670166015625,204.78178892544693,204.16712195825545,204.33161439486557,62115200
2017-02-23,204.6952362060547,205.09346856342964,203.93338201264498,205.07616330275954,74615900
2017-02-24,204.95492553710938,204.9982018915402,203.8034918126732,203.84678137722443,82381600
2017-02-27,205.27525329589844,205.44839835137117,204.6172968010536,204.86835514997097,56515400
2017-02-28,204.72120666503906,205.13675749190335,204.33162693922114,204.89435174205562,96961900
2017-03-01,207.58677673339844,208.05428292165232,206.36608227643924,206.38340074529486,149158200
2017-03-02,206.27951049804688,207.40497315954045,206.22756830307532,207.39630732029798,70246000
2017-03-03,206.40936279296875,206.57385521458173,205.81200113979344,206.19292817718758,81974300
2017-03-06,205.7947235107422,206.14966628858443,205.18869593709636,205.61291259662397,55391500
2017-03-07,205.18002319335938,205.8466455329481,204.972241199039,205.49168957977946,65103700
2017-03-08,204.79910278320312,205.73410197278264,204.66058144916434,205.47437777399028,78168800
2017-03-09,205.05882263183594,205.38780749066854,204.08919973437727,204.9203013007358,90683900
2017-03-10,205.77734375,206.0630389813079,204.82502631230705,206.01974942320942,81991700
2017-03-13,205.8812713623047,205.92456092949521,205.38780728467196,205.71677893305338,57256800
2017-03-14,205.09344482421875,205.38780595313332,204.4787778885102,205.33585054676877,59880800
2017-03-15,206.8682403564453,207.29245703537583,205.43111107855626,205.66486420450758,96081800
2017-03-16,206.4613494873047,207.08468237191573,206.13237778329358,207.00676906387022,78344000
2017-03-17,206.0987548828125,206.91609164929082,206.0987548828125,206.72479950106856,89002100
2017-03-20,205.8726348876953,206.3856394848311,205.481360419839,206.0987013370461,52537000
2017-03-21,203.22938537597656,206.60306877992002,203.09896494235707,206.48133861934434,131809300
2017-03-22,203.7075958251953,203.9945340186917,202.6381085713206,203.26415312665975,97569200
2017-03-23,203.49020385742188,204.6292530034348,203.11632316815843,203.70758005376297,100410300
2017-03-24,203.34237670898438,204.36838592204487,202.55982775894125,203.79452288355492,112504900
2017-03-27,203.13369750976562,203.39455159092938,201.38599772087088,201.66423234454643,87454500
2017-03-28,204.6119384765625,205.0379874675942,202.7164105337465,202.82945043794402,93483900
2017-03-29,204.80319213867188,205.03796219245166,204.09889524492522,204.32497502545124,61950400
2017-03-30,205.45530700683594,205.65530268652503,204.5684215614003,204.74231988790189,56737900
2017-03-31,204.97708129882812,205.64659049106066,204.92489986224118,205.11619199361942,73733100
2017-04-03,204.62057495117188,205.22922568375552,203.38587967433335,205.02924328610464,85546500
2017-04-04,204.75099182128906,204.83794761054727,203.95104897695813,204.33363322154915,56466200
2017-04-05,204.142333984375,206.41174202197652,203.93364805798294,205.4291973614838,108800600
2017-04-06,204.71620178222656,205.2378966750352,203.83799348780911,204.28144940442454,69135800
2017-04-07,204.5076141357422,205.20322092800038,204.02069336144027,204.4641362235518,74412300
2017-04-10,204.6293182373047,205.42926130274333,204.0989196184428,204.6467120534822,67615300
2017-04-11,204.38583374023438,204.49017008978706,202.89028414787975,204.24670976243561,88045300
2017-04-12,203.49020385742188,204.2988502069576,203.26413738955958,204.10755809277023,81864400
2017-04-13,202.1685791015625,203.8902083526426,202.1685791015625,203.15112388214533,92880400
2017-04-17,203.95977783203125,203.95977783203125,202.49031237727522,202.69029479628222,68405400
2017-04-18,203.35108947753906,203.89019149179717,202.66418650251418,203.22066906063267,83225800
2017-04-19,202.97720336914062,204.29015084555806,202.75112362906492,203.9162701486488,68699900
2017-04-20,204.6293182373047,205.07277431046776,203.27289246253508,203.59460509004998,92572200
2017-04-21,203.97714233398438,204.6031868958525,203.57717752742994,204.55101872696204,110389800
2017-04-24,206.22048950195312,206.42917546841417,203.9510810286112,206.2291797752084,119209900
2017-04-25,207.42039489746094,207.76819154765576,206.7769565002496,206.8639122965942,76698300
2017-04-26,207.2899627685547,208.272507550784,207.2464981376459,207.3856088382194,84702500
2017-04-27,207.46383666992188,207.76815536895333,206.92473470812456,207.61165088389535,57410300
2017-04-28,207.0116729736328,207.7507439809658,206.88123931286466,207.72465990232985,63532800
2017-05-01,207.53343200683594,207.9594942023241,207.11607335197746,207.53343200683594,66882500
2017-05-02,207.61167907714844,207.7942676678446,207.2030107316592,207.6725375181834,57375700
2017-05-03,207.3594970703125,207.70730694429366,206.68128440053687,207.6116608873976,73137700
2017-05-04,207.60299682617188,207.7421208022202,206.7508856911629,207.66386854104024,61462700
2017-05-05,208.4202880859375,208.43768189604322,207.53338951680195,207.9768454351646,62001300
2017-05-08,208.38551330566406,208.61157976621558,207.9594511982815,208.46376554959463,48385700
2017-05-09,208.1942596435547,208.84638833191315,207.84644971587488,208.64640591574235,51363200
2017-05-10,208.568115234375,208.568115234375,207.9420707076507,208.15075663908897,54293800
2017-05-11,208.14205932617188,208.3072673578563,207.0551783467639,208.1159752440733,62358300
2017-05-12,207.7942657470703,208.18554027682222,207.52472136585433,207.8899118114622,53912700
2017-05-15,208.9420166015625,209.0637467489809,208.20293217735656,208.22032598915663,61918900
2017-05-16,208.75076293945312,209.2637677075588,208.35948834119614,209.2376836188479,51241800
2017-05-17,205.04660034179688,208.7506855083303,204.98572864565472,208.7506855083303,172174100
2017-05-18,205.8726348876953,206.72474579265176,204.707488487347,204.9683425551142,107047700
2017-05-19,207.2117156982422,207.88123820265318,206.30743641771704,206.35960459018685,115011400
2017-05-22,208.26382446289062,208.42903252233745,207.65517366565936,207.72472238454952,61010600
2017-05-23,208.72463989257812,208.88984793530696,208.25509984823398,208.63768410137635,48341700
2017-05-24,209.21156311035156,209.3158994470322,208.6202929114487,208.959412540843,46927700
2017-05-25,210.21153259277344,210.48978057256082,209.51593917849283,209.72461189573943,64071700
2017-05-26,210.1680450439453,210.33323983789248,209.9419652681153,210.02021752855225,46629900
2017-05-30,209.9854278564453,210.23757843310824,209.68979938240147,209.846303891863,35201900
2017-05-31,209.9332733154297,210.31585760907262,209.23766671495093,210.2810699818729,91796000
2017-06-01,211.60272216796875,211.62011598164852,210.1071726137273,210.39411083527747,68962000
2017-06-02,212.3070068359375,212.46352461486995,211.3592496925739,211.65487817016762,88666100
2017-06-05,212.1505126953125,212.42005710085908,211.95051700870053,212.1331188817827,44698800
2017-06-06,211.47227478027344,212.14178394429635,211.39400926248635,211.58530138580454,50375400
2017-06-07,211.863525390625,212.089591843767,211.1418348736546,211.8113572297145,54144300
2017-06-08,211.9678497314453,212.44607995874293,211.43745134618584,211.95915946098117,65950700
2017-06-09,211.64617919921875,213.0373790017962,210.37669627762057,212.23743613010615,132256400
2017-06-12,211.60272216796875,211.6548903414156,210.7506110439543,211.40273974722496,86108100
2017-06-13,212.6373748779297,212.6895430365854,211.7939542660925,212.14175083552306,60067000
2017-06-14,212.36788940429688,212.91566848958766,211.54184910468186,212.90697821659944,78602300
2017-06-15,211.9591827392578,212.08091287706716,210.7331778221556,211.01141245103847,66464900
2017-06-16,212.00547790527344,212.1714915818924,211.12300028970273,212.11906901712646,84553100
2017-06-19,213.7704620361328,213.83161725538326,212.73943596892255,212.83554845542272,65123800
2017-06-20,212.3288116455078,213.4209931218109,212.31134634113823,213.41226046962612,56906400
2017-06-21,212.2763671875,212.8355635124365,211.8045507045785,212.72198571656747,55977600
2017-06-22,212.18026733398438,212.78315361584285,212.00552097183666,212.28512581710726,44148100
2017-06-23,212.43362426757812,212.76563829873103,211.85694937284703,212.24139930266776,66986800
2017-06-26,212.57345581054688,213.5258481751077,212.36376550313716,213.1064408957019,56700500
2017-06-27,210.86093139648438,212.6521117287246,210.8434527593857,212.35502822722248,82247700
2017-06-28,212.7482147216797,212.94917237630065,211.64728728268415,211.88320220993936,70042600
2017-06-29,210.87838745117188,212.94915909376837,209.66388228260166,212.89673652037996,106949700
2017-06-30,211.27159118652344,212.06670251511287,211.07936617670416,211.69098514781385,86820700
2017-07-03,211.6298370361328,212.65211735058313,211.6298370361328,212.21524473762346,39153800
2017-07-05,212.11912536621094,212.3288156809787,211.1842116052259,211.99680157183187,54427600
2017-07-06,210.17935180664062,211.4724906083218,209.9958594996954,211.35016684778833,65400800
2017-07-07,211.54241943359375,211.69095449562056,210.18811190861874,210.75605420350075,57972300
2017-07-10,211.76954650878906,212.1452637474477,211.23656158810292,211.5423776350974,36663300
2017-07-11,211.61228942871094,211.9268381408142,210.4414744073282,211.76955711861768,50354600
2017-07-12,213.2025604248047,213.36857414517152,212.58220880187906,212.58220880187906,59610400
2017-07-13,213.56080627441406,213.6743974199874,212.98413122621804,213.21131351736477,39471600
2017-07-14,214.5568389892578,214.91507767060173,213.46465764293498,213.56077013470306,60262700
2017-07-17,214.5305938720703,214.86262121532513,214.3558475506745,214.47817130888055,33531900
2017-07-18,214.64422607421875,214.69664864744482,213.77921361911146,214.1199736773733,42742500
2017-07-19,215.8062744140625,215.81500706411677,214.9499947463001,214.9587407286445,51034300
2017-07-20,215.90245056152344,216.18204210090028,215.35198680310506,216.05971830261777,47135200
2017-07-21,215.71017456054688,215.73638584453403,215.0985423814042,215.3257246190141,82340800
2017-07-24,215.65773010253906,215.79751915885112,215.1859003740809,215.63150548892287,46622300
2017-07-25,216.1820526123047,216.51408008048458,215.954883642247,216.4092215823624,54915600
2017-07-26,216.1907501220703,216.5052989007153,215.92863725010994,216.47035496188477,47575400
2017-07-27,215.98980712890625,216.68880594357,214.66171071427445,216.6538620023689,70766600
2017-07-28,215.73643493652344,215.86749138628178,215.05491473319208,215.50925264721698,50088400
2017-07-31,215.61412048339844,216.23447214886414,215.40441682240316,216.13835963744478,65838700
2017-08-01,216.09463500976562,216.25190272133574,215.57038263994878,216.21695878508402,55050400
2017-08-02,216.19949340820312,216.33929582636586,215.2645797355687,216.2257046950721,47211200
2017-08-03,215.7800750732422,216.11208911345005,215.50047026855043,216.08587782954655,40856000
2017-08-04,216.1732940673828,216.5053081635014,215.7888440623362,216.26940656864448,60191800
2017-08-07,216.57516479492188,216.57516479492188,216.13829230316964,216.24315076714765,31995000
2017-08-08,216.042236328125,217.48392392735892,215.66653228645106,216.26067263113373,61719400
2017-08-09,216.03346252441406,216.0858850939834,214.99370378698433,215.35194245542993,62632600
2017-08-10,212.9840850830078,215.32572871125976,212.93166251403724,215.1946589565421,120479500
2017-08-11,213.29867553710938,213.8928292103017,212.97539407704951,213.21130901583865,74869900
2017-08-14,215.4131622314453,215.63159855830673,214.54816290974313,214.583106855831,73291900
2017-08-15,215.38694763183594,215.81508762553713,215.08114477830233,215.79760898661388,55242700
2017-08-16,215.7626190185547,216.3130827027136,215.33447911617642,215.9111540869817,56715500
2017-08-17,212.3987274169922,215.46558174531143,212.3987274169922,215.15103292528622,128490400
2017-08-18,212.06666564941406,213.35980458243137,211.6210471439841,212.23266600876988,136748000
2017-08-21,212.2327117919922,212.4948380283871,211.29781132534652,212.00554283100684,65469700
2017-08-22,214.45196533203125,214.6092330254908,212.80058788925598,212.81806652151482,63140100
2017-08-23,213.68310546875,214.11124537928853,213.33361275194193,213.48214782319997,50203800
2017-08-24,213.18508911132812,214.224834665884,212.9753854706238,214.0675669345757,50741700
2017-08-25,213.68310546875,214.60054051573684,213.53457039749193,213.9801756112661,64445900
2017-08-28,213.69183349609375,214.24228381219737,213.27242627241588,214.21607252725394,40565600
2017-08-29,213.93653869628906,214.19865161635875,212.25893601407296,212.37252716763317,51135700
2017-08-30,214.95004272460938,215.2209149242336,213.73553748147458,213.9190298318919,62030800
2017-08-31,216.24319458007812,216.48784215844407,214.9849994157429,215.5704070734252,103803900
2017-09-01,216.5489959716797,216.97713589716864,216.4004608952349,216.61889718394073,62007000
2017-09-05,214.99374389648438,216.26941776725877,214.0238861816397,216.0422354803531,91398800
2017-09-06,215.72767639160156,216.0597038213834,215.14226872960788,215.67525381475036,57916900
2017-09-07,215.70147705078125,216.05098313630353,215.29081573297626,216.03350449895393,58034700
2017-09-08,215.4480438232422,215.9111276069241,215.20339628968537,215.41308655713942,63832800
2017-09-11,217.74606323242188,217.82469710647624,216.70630423449893,216.72376954053678,71364800
2017-09-12,218.4799346923828,218.51487862533938,217.92947108921194,218.11296340103235,56896000
2017-09-13,218.5847625732422,218.6197198357303,218.0779889254784,218.19158003013092,59228000
2017-09-14,218.51487731933594,218.71584826257865,218.08675081479768,218.2614971431168,95446300
2017-09-15,218.80909729003906,218.8968973873846,218.26469113173852,218.37005660793648,95432400
2017-09-18,219.2744598388672,219.6256869939277,218.88810192922634,219.17787036145697,46235200
2017-09-19,219.4940185546875,219.58183205804167,219.16913270950405,219.52035992600184,47108100
2017-09-20,219.57298278808594,219.6871376316229,218.57197075575138,219.58177217510004,59574100
2017-09-21,218.98471069335938,219.50277548216133,218.80909710036224,219.4149753848919,48211400
2017-09-22,219.02859497070312,219.19543255639465,218.6598024437067,218.68614381003096,51214000
2017-09-25,218.58074951171875,219.12516897370986,217.83438852113932,218.77392845009368,57064400
2017-09-26,218.7125244140625,219.2569306137077,218.4754386761534,219.01106888493507,54082000
2017-09-27,219.56423950195312,219.9505974313564,218.52809656414811,219.41496728349418,81001400
2017-09-28,219.82769775390625,219.90672186927455,219.19547803404043,219.28327814051863,44778800
2017-09-29,220.60040283203125,220.67944034675793,219.63452125903075,219.81891086365326,85578000
2017-10-02,221.55747985839844,221.55747985839844,220.65304379358867,220.82867077220482,59023000
2017-10-03,222.03163146972656,222.05797283606884,221.4784359796249,221.55747347710866,66810200
2017-10-04,222.2950439453125,222.5409056140124,221.7681898561236,221.88234470175428,55953600
2017-10-05,223.61215209960938,223.6297040759749,222.33014770679983,222.6286920864763,63522800
2017-10-06,223.35751342773438,223.64728183527401,222.9009208447531,223.1643344893746,80646000
2017-10-09,222.9887237548828,223.64728467170082,222.72529670846438,223.58582595332834,35803100
2017-10-10,223.5770263671875,223.9546082428029,223.0150549464098,223.5594743904281,43057400
2017-10-11,223.9282989501953,223.9282989501953,223.3136447141977,223.4804689080376,47674300
2017-10-12,223.59461975097656,223.9634122859535,223.35753405047097,223.61218512839181,47065100
2017-10-13,223.86680603027344,224.14779845402973,223.59460299379467,224.03364360707172,54800400
2017-10-16,224.16537475585938,224.35855371853964,223.75268886117814,224.09514004075535,38221700
2017-10-17,224.3234100341797,224.36731677481,223.89314541353218,224.11266571822773,31561000
2017-10-18,224.54293823242188,224.7448931682736,224.34975928562233,224.70098642609977,40888300
2017-10-19,224.60440063476562,224.63953138846324,223.33997486924443,223.76145012441816,61903800
2017-10-20,225.7634735107422,225.7898416751692,224.58686116547295,225.40348375371684,89176400
2017-10-23,224.88539123535156,226.11472650575618,224.80636713315383,226.08838513835693,63915300
2017-10-24,225.2805633544922,225.5176356871953,224.92054676244217,225.31569411386528,66935900
2017-10-25,224.16537475585938,225.06102145569892,223.032655746014,224.94686659635397,103715300
2017-10-26,224.4551544189453,225.05224331637783,224.33222356368222,224.78005363521498,69798000
2017-10-27,226.29031372070312,226.44838871295423,224.46391649289177,225.20150153471445,85562500
2017-10-30,225.44737243652344,226.19374689647515,225.14882801192564,225.2015107458597,54285700
2017-10-31,225.79861450195312,226.05326559738907,225.50007005764587,225.82495587065915,60304800
2017-11-01,226.0971221923828,226.92252067355219,225.72834309044615,226.58008293603956,54202700
2017-11-02,226.1849365234375,226.3254327331981,224.95562818417207,226.0268883362988,56449500
2017-11-03,226.94007873535156,226.9839720730816,225.93026399846596,226.34296320138432,59589700
2017-11-06,227.29135131835938,227.42305815481896,226.73815580831425,226.8083905221211,49652600
2017-11-07,227.13333129882812,227.73042022947897,226.6240290721003,227.39674500443346,57502200
2017-11-08,227.51959228515625,227.61619514535792,226.6766418903258,226.9576342875726,50469600
2017-11-09,226.6942138671875,226.88739278488964,225.10486239155543,226.30785603178325,95085500
2017-11-10,226.6240234375,226.79965043481567,225.9918037628481,226.3079269986328,59984700
2017-11-13,226.83473205566406,227.06304177030458,225.903968014781,225.93909877016756,50228600
2017-11-14,226.30784606933594,226.41321151127892,225.24534867029251,226.02685369288272,61315200
2017-11-15,225.17514038085938,225.8600426307149,224.46389676742908,225.3331885623081,80811500
2017-11-16,227.08935546875,227.45816136308622,226.07956744896717,226.1234607901662,67777000
2017-11-17,226.42201232910156,227.0630212716927,226.34298823430197,226.7381355052124,75756800
2017-11-20,226.80845642089844,227.00163543613857,226.4220983904181,226.6679869524716,48075500
2017-11-21,228.2923583984375,228.47677477312163,226.77329483434357,227.58111465870104,69176800
2017-11-22,228.0904083251953,228.43284609969461,227.92357073351891,228.30113926334872,45033400
2017-11-24,228.6172332763672,228.72262554125498,228.44163309538325,228.58212931831912,27856500
2017-11-27,228.5030517578125,228.95964427784585,228.3010834601723,228.66109992279618,52274900
2017-11-28,230.8212127685547,230.84755413404903,228.87187133123342,228.96847420265473,98971700
2017-11-29,230.68077087402344,231.48861760093604,230.23296755517129,230.95297398053415,77512100
2017-11-30,232.70033264160156,233.6135178949317,231.52370692153366,231.60273102248064,127894400
2017-12-01,232.2173614501953,232.9637358771509,228.96847688126124,232.48080190513375,164390900
2017-12-04,231.93643188476562,234.2721048076017,231.88372234804987,233.84185350027676,94040600
2017-12-05,231.1022186279297,232.8232504663681,230.97051179280436,231.1022186279297,77994500
2017-12-06,231.1460723876953,231.57635037130103,230.6806904520112,231.19875511272298,75898600
2017-12-07,231.8749237060547,232.19102009570022,230.88268759925626,231.8749237060547,77218600
2017-12-08,233.13938903808594,233.14815162972894,231.83981898637006,232.8320552045884,76563900
2017-12-11,233.84178161621094,233.90325372605125,233.1129860750919,233.84178161621094,83077500
2017-12-12,234.25457763671875,234.7287491420404,233.8770090292035,234.63214624423398,85195800
2017-12-13,234.2282257080078,234.93946953547635,234.14041220402868,234.50042881249976,102905400
2017-12-14,233.2711181640625,234.64092306434858,233.21843542150683,234.52676818983826,100666700
2017-12-15,235.21365356445312,235.68141441656053,234.22517983425556,234.27813186023835,144610300
2017-12-18,236.70521545410156,237.05823796393864,236.51104903360752,236.61695309316954,83653600
2017-12-19,235.7960662841797,236.99634767799444,235.72544565284988,236.95222998382272,82382900
2017-12-20,235.67254638671875,236.81987603073307,235.37247597111323,236.76692401232535,76751500
2017-12-21,236.15792846679688,236.87283452131612,235.91081009094583,236.29914281498074,67032300
2017-12-22,236.09622192382812,236.21096029077958,235.55784041749172,236.17564996235862,78720900
2017-12-26,235.81373596191406,236.0343783267174,235.54897589770303,235.69016330936063,45244400
2017-12-27,235.92855834960938,236.29041518886274,235.65496387449696,235.98151038131553,57751000
2017-12-28,236.4139862060547,236.45813085978682,236.0433219445161,236.43165484110548,45116100
2017-12-29,235.52249145507812,237.0140361130035,235.3283520153308,236.99639441863133,96007400
2018-01-02,237.208251953125,237.2435622831173,235.99913575631692,236.38746858456201,86655700
2018-01-03,238.70860290527344,238.85865158951364,237.3759141786167,237.3759141786167,90070400
2018-01-04,239.71469116210938,240.20012055188528,238.77036225821254,239.35286136561325,80636400
2018-01-05,241.31211853027344,241.43566423109766,240.0147405352873,240.50897720634123,83524000
2018-01-08,241.7534942626953,241.91235033811418,240.9238766236564,241.2151127619243,57319200
2018-01-09,242.30064392089844,242.92726073953824,241.89464254870086,242.1770712596511,57254000
2018-01-10,241.929931640625,242.19471863411124,240.87086446832592,241.54159893061743,69574300
2018-01-11,243.69503784179688,243.69503784179688,242.31823184876015,242.4859221753114,62361500
2018-01-12,245.2837371826172,245.4514006152057,243.65978553530948,243.95988287922933,90816100
2018-01-16,244.4453125,247.19892544746014,243.74807494795473,246.5458325374283,106555100
2018-01-17,246.7752227783203,247.16355547811466,244.44525351343543,245.38077494460876,113258800
2018-01-18,246.36050415039062,247.08419079105386,245.8662403689767,246.66057459825356,100728000
2018-01-19,247.48135375976562,247.48135375976562,246.36050002324106,246.94297227858362,140920100
2018-01-22,249.49356079101562,249.49356079101562,247.21651651959604,247.26949546594085,91322400
2018-01-23,250.0231170654297,250.31435314470886,249.21114128793693,249.5376876881201,97084700
2018-01-24,249.9259490966797,251.26747156937816,248.74330955576826,250.66730402080887,134816100
2018-01-25,250.0319061279297,250.88799954342272,249.23759903602138,250.79092983540207,84587300
2018-01-26,252.92672729492188,252.97087192533644,250.61439977182803,250.87035243981435,107743100
2018-01-29,251.2499542236328,252.79445131230636,251.09109813007467,252.3531664298282,90118300
2018-01-30,248.67286682128906,251.30290749615958,248.19627160436875,249.41422219544737,131796400
2018-01-31,248.79640197753906,250.03199421513142,247.7196658275177,249.52894993782323,108364800
2018-02-01,248.5139923095703,249.8202053091225,247.71968487674366,248.06390002684114,90102500
2018-02-02,243.10377502441406,247.32245607854946,243.06846470358377,247.1900491089066,173174800
2018-02-05,232.9365997314453,243.45684174130463,232.389410861459,241.33867998198522,294681800
2018-02-06,237.5260009765625,238.02907219787795,228.32080495402354,229.41518282448556,355026800
2018-02-07,236.2374267578125,240.37665357916381,236.15797178860365,236.96994770614245,167376100
2018-02-08,227.37643432617188,236.67872643225567,227.3411239969614,236.53751204930325,246449500
2018-02-09,230.79197692871094,232.65418607049958,223.21952727425176,230.17416736414123,283565300
2018-02-12,234.18099975585938,235.65490274640032,230.93315029553423,232.84831112453494,143736000
2018-02-13,234.76351928710938,235.31070814294307,232.38940485088588,232.97190403306325,81223600
2018-02-14,237.93190002441406,238.2937567389354,233.26309998978257,233.27193430331909,120735700
2018-02-15,240.96800231933594,240.97683663511486,237.2082468064873,239.67945810841988,111200300
2018-02-16,241.0384979248047,242.98899554569596,240.29714291617378,240.34128754320906,160420100
2018-02-20,239.5294189453125,241.5328694668413,238.73511157638364,240.08544218372992,86369700
2018-02-21,238.33786010742188,242.45947113260897,238.24079039988808,239.97061891441587,98883700
2018-02-22,238.64678955078125,240.98559335995316,237.97605503981436,239.26459897986842,110511300
2018-02-23,242.45065307617188,242.45065307617188,239.39697023239063,239.87356529065386,92766400
2018-02-26,245.26611328125,245.36320995349186,242.93614328801118,243.5274499017137,86491400
2018-02-27,242.2035675048828,246.16632330169108,242.14178116909667,245.45141715052657,99099200
2018-02-28,239.75003051757812,243.75690411099282,239.43231838445774,243.30678498851844,121907800
2018-03-01,236.263916015625,241.0915732815279,234.76353677396497,239.5382420133518,176855100
2018-03-02,237.48179626464844,238.04665368969444,233.72206839798824,234.58696929599878,139083200
2018-03-05,240.22659301757812,240.84440243767995,236.18440964718673,236.2903406110572,97307400
2018-03-06,240.83558654785156,241.2857056436137,239.33520751790135,241.2062506811617,79213200
2018-03-07,240.7473907470703,241.1004132829025,238.47037249714367,238.66453893193534,87063500
2018-03-08,241.9123077392578,242.03585346486528,240.4295974286648,241.42687834910672,66901200
2018-03-09,246.1221466064453,246.12214660644534,243.00667741904286,243.3244164374985,113625300
2018-03-12,245.81326293945312,247.04004755005172,245.4249301802626,246.4134307070383,71924800
2018-03-13,244.22462463378906,247.4813081303732,243.61564954523217,246.97823706871617,91968900
2018-03-14,242.97140502929688,245.3719954672908,242.41540879449664,245.18666338902403,105895100
2018-03-15,242.70664978027344,244.12757396526632,242.2035786238685,243.48331536899235,83433000
2018-03-16,242.96974182128906,244.0242078062755,242.9165777415208,243.23556222013033,100343700
2018-03-19,239.6822509765625,243.14692069779304,238.02524090157112,242.21652235847333,109208400
2018-03-20,240.08998107910156,240.72797728381647,239.40766343245355,240.08111138236328,59757300
2018-03-21,239.62916564941406,242.1456984724284,239.4165092829428,240.04563572825745,78709600
2018-03-22,233.63917541503906,238.24690239279835,233.36445815337305,237.39624968089484,148785900
2018-03-23,228.65919494628906,234.41003001905378,228.46425092616556,234.08217576742703,183534800
2018-03-26,234.91514587402344,235.19870579784114,229.8643665596137,232.27457182853883,141956100
2018-03-27,230.91879272460938,236.38604127171342,229.35924045775252,235.85440030961038,129941400
2018-03-28,230.2364959716797,232.72647423159816,229.1288654638955,231.05172392378344,146452300
2018-03-29,233.17835998535156,235.04805427119987,230.2453566786062,231.37956919261867,111601600
2018-04-02,228.14529418945312,233.16064818985345,225.6641992387949,232.6466925096968,186286300
2018-04-03,231.06944274902344,231.5479467134818,227.58705882503244,229.38584973838687,119956900
2018-04-04,233.54161071777344,234.25048323050345,227.37433332341269,227.50724353933046,123715300
2018-04-05,235.3848114013672,236.27091589775824,234.21514697610783,235.30503819994038,82652600
2018-04-06,230.1389923095703,234.91508006026478,228.61489194824514,233.41758878599526,179521200
2018-04-09,231.27320861816406,234.6758456838574,230.3339402790706,231.60106286308744,105442900
2018-04-10,234.9506072998047,235.73925330006728,233.02777564109286,234.1708309980775,103529000
2018-04-11,233.7189178466797,235.38479853552198,233.39106352761723,233.4619399850787,91140200
2018-04-12,235.6416473388672,236.58978517772675,234.8707411295748,235.04797275914203,68890500
2018-04-13,234.9506072998047,237.06841007571214,233.94046221203178,236.9532121618074,85079200
2018-04-16,236.88229370117188,237.65322729745358,235.76582046851962,236.5898911273673,63405300
2018-04-17,239.4165496826172,240.01909418379762,238.14055718496436,238.65448583790996,64682000
2018-04-18,239.59371948242188,240.40005048029855,239.1329280073458,239.85953991669405,57303900
2018-04-19,238.2645721435547,239.14180665123268,237.22781832759082,238.93799294949505,77655900
2018-04-20,236.24424743652344,238.4152137238407,235.35814316280315,238.19368765541063,99953100
2018-04-23,236.20884704589844,237.37851129761083,235.12779863902955,236.82026122103179,65558000
2018-04-24,233.0277099609375,237.4582312976533,231.52132188975162,237.2367052308175,112885500
2018-04-25,233.6037139892578,234.04676620194712,231.14034476837557,232.96571772131472,103840900
2018-04-26,235.9784393310547,236.81137955531955,234.18851833942054,234.63157049948663,67731900
2018-04-27,236.199951171875,236.89111141824148,235.26068281249894,236.58983921256956,57053600
2018-04-30,234.38348388671875,237.37852109037573,234.31258039121522,236.82027099076672,82182300
2018-05-01,234.79995727539062,234.90628547835206,232.2568148930129,233.8163673144759,74203400
2018-05-02,233.22268676757812,235.42020835279004,232.83279867179667,234.60500745561788,86368900
2018-05-03,232.7086639404297,233.36437234790844,229.54526568392686,232.3896794314137,136311500
2018-05-04,235.72145080566406,236.4037684079162,231.40612728920104,231.73398154608535,91222100
2018-05-07,236.51898193359375,237.4936750725486,235.80121254098256,236.49239988510877,55304900
2018-05-08,236.51898193359375,236.8822609156357,234.95055994770482,236.14680621304566,67499200
2018-05-09,238.80511474609375,239.1329690185073,236.66960008535708,237.19239839025408,59666100
2018-05-10,241.03805541992188,241.36593668990807,239.44307867218376,239.54940684979908,72063900
2018-05-11,241.7735595703125,242.0393800391095,240.64818982163953,241.1621454503227,59871500
2018-05-14,241.88877868652344,242.86347185217335,241.33937126652262,242.2077632770796,54790600
2018-05-15,240.22286987304688,240.67476465646027,239.27473182648828,240.6570523063235,87036100
2018-05-16,241.2330780029297,241.69386964502854,240.2317756013078,240.25838469613322,53942600
2018-05-17,241.02919006347656,242.11023817033077,240.24941411207328,240.96715628512592,56536400
2018-05-18,240.42672729492188,241.04701127506422,240.07229089559647,240.68370517718242,64368000
2018-05-21,242.2343292236328,242.7748669107104,241.52545659723572,241.9153446542813,58025900
2018-05-22,241.56089782714844,243.01412196497793,241.23304353896373,242.75714412757947,52966400
2018-05-23,242.2254180908203,242.2520271754717,240.12535557656594,240.28487487571076,64694200
2018-05-24,241.72927856445312,242.10145432477856,239.9393573443921,241.8267641138227,76043800
2018-05-25,241.15318298339844,241.78230921203334,240.64809724523198,241.15318298339844,56374800
2018-05-29,238.37979125976562,240.28493731566547,237.26331812614362,239.5228734849536,115908600
2018-05-30,241.56089782714844,242.00395000939997,239.62035414730505,239.69123059809127,69678400
2018-05-31,240.0811309814453,241.45458200008494,239.47858647273637,241.15330974573047,93519900
2018-06-01,242.43812561035156,242.7393978071124,241.31275591818755,241.3836594008109,71258400
2018-06-04,243.590087890625,243.84706573171275,243.0229951509164,243.26223359773354,45385200
2018-06-05,243.76731872558594,244.1483371164303,242.952090803032,243.72299728182483,51135000
2018-06-06,245.80532836914062,245.91165655887366,243.75842959150788,244.37871342062695,62732200
2018-06-07,245.77877807617188,246.58513634150475,244.86609160736845,246.2927337819607,72969400
2018-06-08,246.50531005859375,246.55847414304725,245.14957182152577,245.31793376954582,72139700
2018-06-11,246.83314514160156,247.5508872678832,246.61161912628623,246.72681698093018,58892500
2018-06-12,247.15225219726562,247.51553120606124,246.50538624748145,247.24971070163508,72329000
2018-06-13,246.36366271972656,247.64852521615128,246.1598489251491,247.39154730851303,79070600
2018-06-14,246.9838409423828,247.51548184521252,246.39013921188302,247.23194904428834,77097600
2018-06-15,246.66879272460938,247.00702872944925,245.08444551498079,246.19704965553981,120041600
2018-06-18,246.1614532470703,246.28607795649867,244.72843206777574,245.20905752737158,52917600
2018-06-19,245.2179412841797,245.44046210204192,243.46447615289787,243.8828163770063,97531500
2018-06-20,245.63624572753906,246.30380808388492,245.2980097875481,245.9032598048047,53785500
2018-06-21,244.0963592529297,245.64512218211922,243.59791493368056,245.6273031372458,71061400
2018-06-22,244.54148864746094,245.47609245431548,244.31896781199862,245.360377273765,54898500
2018-06-25,241.21255493164062,243.54456864427982,239.52140223007044,243.38436018230868,137854200
2018-06-26,241.74661254882812,242.60108485046902,241.02564730007097,241.78222348399203,68547400
2018-06-27,239.7439727783203,243.7671400272403,239.59264664627253,242.33411877031796,105110700
2018-06-28,241.11468505859375,241.88014368011622,238.97846334706026,239.69054630530056,76650500
2018-06-29,241.4617462158203,243.5801483744462,241.34603106482598,242.20941277242105,97592500
2018-07-02,241.97801208496094,242.13824770919948,239.64599838566832,239.886338240434,63554800
2018-07-03,241.12355041503906,242.97493881270262,240.69632783341322,242.87701552895638,42187100
2018-07-05,243.0906524658203,243.15296481994318,241.17697868190083,242.25399910080768,56925900
2018-07-06,245.14671325683594,245.52053296865532,242.73456836154568,243.1173247602702,66493700
2018-07-09,247.35409545898438,247.4074982735279,246.10798451433288,246.15247780539204,50550400
2018-07-10,248.2441864013672,248.34210967323426,247.5143116953842,247.80805434780328,51966800
2018-07-11,246.42845153808594,247.47877048522207,246.12582647304228,246.68658330301818,77054700
2018-07-12,248.66258239746094,248.7159852256752,247.08714463876333,247.6923948006506,60124700
2018-07-13,248.8583221435547,249.1609471276051,248.03055140807737,248.48450246574282,48216000
2018-07-16,248.63584899902344,249.04527968372676,248.1908073790288,248.90289026893112,48201000
2018-07-17,249.64169311523438,250.03333198559278,247.80812347818818,247.8615263093107,52315500
2018-07-18,250.16677856445312,250.2735842008689,249.27669537674407,249.7217369705986,44593500
2018-07-19,249.2233123779297,249.8819652969949,248.7426598126518,249.49923601500757,61412100
2018-07-20,248.93849182128906,249.6505747620514,248.77828334581258,249.01859605902732,82337700
2018-07-23,249.40133666992188,249.60603843228955,248.38662873003238,248.7337742346846,47047600
2018-07-24,250.65635681152344,251.50194685139243,249.7840925211196,250.81659245704824,68026900
2018-07-25,252.7925262451172,253.11294314347867,250.36258944647994,250.4070827390805,78882900
2018-07-26,252.19613647460938,252.88149066704878,251.97361570474436,252.07153896833853,57919500
2018-07-27,250.48721313476562,252.62340727159517,249.56151904897268,252.52548399980657,76768700
2018-07-30,249.17880249023438,250.72753856467907,248.65362949908604,250.5673301079814,63742500
2018-07-31,250.40711975097656,251.0212793934621,249.56155692430997,249.9442862194281,68570500
2018-08-01,249.9887237548828,251.1191466642323,249.33898048326517,250.6117927834934,53853300
2018-08-02,251.3506622314453,251.51975308587595,248.47568309509322,248.68041205410424,63426400
2018-08-03,252.42759704589844,252.48099986401726,251.2971740149561,251.4752015174743,53935400
2018-08-06,253.35336303710938,253.66487051011052,252.07164071228962,252.46327959838405,39400900
2018-08-07,254.1900177001953,254.57277422471057,253.88739258915814,254.02092683616098,43196600
2018-08-08,254.0831756591797,254.4837240164646,253.62034211382655,254.02089047111144,42114600
2018-08-09,253.73606872558594,254.53713831306888,253.6025616548702,254.14549946351042,35717000
2018-08-10,252.0359344482422,252.8370038074898,251.32385166865942,252.29406615353975,77076000
2018-08-13,251.09254455566406,252.92611427411336,250.7988018082594,252.3119545257483,65732900
2018-08-14,252.69461059570312,252.93495043990663,251.43070768535182,251.82234645950712,43842000
2018-08-15,250.80758666992188,251.48405844218306,249.36565655593571,251.34164190259241,102925400
2018-08-16,252.83697509765625,253.7092662174031,252.21390613166884,252.2495170573995,69967900
2018-08-17,253.72714233398438,254.17218398224622,252.22289938980444,252.63233010051312,65618500
2018-08-20,254.27003479003906,254.53704883760918,253.72707000907474,254.18102105312275,39807500
2018-08-21,254.86651611328125,255.72989822862675,254.3057591402061,254.78641185472677,67272000
2018-08-22,254.71514892578125,255.2402948111639,254.18997587721202,254.45701716408922,44993300
2018-08-23,254.37684631347656,255.40043640382592,254.0564022857757,254.53705474573727,49204900
2018-08-24,255.90782165527344,256.0502382224763,254.9020233240915,254.95542614139472,57487400
2018-08-27,257.928466796875,258.0352725002695,256.9493692437582,257.10957779885,57072400
2018-08-28,258.0530090332031,258.49805076382086,257.59014824891807,258.3912179313917,46943500
2018-08-29,259.4415283203125,259.6729315414686,258.02629892420345,258.2666116718931,61485500
2018-08-30,258.39111328125,259.3345991949862,257.7947728151314,258.960779504054,61229500
2018-08-31,258.4000549316406,258.8450965373461,257.49217983474773,257.98171473575013,66140800
2018-09-04,257.9549560546875,258.31098382756966,256.9491579029914,257.9816574585742,57594400
2018-09-05,257.2607116699219,257.8036764738795,256.24603108300727,257.59894758662006,72452400
2018-09-06,256.4864196777344,257.67021857350295,255.4539197390671,257.3675934961124,65909900
2018-09-07,255.9879913330078,256.96708850587663,255.19580406848993,255.436143970988,73524800
2018-09-10,256.43304443359375,257.2697250400433,256.23722499031425,257.0026837101944,50210900
2018-09-11,257.278564453125,257.72360609871987,255.43611268438386,255.78323104309095,50530500
2018-09-12,257.3408508300781,257.94610088783645,256.54869090572635,257.2874480110514,59810800
2018-09-13,258.8629150390625,259.04985209017207,258.1241578494335,258.40899102553567,51034200
2018-09-14,258.9074401855469,259.2545585551112,258.1241625186905,259.06764866380735,55079900
2018-09-17,257.5366516113281,258.88956820088225,257.26072801190054,258.8539844328915,68244000
2018-09-18,258.9342041015625,259.5305448578757,257.72367637062047,257.7503777901092,61930400
2018-09-19,259.2099914550781,259.6283315824446,258.86284602116194,258.98747068867425,49080600
2018-09-20,261.3106689453125,261.6311130896646,259.2278770781861,260.4740155512131,100360600
2018-09-21,261.0718688964844,262.17163696286957,260.9109352144216,262.0553979859982,105479700
2018-09-24,260.2045593261719,260.63374306572376,259.62339177141854,260.4906818192065,53409600
2018-09-25,259.9632263183594,260.7679221635766,259.7218257506392,260.6606330223676,44370000
2018-09-26,259.1853332519531,261.29542563332217,258.76509928974514,260.10626802621977,79739700
2018-09-27,259.90960693359375,261.00042545183766,259.38208374743147,259.6592564844633,59249500
2018-09-28,259.9363708496094,260.4370716354318,259.2479140906401,259.28365894238004,70091400
2018-10-01,260.8394775390625,261.9123962829214,260.16889309184404,261.1792174052863,62078900
2018-10-02,260.6874694824219,261.40274865347465,260.3119574677722,260.6874694824219,47258200
2018-10-03,260.8304443359375,262.1626629471469,260.4728048689311,261.74242906972523,64694600
2018-10-04,258.7920227050781,260.4014149033149,257.2005029406321,260.3477703157842,111545900
2018-10-05,257.343505859375,259.53406544943476,255.91292018222546,259.0154921256211,105951700
2018-10-08,257.343505859375,257.7011454571243,255.26915799181577,256.6550216654015,87742200
2018-10-09,256.9679260253906,258.2733226301009,256.4046307868371,256.9590034550066,74339000
2018-10-10,248.83151245117188,256.5298357171457,248.45600045935834,256.4582914327005,214731000
2018-10-11,243.3506622314453,249.3680231568797,241.73229316335218,247.74073151649364,274840500
2018-10-12,246.73028564453125,247.7495594180223,243.52934851782166,247.463436950111,183186500
2018-10-15,245.34445190429688,247.70492188005264,245.2550352016734,246.37267576910017,102263700
2018-10-16,250.70913696289062,251.08467621493133,246.83764188363472,247.31152041231243,118255800
2018-10-17,250.75381469726562,251.37967695866226,248.16981695761956,250.74486484237013,110626000
2018-10-18,247.13275146484375,250.41415716794444,245.85417681815707,249.81508963693574,134557500
2018-10-19,246.99853515625,249.72556689238658,246.30112861901927,247.78535838515512,139901600
2018-10-22,245.889892578125,247.99103516882502,245.3534196095032,247.66916775934115,82415800
2018-10-23,244.6380615234375,245.7646517908469,240.16749987326415,242.259746737351,146352700
2018-10-24,237.2260284423828,244.7723430961894,236.67168283992575,244.38785383234696,177806700
2018-10-25,241.48194885253906,243.028773664762,238.03963674594348,239.0678609058157,138061500
2018-10-26,237.23486328125,242.30449328315353,234.51678086240335,237.76241368065152,201574600
2018-10-29,235.9205780029297,241.63397159422377,232.33520441656157,240.33749718739648,160749100
2018-10-30,239.41650390625,239.7294487510335,235.25888607169557,235.75066433811224,157116000
2018-10-31,241.97369384765625,244.29839203168262,241.51768769660106,241.99156627638658,128296300
2018-11-01,244.54867553710938,244.74538134391184,241.75009953920568,242.84091768853875,99495000
2018-11-02,243.10025024414062,246.0865825910847,241.04377521109086,245.65739878657024,122634100
2018-11-05,244.44139099121094,244.99573628815952,242.61739413823182,243.59197333547112,65622500
2018-11-06,245.98818969726562,246.1491233744247,244.31620393911038,244.3787983533869,60085900
2018-11-07,251.2545623779297,251.33502922859876,247.7406795151584,248.1698633382082,102752100
2018-11-08,250.79852294921875,251.4422849551866,249.65406019262534,250.44980602316997,65584900
2018-11-09,248.34869384765625,249.6719628691552,246.93598083381823,249.48420688645697,98812600
2018-11-12,243.70828247070312,248.08047897735392,243.1896818727975,247.8390783938713,99673600
2018-11-13,243.2522430419922,246.17598107564794,242.52801410442473,244.1731778197723,98176600
2018-11-14,241.5892333984375,245.53224591939428,240.02453636162417,245.12991162447568,125335900
2018-11-15,244.11061096191406,244.5755669746374,238.73701281838885,240.31958228916,135101400
2018-11-16,244.7454376220703,245.65742259814695,242.49225653765222,243.01085709581017,126668000
2018-11-19,240.60565185546875,244.43245182899682,239.6847171766054,244.13737945729736,103061700
2018-11-20,236.1529541015625,238.72800208534477,235.28566401377674,237.26164470552388,136021300
2018-11-21,236.95761108398438,238.86207448128093,236.9486885163456,237.70866207559692,75563700
2018-11-23,235.37513732910156,236.77890063221906,235.21420361293727,235.31254289965415,42807900
2018-11-26,239.1750946044922,239.39862273029078,237.24380832325457,237.63722000755195,79981400
2018-11-27,239.9797821044922,239.9797821044922,237.52992266199405,238.1379125944736,75502400
2018-11-28,245.50543212890625,245.50543212890625,239.9172282326189,241.05276872748166,127629600
2018-11-29,244.96890258789062,246.37263818899032,243.5830121239883,244.72747479901844,82346400
2018-11-30,246.46206665039062,247.0253618031419,244.49503582948935,244.81690318183647,98204200
2018-12-03,249.72555541992188,250.70908441086965,248.12511404289177,250.60179530024664,103176300
2018-12-04,241.63394165039062,249.323315833591,241.32099676826604,248.8941319421499,177986000
2018-12-06,241.26734924316406,241.38358825105956,234.65092122637463,237.76244300744196,204185400
2018-12-07,235.66128540039062,242.50124193889394,234.8208172990683,240.92759489196638,161018900
2018-12-10,236.10829162597656,237.0828709650908,231.23536764425768,235.48240196893363,151445900
2018-12-11,236.16192626953125,239.5058981078353,234.68664618122926,239.31814213307055,121504400
2018-12-12,237.35110473632812,240.51627073481885,237.27063788291088,239.14827965442737,97976700
2018-12-13,237.27061462402344,239.1661286373273,236.1529740703163,238.2988384762047,96662700
2018-12-14,232.88951110839844,236.07254979647172,232.33516565957632,235.1158427612974,116961100
2018-12-17,228.3206024169922,233.0504522407109,226.68437466208957,231.93281144990937,165492300
2018-12-18,228.07025146484375,230.6363639921175,226.46084600104814,229.96577951912568,134515100
2018-12-19,224.6547088623047,231.93278429413016,222.94696430264847,228.1506921209441,214992800
2018-12-20,220.99778747558594,224.97658541676014,218.74462013016148,223.40295231055254,252053400
2018-12-21,216.46963500976562,224.5726410343925,215.8221135995942,221.90161864812129,255345600
2018-12-24,210.7498779296875,216.5955475889452,210.6869316999535,214.97674401567878,147311600
2018-12-26,221.39801025390625,221.39801025390625,210.22828499689444,212.21581893001292,218485400
2018-12-27,223.0977020263672,223.29554280168082,214.90477204038973,218.1513670204536,186267300
2018-12-28,222.8099365234375,226.0924992212644,221.64079990409365,224.45571893237823,153100200
2018-12-31,224.76145935058594,225.00428327325653,222.55809469979417,224.43769869460584,144299400
2019-01-02,224.99533081054688,225.92165727958226,221.19115255526074,221.2181314723181,126925200
2019-01-03,219.62632751464844,223.54742368469644,219.1406795465589,223.24163974366962,144140700
2019-01-04,226.98281860351562,227.63033992713534,222.2882958686438,222.66601435363157,142628800
2019-01-07,228.7725067138672,230.1844534606042,226.35329691052422,227.25263059368558,103139100
2019-01-08,230.9219207763672,231.40756869382054,228.4307761296597,230.96690393187473,102512600
2019-01-09,232.0011444091797,232.84652038747842,230.40033132281422,231.63241425307154,95006600
2019-01-10,232.8195343017578,233.07134666335935,229.77978172175344,230.46328417988147,96823900
2019-01-11,232.90945434570312,232.93643325921258,231.15574263112958,231.7403040541585,73858100
2019-01-14,231.48854064941406,232.29793567128937,230.5982088699005,231.00289265809187,70908200
2019-01-15,234.14158630371094,234.4563586577417,231.8572705134646,231.8662726350203,85208300
2019-01-16,234.7081756591797,235.59850745490763,234.36642437926585,234.57325361516615,77636700
2019-01-17,236.48876953125,237.35214959823338,233.7907685742681,233.83575172417545,96118400
2019-01-18,239.63648986816406,240.10416103504784,236.52480243343507,238.30549333593427,127900300
2019-01-22,236.39889526367188,238.37744081754613,234.7801052254057,238.1616094645753,115531200
2019-01-23,236.89349365234375,238.1345785519366,234.42032597273047,237.4330993624476,86030300
2019-01-24,237.01943969726562,237.60402869194115,235.697417759025,236.71366946300836,59204100
2019-01-25,239.02491760253906,239.85231670994912,237.11833448668798,238.8720187924624,96883400
2019-01-28,237.2082977294922,237.27123023847457,235.43660900191273,236.87554860655177,85613700
2019-01-29,236.89349365234375,237.91871980060318,236.05711989670039,237.352162622755,66136300
2019-01-30,240.64369201660156,241.4890678644082,237.6489229631272,238.41336207386541,92473700
2019-01-31,242.75714111328125,243.242789000137,240.3649101575307,240.5807689102925,104012100
2019-02-01,242.87413024902344,243.89938415079885,242.08271196249396,242.95506701303285,85782500
2019-02-04,244.5828094482422,244.6457694003578,242.24453610892468,242.9190364503342,60744800
2019-02-05,245.6080780029297,245.91384821607897,244.51088961669234,245.01451437311366,79552800
2019-02-06,245.2842559814453,245.8238616716805,244.54682323179225,245.3292391321648,58347800
2019-02-07,242.946044921875,244.21408142270855,241.28227190951557,243.66550098076533,95482000
2019-02-08,243.2427520751953,243.3416655941855,240.86849827364057,241.69589723507156,75788900
2019-02-11,243.37774658203125,244.1601627189718,242.84714285060596,243.8993756369875,68021400
2019-02-12,246.50735473632812,246.885059493394,244.92451875685546,244.99648081709574,72270200
2019-02-13,247.30776977539062,248.15314566405283,246.92106286443513,247.34375080876626,65277200
2019-02-14,246.7592315673828,247.89240102579802,245.40122864153545,246.21962575644739,83234400
2019-02-15,249.44821166992188,249.48419270665246,248.3330465406788,248.53987574952836,97088700
2019-02-19,249.87991333007812,250.53640946920703,248.6388282376279,248.64783035859924,59120800
2019-02-20,250.383544921875,250.8422139760838,249.34031434387538,249.8439391131867,76610800
2019-02-21,249.4931182861328,250.1046584954933,248.5308248286066,249.74493057501542,64214700
2019-02-22,251.04005432128906,251.23788141294105,249.47519482007914,250.11371414406406,78114600
2019-02-25,251.38180541992188,252.9916208085363,251.3008686612308,252.47001921514072,69030700
2019-02-26,251.20191955566406,252.0832491003512,250.82418728973454,251.03104394077798,56844100
2019-02-27,251.09400939941406,251.44473531180054,249.5471541565927,250.48244155328308,56921600
2019-02-28,250.62632751464844,251.31883208011348,250.30258053247402,250.8781398715025,69268300
2019-03-01,252.19122314453125,252.60490905187496,250.75228342210553,252.20919994207057,78880500
2019-03-04,251.2738494873047,253.49520499382757,248.9715572350569,253.25239475665288,106494600
2019-03-05,250.9320831298828,251.5976087415186,250.38350273789234,251.39975422651665,59114600
2019-03-06,249.41224670410156,251.05804303332718,249.08849968913398,251.0490409121921,75039800
2019-03-07,247.3258056640625,249.10646908445963,246.48042966722107,248.9625723780302,94885100
2019-03-08,246.8311767578125,247.00205239600854,244.99655534585435,245.46419909773712,85795800
2019-03-11,250.41055297851562,250.5724265063107,247.52369861752425,247.55067753882344,65098900
2019-03-12,251.35475158691406,251.87638047033698,250.77919232593007,250.96804470659055,79667500
2019-03-13,253.01853942871094,253.95385415983606,252.08322469758585,252.24512562187667,80639200
2019-03-14,252.8567352294922,253.46827572507652,252.41607037907025,253.04558767317388,67518400
2019-03-15,254.1058807373047,254.91884061682953,253.22064183014047,253.41035360291485,81309000
2019-03-18,255.02732849121094,255.32543135233848,254.09693551304227,254.3227593190675,62199800
2019-03-19,255.09054565429688,256.86099643531537,254.19629227420754,256.09321760848894,90268100
2019-03-20,254.32284545898438,256.0842827691384,253.21180959951386,254.87387006683858,84609200
2019-03-21,257.1951904296875,257.60165663220636,253.4555359682626,253.50071725723708,79550400
2019-03-22,252.24513244628906,256.3551137299646,252.18189517943222,255.83121475149295,122659300
2019-03-25,252.05543518066406,253.094218878905,250.79082774078924,251.90186290714814,85575200
2019-03-26,253.934326171875,254.89181681807798,252.52518795420343,253.81689339267234,68125900
2019-03-27,252.6064910888672,254.51245824952707,251.05282227959407,253.92529433054912,72224700
2019-03-28,253.56399536132812,254.01564297466558,252.08260552410025,253.23882231158882,56238500
2019-03-29,255.16278076171875,255.4879537288871,253.95236877329938,255.08148751992667,82186800
2019-04-01,258.18878173828125,258.48688450699836,256.8970765841711,257.16808160722064,77617900
2019-04-02,258.3153381347656,258.55020371590723,257.52043392140894,258.37857541682416,40070400
2019-04-03,258.72174072265625,259.93215259629625,258.11652100264973,259.5347006298624,68243200
2019-04-04,259.4082946777344,259.66121621719293,258.3514547889321,259.04698213084794,48997500
2019-04-05,260.6638488769531,260.7180443724978,259.78765161047926,260.07671263096836,58621700
2019-04-08,260.8626403808594,260.97103139916385,259.57994900936256,260.23936445922556,53566300
2019-04-09,259.5256652832031,260.2211924584912,258.97466860532046,259.89601951410935,66142300
2019-04-10,260.4109191894531,260.5012542013132,259.5256801794244,259.94118815433063,52601500
2019-04-11,260.338623046875,260.90770326118735,259.76954283256265,260.89866149068285,55093100
2019-04-12,262.1001281738281,262.3801474694427,260.3838728749829,261.9555976395785,69727800
2019-04-15,261.928466796875,262.2717233265553,261.12452097037357,262.1723465365218,49596700
2019-04-16,262.1001281738281,262.8679345767375,261.50395005744133,262.81373907219154,52153200
2019-04-17,261.4587707519531,263.2472773597952,261.04323516923716,263.2201796101727,58268300
2019-04-18,261.9735107421875,262.2445156834959,260.7450432206265,262.04578975308266,68708500
2019-04-22,262.1994934082031,262.35306572470756,261.1155556847655,261.20589071998097,40160100
2019-04-23,264.55706787109375,264.7919334135166,262.3349696892673,262.56980766531194,52246600
2019-04-24,263.969970703125,264.8100286374608,263.8254401607045,264.47581381840564,50392900
2019-04-25,263.807373046875,264.46678851904784,262.61504423880285,263.87061033181976,57770900
2019-04-26,265.035888671875,265.10814016977093,263.0757256574203,263.85257398332845,50916400
2019-04-29,265.4512939453125,265.97522047598136,265.0357859690539,265.12612098120803,57197700
2019-04-30,265.5867919921875,265.8758530146655,263.6898945023195,265.108046733998,81111700
2019-05-01,263.5906066894531,266.4269672429644,263.58156491495606,266.2191993942316,71671900
2019-05-02,263.021484375,264.394510693582,261.52201106550615,263.4731319658217,65030200
2019-05-03,265.59576416015625,265.87578333780584,263.1297594766556,264.5027851904153,56543700
2019-05-06,264.50286865234375,264.94547441479875,260.9619398535701,261.27809864091415,107198100
2019-05-07,260.0858154296875,262.68731036749074,258.17083375780055,262.09113214704536,144729900
2019-05-08,259.7245178222656,261.4407735198439,259.12833956737035,259.7245178222656,91568300
2019-05-09,258.9385681152344,259.54376037505875,255.9034823450365,257.6468627808602,103471100
2019-05-10,260.23931884765625,260.99808340918366,255.00019082799795,257.9991371185908,112429300
2019-05-13,253.69944763183594,256.07511814682,252.8593898078208,255.10861334378154,127290500
2019-05-14,255.99374389648438,257.5293561015665,254.59364796613355,254.7200949051475,77003200
2019-05-15,257.4934387207031,258.13477087111403,254.15123401061848,254.359001920253,73956400
2019-05-16,259.8779602050781,261.2419167927895,258.12556585028494,258.1978173148738,76749600
2019-05-17,258.1979064941406,260.69101016233884,257.54753282271423,257.5656163698874,100353000
2019-05-20,256.4906921386719,258.30629680975045,255.74094165897924,256.5900413823226,62877600
2019-05-21,258.8031005859375,259.18246910932857,257.93591739971197,258.1888389374327,46847100
2019-05-22,258.00811767578125,258.9656080309906,257.5293724981766,257.8455312153959,49482500
2019-05-23,254.8556671142578,255.82217182360563,253.4374873339575,255.77701809969838,98733800
2019-05-24,255.4337921142578,256.71648330976365,254.81051627814023,256.30094770809905,55268100
2019-05-28,253.05810546875,256.67128570765095,253.0400494914514,255.71379514965238,70029400
2019-05-29,251.3599853515625,252.34457396816674,249.95084682079076,251.93810760335924,104972900
2019-05-30,252.04644775390625,252.9587846880575,250.9444265544693,252.11869923760247,62523800
2019-05-31,248.65008544921875,250.32118725500945,248.62298769307662,249.49017102239424,86862800
2019-06-03,248.01773071289062,249.80623728540695,246.6808441030367,248.68616023462886,96428000
2019-06-04,253.40130615234375,253.5367948681653,249.86941993928153,250.3210673696009,77231900
2019-06-05,255.5963897705078,255.6234875225482,253.21170489181105,255.0273094112789,71169700
2019-06-06,257.2584533691406,257.93592474658715,255.2441227826834,255.8944964076873,69430400
2019-06-07,259.83282470703125,260.9167898314945,258.1075277932227,258.2791560640357,74272200
2019-06-10,261.0251770019531,262.69627839166463,260.9348419818432,261.38648951601505,60799100
2019-06-11,260.9620361328125,263.22027463788424,260.31166234069633,262.8499202150859,58641300
2019-06-12,260.5013122558594,261.2871746580643,259.9864273832488,260.72713605264846,47096300
2019-06-13,261.576171875,261.9375119528334,260.7090163342307,261.4135853798016,48945200
2019-06-14,261.287109375,261.8923015620127,260.51930314447867,261.287109375,52324700
2019-06-17,261.3864440917969,262.15425027973384,261.2148158533272,261.5219328152274,39205700
2019-06-18,264.1234130859375,265.1802802074839,262.84976401796985,263.2111040171673,85434800
2019-06-19,264.7197570800781,265.25269807695815,263.2835206512545,264.25906758854245,78674400
2019-06-20,267.2488708496094,267.65536466476567,264.78289290788814,267.41148491549893,116570000
2019-06-21,266.8604431152344,268.2401197877472,266.64260671969475,266.9784470629707,83309500
2019-06-24,266.53369140625,267.3868931981655,266.37937215743466,267.06922435138495,47582700
2019-06-25,263.9195556640625,266.61539201075107,263.81063746023005,266.58816245979295,82028700
2019-06-26,263.6562194824219,265.32636261689703,263.5473013193722,264.8180593890328,51584900
2019-06-27,264.5911560058594,265.09945926962877,264.03747940443037,264.4186930020322,40355200
2019-06-28,265.9527282714844,266.4519458621194,265.0541255281596,265.5714869164789,59350900
2019-07-01,268.3671569824219,269.51085323616786,267.1599158922563,269.2929891827937,78705600
2019-07-02,269.0660095214844,269.12046859806475,267.4775551535163,268.32169854095804,61504500
2019-07-03,271.2172546386719,271.2354261330715,269.60157056268866,269.7468040156415,40898900
2019-07-05,270.90869140625,271.0720963822335,268.68487128810557,269.98285914446024,51677300
2019-07-08,269.4200439453125,270.72711729438515,268.87542543312424,269.59250693584625,45841800
2019-07-09,269.7559814453125,270.0555064997693,268.20384167130163,268.25830077211197,41101300
2019-07-10,271.0448303222656,271.99791979943893,270.29146110929497,270.82699396197586,58448500
2019-07-11,271.68023681640625,271.9253027339182,270.67271589951406,271.68932256535436,50826100
2019-07-12,272.89654541015625,272.9691760033225,271.86179491140507,272.17040568122405,40326000
2019-07-15,272.9872131347656,273.33213906639185,272.4789099830357,273.33213906639185,33900000
2019-07-16,272.1068115234375,273.10527424510934,271.79820080954806,272.89649595316206,36650100
2019-07-17,270.2550964355469,272.24293596133725,270.2550964355469,272.0795587209717,36036300
2019-07-18,271.2444763183594,271.6257175838672,269.3111235518029,269.755881944522,51392600
2019-07-19,269.7377624511719,272.3700531582219,269.5652994465301,272.34282361540744,58678600
2019-07-22,270.40032958984375,270.94494809092004,269.6197309753109,270.13709223590814,43638100
2019-07-23,272.3338317871094,272.3338317871094,270.69091750299555,271.52600327138504,44564500
2019-07-24,273.6136474609375,273.6136474609375,271.48057376026514,271.5713481582536,47213200
2019-07-25,272.30657958984375,273.2142681884766,271.4987234408408,273.1598090885952,55394100
2019-07-26,274.1309814453125,274.3306740005272,272.8692812781715,272.996370949877,45084100
2019-07-29,273.6317443847656,274.1309896379485,273.07806774266277,274.01298571082435,38126500
2019-07-30,272.96002197265625,273.36849278078535,271.84355541076525,272.2247966783823,45849000
2019-07-31,269.97369384765625,273.3956960794179,267.9495668961661,273.2050616136833,104245200
2019-08-01,267.6228942871094,273.0962552486723,266.8241239145336,270.1281236010141,142646600
2019-08-02,265.6077880859375,266.96932075211555,264.04656285403524,266.72425484436656,116749700
2019-08-05,257.6201477050781,261.6048856764327,255.7139963816753,261.495967492316,178745400
2019-08-06,261.23272705078125,261.45059111694167,258.0376736517805,259.5172102699318,120711700
2019-08-07,261.38702392578125,262.1585645889576,256.00443847988896,258.1465697607115,140572300
2019-08-08,266.5153503417969,266.5153503417969,262.33092189184794,262.88459828439113,87713900
2019-08-09,264.70013427734375,266.17058531714935,262.911986700436,265.5715075415884,93730000
2019-08-12,261.4778137207031,264.6910108313881,260.52472424513167,263.19333045600746,65527600
2019-08-13,265.54425048828125,266.996557578567,260.83334511879997,261.1782711690439,94299800
2019-08-14,257.6928405761719,262.0860509724499,257.56577855048585,261.4779149986302,135622100
2019-08-15,258.37353515625,259.2721656394574,256.32217790974335,258.5823134908246,99556600
2019-08-16,262.185791015625,262.6214637046059,258.42794787046034,260.03457401242963,83018300
2019-08-19,265.3446044921875,266.0253709633341,264.536776017332,265.2175424884786,53571800
2019-08-20,263.311279296875,265.37172163796004,263.1842173469865,264.83618889821844,51596400
2019-08-21,265.4534606933594,265.8255885287657,264.79083824652633,265.48069023498545,49524700
2019-08-22,265.3717346191406,266.7968118795998,263.592673330547,266.1614466981833,51666400
2019-08-23,258.5550537109375,265.734872485339,257.30243925086523,264.06472910539344,149161500
2019-08-26,261.4141845703125,261.4141845703125,259.21756708121393,260.7515622553183,72423800
2019-08-27,260.3886413574219,263.18433794135507,259.6261862073836,262.81218226684956,66668900
2019-08-28,262.22216796875,262.38554526553645,258.91816823129676,259.72602436616955,59696700
2019-08-29,265.5714416503906,266.0979163984972,263.7832945171419,264.7908429762012,57899400
2019-08-30,265.4534606933594,267.0782028444628,264.5185428302658,267.06005905019515,62901200
2019-09-03,263.9012756347656,264.66373044849513,262.5669727856271,263.74698414294096,69101400
2019-09-04,266.8966369628906,266.91478075411015,265.32632645839584,266.0797231508979,46887300
2019-09-05,270.3277893066406,271.2445358335886,266.8604126707686,269.39287128183264,83258100
2019-09-06,270.5365295410156,271.1810082803126,269.964709089915,270.6454754226306,49584300
2019-09-09,270.6727600097656,271.6167362387646,269.728756080308,271.5259895363114,51260300
2019-09-10,270.6091003417969,270.6726451669198,268.6484904126884,269.9101626663385,57947100
2019-09-11,272.533447265625,272.61513589911914,270.26422622261396,270.91776299101923,68821100
2019-09-12,273.47747802734375,274.53945806826806,272.6787077091192,273.44116273093675,72908700
2019-09-13,273.29595947265625,274.2762786808855,272.9238038195746,273.92226682778664,62104800
2019-09-16,272.4517517089844,273.3412963074037,271.8073007052717,272.1612847747514,58191200
2019-09-17,273.14166259765625,273.2324092962593,272.0796547595179,272.25211780759554,41475500
2019-09-18,273.30499267578125,273.41391085565266,270.7089893535516,272.7512883274981,73375800
2019-09-19,273.286865234375,274.69379915239404,272.9510248921478,273.69533617519346,76560500
2019-09-20,271.9956359863281,274.1750431104357,271.2023046326576,273.89233463485203,89565000
2019-09-23,271.9317932128906,272.65218638022174,271.07462357793355,271.3299489269606,43476800
2019-09-24,269.7980041503906,273.41816984308304,268.8314133151165,273.0260680157953,94869400
2019-09-25,271.393798828125,271.8406112509374,268.39370497746904,269.8800742554495,71854000
2019-09-26,270.8284606933594,271.6126644273072,269.4150572992071,271.40294975949206,56179700
2019-09-27,269.369384765625,271.69469579353853,267.8100775356787,271.5852468021339,84746600
2019-09-30,270.6186218261719,271.3298871241926,269.8435460767109,269.88912894607813,51662400
2019-10-01,267.3997802734375,272.1597967306999,267.1809378983291,271.5032417769954,88242400
2019-10-02,262.67620849609375,265.822206321161,261.38135419445393,265.8130786140701,122539500
2019-10-03,264.8282775878906,264.85563288257976,259.72174256169916,262.44825563642974,85278800
2019-10-04,268.4118957519531,268.6672210504105,265.43003020641595,265.4847686110008,65091200
2019-10-07,267.25384521484375,269.24176526321315,266.9711645701831,267.6094918616998,59610500
2019-10-08,263.10479736328125,266.13224635638005,263.0683143627302,265.3936256083809,95708100
2019-10-09,265.6033020019531,266.54253737517377,264.4999348924504,265.12913437657,62359400
2019-10-10,267.3997802734375,268.28430531067295,265.35717723008116,265.5213090114124,55296300
2019-10-11,270.1718444824219,272.4150618159164,270.044195734655,270.1627167760195,98720400
2019-10-14,269.8709411621094,270.52749598236426,269.52442225303406,269.8526857489747,40394800
2019-10-15,272.54278564453125,273.2905341614624,270.80109095047953,270.91963984077086,46754500
2019-10-16,272.1050109863281,272.79804875393893,271.66732635699213,272.0776556969946,48928200
2019-10-17,272.907470703125,273.78286779270866,272.2144329335033,273.27221717142055,45736600
2019-10-18,271.71295166015625,273.0169337026342,270.85578202268977,272.36950653505875,64304000
2019-10-21,273.554931640625,273.75554639728165,272.5974685642582,273.0351810774295,39048600
2019-10-22,272.661376953125,274.3848164993248,272.5701833442232,274.093008082192,48594700
2019-10-23,273.4546203613281,273.50933094336335,272.1962213177716,272.40596376782213,34352200
2019-10-24,273.90142822265625,274.53975544040765,273.0716139709286,274.3938512812538,35453100
2019-10-25,275.0230712890625,275.5702049695718,273.2722490771077,273.3269596623211,45205400
2019-10-28,276.5732116699219,277.07476240103847,276.2175929164991,276.2449482052239,42147000
2019-10-29,276.49114990234375,277.42128538951795,276.17198631024223,276.29966287843143,44284900
2019-10-30,277.3392028808594,277.7130492004181,275.37863857346383,276.6917480296718,49643900
2019-10-31,276.60064697265625,277.3301679303032,275.1416607141205,277.3301679303032,69053800
2019-11-01,279.1629333496094,279.2085162144722,277.88627919304776,278.050438728961,71141500
2019-11-04,280.2845458984375,280.85903474021785,279.9106717660349,280.72225830845315,60606900
2019-11-05,279.974609375,280.7861962053587,279.6828009981264,280.4852601203395,42933200
2019-11-06,280.0383605957031,280.3119134712227,279.08999757995224,279.97452231529195,46487100
2019-11-07,281.02325439453125,282.3637195020132,280.54908667325026,281.378901056775,54272300
2019-11-08,281.7162780761719,281.77098866323445,279.97458351234354,280.67672126523075,49032100
2019-11-11,281.17822265625,281.35148209428297,280.19337660549724,280.33018087748087,35797300
2019-11-12,281.7709655761719,282.67371801711306,280.9958618851258,281.542995539298,46484600
2019-11-13,281.8621520996094,282.2633815807318,280.549042493822,280.77701252498827,53917700
2019-11-14,282.27252197265625,282.354615684627,280.9411845915058,281.5795119017382,51219900
2019-11-15,284.3150634765625,284.36064634368927,282.9198882363906,283.61289808990614,62023600
2019-11-18,284.52484130859375,284.76193905844303,283.6220888432052,284.07802892930033,49228000
2019-11-19,284.4427490234375,285.1357867950369,283.79532195323753,285.12665908908264,67804700
2019-11-20,283.385009765625,284.3698560003718,281.8257023603815,283.8500775891652,79406200
2019-11-21,282.9290466308594,283.60385687113666,282.1266154675786,283.4944357047063,54664700
2019-11-22,283.5582275390625,283.81355285341886,282.5460539876979,283.67677640436585,44850200
2019-11-25,285.755859375,285.755859375,284.4883605205459,284.4883605205459,48647200
2019-11-26,286.4032897949219,286.5856769464181,285.47318211038436,285.79234571131667,37569000
2019-11-27,287.6799621582031,287.6799621582031,286.66776071244107,286.8866030452009,44444600
2019-11-29,286.6130065917969,287.3607548863061,286.3850365870102,287.1145294709798,36592700
2019-12-02,284.1783447265625,286.9322127751372,283.74975994078153,286.86837448550784,75767800
2019-12-03,282.27252197265625,282.354615684627,280.065787338128,281.45183530834095,73941700
2019-12-04,284.0141906738281,284.6160349269536,282.97466174815634,283.32118066617176,49080000
2019-12-05,284.52484130859375,284.7345837664123,283.2117316343698,284.71635618118324,40709000
2019-12-06,287.1237487792969,287.5249783419981,286.4307108385623,286.43983854674417,48927000
2019-12-09,286.220947265625,287.4063803347884,286.1479812693964,286.7315979257299,34838500
2019-12-10,285.9018249511719,286.8319328246587,285.2452700321289,286.1662780260528,52649800
2019-12-11,286.71343994140625,286.9687653334397,285.8197871550988,286.3577932372986,53429100
2019-12-12,289.1845397949219,289.9687433212135,286.4853824980588,286.72245240013393,96389600
2019-12-13,289.3577880859375,290.5888317358788,288.1723273077688,288.94743092650003,81503900
2019-12-16,291.345703125,291.93841964706013,289.2939728213028,291.0903778003415,82749700
2019-12-17,291.4095153808594,292.0295871384412,291.3274495154474,291.72867896526407,61097700
2019-12-18,291.4278259277344,292.02967027379304,291.373115335218,291.8017001955153,48133000
2019-12-19,292.6224060058594,292.6953720195615,291.36400663911246,291.6193320303089,85310500
2019-12-20,293.9052734375,295.0415552209635,292.6773497116165,293.65783739644655,147142100
2019-12-23,294.35430908203125,294.748338708172,294.2076875540074,294.6933591308127,52990000
2019-12-24,294.3634338378906,294.62915909688604,294.0610182463545,294.5833521115951,20270000
2019-12-26,295.9303894042969,295.93956198687215,294.73912820752435,294.74827282490884,30911200
2019-12-27,295.8570556640625,296.7184394441821,295.3255772295072,296.6634598807864,42528800
2019-12-30,294.2259826660156,296.0770548487809,293.7403111256771,295.939605915703,49729100
2019-12-31,294.9406433105469,295.1880792699014,293.3736700837713,293.7218925708737,57077300
2020-01-02,297.6990051269531,297.71735029463804,295.5547178974124,296.4802539792737,59151200
2020-01-03,295.4447937011719,296.5719310045377,294.2443596139796,294.2993391931489,77709700
2020-01-06,296.5718994140625,296.65436877403187,293.5662002585836,293.68533198915986,55653900
2020-01-07,295.73797607421875,296.4802282058735,295.28893898289255,296.00370133060426,40496400
2020-01-08,297.31414794921875,298.5328990962051,295.6830220422805,295.9304301191349,68296000
2020-01-09,299.330078125,299.40340285238955,298.2945830808425,298.8810690392002,48473300
2020-01-10,298.4686584472656,300.07229409242746,298.0013322184309,299.91652800454466,53029300
2020-01-13,300.5213928222656,300.5305374400755,298.66117621036113,299.0918681335702,47086800
2020-01-14,300.0631408691406,301.135270152076,299.5041447755365,300.08145806566426,62832800
2020-01-15,300.7412414550781,301.5018106079388,299.88903038899446,299.97149972133946,72056600
2020-01-16,303.2430114746094,303.2430114746094,301.89595605653415,302.1250469237905,54050300
2020-01-17,304.1868896484375,304.3976353658539,303.17888415689373,303.95779876241374,95846000
2020-01-21,303.5912170410156,304.3976213972453,303.1513804577593,303.2246772332371,77742400
2020-01-22,303.6278076171875,305.1031670485238,303.4720415191807,304.45252898097885,48914900
2020-01-23,303.9760437011719,304.38841838405864,301.85924665475704,302.97721103138565,51963000
2020-01-24,301.27276611328125,304.71830123070856,299.980690444246,304.635831885688,87578400
2020-01-27,296.443603515625,297.92810796760887,295.6738615021962,296.0129115356498,84062500
2020-01-28,299.5499572753906,300.4296580507804,296.5351147445568,297.87299708538455,63834000
2020-01-29,299.3026123046875,301.1445117064484,299.10101123601123,300.9154208540977,53888900
2020-01-30,300.27398681640625,300.4847604901736,296.4802564449588,297.2316532660353,75491800
2020-01-31,294.8216857910156,299.8067062607125,293.905322145339,299.6509121362598,113845600
2020-02-03,297.0116882324219,298.88107731999344,296.1869668001725,296.30609851158897,69083000
2020-02-04,301.5384826660156,302.4090389218589,300.31055929184856,300.63129201585326,62573200
2020-02-05,305.02069091796875,305.2314645557024,303.0138809116789,304.48003989789373,65951100
2020-02-06,306.0469970703125,306.2394255154979,304.96566722145593,305.982844933522,50359700
2020-02-07,304.41595458984375,306.0562250590366,303.8661309172076,304.9840954643301,64139400
2020-02-10,306.6885070800781,306.7526592320417,303.4904076474018,303.52707001498,42070000
2020-02-11,307.2200012207031,308.8327817820095,306.6884947902929,308.04472268441083,54864500
2020-02-12,309.1993713378906,309.41011703621217,308.29215249510275,308.6586922864908,43992700
2020-02-13,308.869384765625,309.8407275418291,307.4948399353151,307.7697377153026,54501900
2020-02-14,309.3642578125,309.4833895167541,308.0813547766656,309.2817884707523,64582200
2020-02-18,308.5671081542969,309.4284921282204,307.1742176610438,308.3655070547574,57226200
2020-02-19,310.0423278808594,310.7204277134479,309.25426893651985,309.5383392969386,48814700
2020-02-20,308.7686767578125,310.31733323101616,305.7721503679696,309.4925837509388,74163400
2020-02-21,305.5888671875,307.72398153835667,304.7641177810184,307.41242134787745,113788200
2020-02-24,295.4539489746094,305.66222441007517,294.37261872884346,296.11373185118,161088400
2020-02-25,286.50103759765625,297.4607370329087,285.6213364835221,296.84678915931295,218913200
2020-02-26,285.44720458984375,291.5043533570455,284.71412504182155,287.9030518374297,194773800
2020-02-27,272.6272888183594,285.50218362591784,272.6272888183594,279.9123611957851,284353500
2020-02-28,271.4818115234375,272.9754882391308,261.658395419346,264.5541069238748,384975800
2020-03-02,283.2388610839844,283.30301325653664,269.8324552806369,273.26881925763155,238703600
2020-03-03,275.12890625,287.5914526327542,272.6822319172303,283.6144392953879,300139100
2020-03-04,286.6934814453125,286.91342770951513,277.9605380964338,280.5172001831721,176613400
2020-03-05,277.1632385253906,282.6705909596621,274.91816519813835,279.4724919610875,186366800
2020-03-06,272.5814514160156,273.79105782578944,265.9561618762661,268.6319273661624,228667200
2020-03-09,251.2943878173828,260.4213609971892,250.57962536291356,252.2748755679265,309417300
2020-03-10,264.2975769042969,264.38919088350326,250.6254209763318,260.83372394140366,276444100
2020-03-11,251.41343688964844,258.3594867875514,248.2245103089877,257.2232051751496,255316300
2020-03-12,227.35891723632812,244.35746061709935,226.9648737146384,234.5890236964178,392220700
2020-03-13,246.7950439453125,248.7743926168376,227.73467884944543,241.08608882375825,329566100
2020-03-16,219.78977966308594,235.41376534127508,217.50802963275152,221.0085307501589,297240000
2020-03-17,231.65667724609375,234.74483150463524,217.24228444804106,224.54568810052052,262070500
2020-03-18,219.92723083496094,227.59718853589922,208.94920047757623,216.49086785316467,327597100
2020-03-19,220.39453125,226.68995660062075,212.7978856797846,219.23991853096894,289322000
2020-03-20,210.89683532714844,225.340685761299,210.62030694707715,223.5524848436313,347158800
2020-03-23,205.50462341308594,211.7080109730358,201.18160390772394,210.3346093753875,326025200
2020-03-24,224.1239471435547,224.99962261556414,215.50557615248505,216.07705777437212,235494500
2020-03-25,227.4791259765625,236.29108520985923,220.98999933781093,225.7093641659939,299430300
2020-03-26,240.76165771484375,242.23643855853018,229.56236135663548,229.99558596511977,257632800
2020-03-27,233.59039306640625,240.40213986879422,231.40584529989485,233.45213589060913,224341200
2020-03-30,241.1763916015625,241.89535699591625,233.69177028351132,235.6919703231692,171369500
2020-03-31,237.58155822753906,242.72492158244737,236.17127891009355,240.17167888160807,194881100
2020-04-01,226.88925170898438,237.4986263490016,224.81530968581333,228.5760595756085,189554600
2020-04-02,232.12477111816406,232.90825175530057,225.45128263078988,226.00433936920624,177660400
2020-04-03,228.76959228515625,233.49818374298073,226.03198818481752,231.13848720921038,135561200
2020-04-06,244.1351776123047,246.10774004220798,228.75115129452442,237.664489854717,188061200
2020-04-07,244.38404846191406,253.5093852537286,244.16283704114784,252.7535420599355,201427200
2020-04-08,252.58770751953125,254.40356014283782,244.49472582568018,246.99266594933434,153774500
2020-04-09,256.431396484375,259.19665225611317,253.91500360542418,255.8598866626546,189999200
2020-04-13,254.0901336669922,255.79538031823733,250.1726880682887,255.45433661391547,114839100
2020-04-14,261.5839538574219,262.60708486359886,253.95185000102325,258.9938335234627,134143400
2020-04-15,256.0258483886719,261.7222690836012,253.90580187886607,255.85071325565545,121775000
2020-04-16,257.26092529296875,258.1181476901565,254.1822777488258,257.3070016297343,131798300
2020-04-17,264.2109680175781,264.8192994942426,260.30272098283615,263.04955166649506,146684800
2020-04-20,259.5561828613281,264.3493052621317,259.33497134824717,260.49635992156533,100109300
2020-04-21,251.67507934570312,256.28383761316223,250.73487465617947,255.07634519745818,126385700
2020-04-22,257.26092529296875,259.01224803453573,255.2422866611191,256.5696114636951,92951600
2020-04-23,257.2425842285156,261.72231441957894,256.9384183882742,258.54225816883513,104709700
2020-04-24,260.8280944824219,261.50098338829105,256.707863024315,258.7633795586813,85063200
2020-04-27,264.5889587402344,265.7134975535942,262.34910763703533,262.809983738746,77896600
2020-04-28,263.3722229003906,268.5985412619103,263.0680289718382,268.24827098279667,105270000
2020-04-29,270.2668151855469,271.80615294205035,267.6859216095515,268.7182790399496,118745600
2020-04-30,267.75048828125,270.36826016718874,266.00836377753785,268.8842250570301,122901700
2020-05-01,260.6622314453125,267.91641450243395,259.49158851242345,262.9850361402211,125180000
2020-05-04,261.38128662109375,261.68545247995996,257.28870446938305,258.77271205750355,80873200
2020-05-05,263.7962646484375,266.61682413306045,261.5103090633384,264.21106439073577,79569900
2020-05-06,262.0079650878906,265.88853252564763,261.57474059035235,265.5014124986934,73632600
2020-05-07,265.1695861816406,267.105270843854,264.6626338763726,265.2341155672962,75250400
2020-05-08,269.5570373535156,270.02713966611145,267.178902497635,268.3126670805201,76452400
2020-05-11,269.6123962402344,270.9950239132612,267.19741107208864,267.6214090155199,79514200
2020-05-12,264.2386474609375,271.2162884383801,264.1003621628556,270.801516933047,95870800
2020-05-13,259.5653381347656,264.7179278299637,257.1318996402703,263.676343692379,144721100
2020-05-14,262.6716003417969,262.8006309608718,251.62900412320758,257.1226648696853,121977900
2020-05-15,263.8791809082031,263.9252572597479,259.3257234418023,260.2751269466795,111146300
2020-05-18,271.9167785644531,273.52984420000496,269.79676069529506,270.11935131869956,119703800
2020-05-19,269.1238098144531,273.0320275103818,269.1053849095269,271.3175830745879,95189300
2020-05-20,273.6957092285156,274.5621580252801,272.4421404934006,272.6725784046757,85861700
2020-05-21,271.80621337890625,274.3779091376315,270.70932633280484,273.56676293920657,78293900
2020-05-22,272.3224182128906,272.49755334653037,270.2761276095139,271.52049845866605,63958200
2020-05-26,275.67755126953125,278.5442143620378,272.3408138269783,278.30454986186453,88951400
2020-05-27,279.7793273925781,279.81620534149,273.6404569266907,278.4796539573574,104817400
2020-05-28,279.2631530761719,282.83032815773345,278.5902641135655,280.8116893995479,90405200
2020-05-29,280.50750732421875,281.09741383366213,276.0370055830861,278.79303439283416,119090800
2020-06-01,281.64129638671875,282.2496560477979,279.3461430382761,279.86232187865164,55758300
2020-06-02,283.9732971191406,284.01940158934775,281.2264946134768,282.56301791606984,74267200
2020-06-03,287.7525329589844,288.71116291644955,285.6878174779567,285.9643318264377,92567600
2020-06-04,286.9966735839844,288.5083602838637,284.8950802636516,286.7662355965372,75794400
2020-06-05,294.35223388671875,296.131208215071,292.3428215947053,292.40735097564266,150524700
2020-06-08,297.91015625,298.10371622781776,294.6194959789528,295.16332609828874,73641200
2020-06-09,295.68890380859375,297.98405784483094,294.37077674976393,295.23722609068193,77479200
2020-06-10,294.038818359375,297.1635704015303,293.31985309484145,296.2694700481049,95000800
2020-06-11,277.08782958984375,287.72485456232124,276.5348009447045,287.088843490775,209243600
2020-06-12,280.40618896484375,284.89511703902105,275.23517336126014,284.12084867680943,194678900
2020-06-15,283.02398681640625,284.1577520892233,273.52072438648526,274.7005660150119,135782700
2020-06-16,288.47149658203125,290.9418133080397,283.59544878007773,290.79432961323033,137627500
2020-06-17,287.2731628417969,289.7895553253367,286.5357445407584,289.49458800492135,83398900
2020-06-18,287.38385009765625,287.8631510321055,285.29148309213133,285.7523591124386,80828700
2020-06-19,285.7413635253906,291.0554918248627,283.78789416661283,290.86108007701773,135549600
2020-06-22,287.57452392578125,287.97261465069647,283.9916508946989,285.1396439631699,74649400
2020-06-23,288.89837646484375,291.16661737693755,288.4910186826439,290.2315422514218,68471200
2020-06-24,281.5290222167969,287.47272350488674,279.6866728739989,286.85241955719425,132813500
2020-06-25,284.5470886230469,284.8155808485051,278.92742739731943,280.9549491360684,89468000
2020-06-26,277.7887268066406,283.658375397714,277.2054913993457,283.4454293499117,127961000
2020-06-29,281.8715515136719,282.0104170904512,276.75183339130206,279.04784785660627,79773300
2020-06-30,285.482177734375,287.18568953468224,281.27902922068364,281.43640077884385,113394800
2020-07-01,287.4819030761719,288.75028382678505,286.13949836711066,286.60240238818403,72396500
2020-07-02,289.0650939941406,292.27764946199494,288.3985109841315,290.92594919645614,69344200
2020-07-06,293.5274963378906,294.1107600598667,292.14805107719695,292.8979535044731,61713800
2020-07-07,290.5000915527344,293.9626051282298,290.1205068059593,291.98139030142596,82910000
2020-07-08,292.7220153808594,292.83310783880313,289.50022108680014,291.26848979810916,54638600
2020-07-09,291.0555725097656,293.5737718234087,287.6300710323036,293.33305266183123,83354200
2020-07-10,294.02734375,294.29583596673046,289.55570377844214,290.99069480103924,57550400
2020-07-13,291.4814758300781,298.76758248176105,290.8241598614589,296.37900954803916,102997500
2020-07-14,295.2586975097656,296.03637283334564,288.8520937677715,290.05563285710343,93657000
2020-07-15,297.9713439941406,299.073057898437,295.5827432633352,298.48979427223054,87196500
2020-07-16,296.989990234375,297.4436271652197,295.41610515280826,296.064182128376,54622500
2020-07-17,297.8509521484375,298.6378946024456,296.01784212946285,297.99908481947347,62774900
2020-07-20,300.258056640625,301.0079588586028,296.83255574724603,297.5824579652238,56308800
2020-07-21,300.8968505859375,302.6743860263427,299.9062292995547,302.2300162929496,57292200
2020-07-22,302.6097106933594,302.92451040263154,300.42481649865164,300.5359089826633,57792900
2020-07-23,298.9990539550781,302.95227365409164,297.62887569233254,302.2486502737012,75738000
2020-07-24,297.0732727050781,298.1009060135599,295.5642011590365,297.1380860452755,73766600
2020-07-27,299.2397155761719,299.41562138741637,296.97147427544377,297.7676839874068,48293000
2020-07-28,297.3417663574219,299.62851323652956,297.04550101803045,298.50826521947164,57495000
2020-07-29,300.99871826171875,301.56347588194586,298.1842537893127,298.22129402344734,48454200
2020-07-30,299.9247741699219,300.34139910240606,295.92530478380587,298.01761180775253,61861700
2020-07-31,302.2948303222656,302.39668389819855,297.48988434595253,301.72083385939374,84986800
2020-08-03,304.3965148925781,305.1649233400349,303.41516036766865,303.9613838671238,53077900
2020-08-04,305.5722961425781,305.5722961425781,303.53550650852105,303.53550650852105,41917900
2020-08-05,307.47015380859375,307.72940723299746,306.6091589464229,306.8776512406806,42697700
2020-08-06,309.525390625,309.6457501911528,306.56282183906575,306.8868603048418,43679400
2020-08-07,309.74755859375,310.03455678498767,307.64595656017786,308.5532584813451,57308300
2020-08-10,310.6733703613281,310.85851499319904,308.25699699939344,310.20119928123864,44282100
2020-08-11,308.1089782714844,312.49732864539857,307.3776100870203,311.8585186843875,69601100
2020-08-12,312.4046936035156,313.1823690322383,310.5253042540805,310.55307736748404,53774400
2020-08-13,311.8399353027344,313.1545952590524,310.9141271866692,311.63625638706316,41816100
2020-08-14,311.8491516113281,312.3861360530641,310.7196647636338,311.45106096710737,47260400
2020-08-17,312.83984375,313.23793448435885,311.8584893449453,312.86761686510823,35481000
2020-08-18,313.51568603515625,313.94154987395524,311.6362683640285,313.23792663760884,38733900
2020-08-19,312.2103576660156,314.41375778936913,311.64559988503015,313.89530737758844,68054200
2020-08-20,313.1822814941406,313.6636914097174,310.3493117051342,310.4789101136529,42207800
2020-08-21,314.2933654785156,314.5155503966336,312.50653425057345,312.84910700390265,55106600
2020-08-24,317.47808837890625,317.55214058660636,314.26553352330154,316.7374250348169,48588700
2020-08-25,318.5890808105469,318.6724001496487,316.87633016433045,318.0428574185985,38463400
2020-08-26,321.7831726074219,322.0516366510932,318.635430282705,319.181653746849,50790200
2020-08-27,322.4867248535156,323.9402503595039,320.8202815655205,322.6533917850521,58034100
2020-08-28,324.56976318359375,324.6993898680201,322.32005647606724,323.5143567326901,48588900
2020-08-31,323.3940124511719,325.23636145672884,323.1625604352609,324.3568607483191,66099200
2020-09-01,326.43994140625,326.5417667355129,323.3292115013721,324.22724648767144,54908700
2020-09-02,331.1615905761719,332.1336778441025,327.20837164549533,328.3563929777579,69540000
2020-09-03,319.7647705078125,329.9393892174907,317.1724917084354,329.4672181970638,148011100
2020-09-04,317.1540222167969,322.02375260657993,310.02529001501034,320.44989611308165,139156300
2020-09-08,308.4885559082031,317.21894908878244,308.1830516203431,311.7288847499758,114465300
2020-09-09,314.5803527832031,317.05224467136924,311.6362614536504,312.5065233571741,91462300
2020-09-10,309.1180725097656,317.1170396063359,308.15522419835855,316.4597237823714,90569500
2020-09-11,309.2755126953125,311.9696181887015,306.4425416101873,310.904944314155,84680200
2020-09-14,313.3489685058594,315.1265323015431,309.4235516177228,312.45093361361097,65605700
2020-09-15,314.9321594238281,316.64488183662957,313.3582743243969,315.8116601824572,52920900
2020-09-16,313.68231201171875,317.60772937455226,313.40455262542565,316.17273809901303,82096000
2020-09-17,310.9233703613281,312.64538801635723,308.28481178308215,308.81252914941524,91523300
2020-09-18,307.3438415527344,311.8426865400238,304.852750491152,311.73114938301563,105877900
2020-09-21,303.92327880859375,304.0720044942166,299.0526331621716,302.74280591002497,99450800
2020-09-22,307.01861572265625,307.576330073654,302.8915692384154,305.41057385655796,63612100
2020-09-23,299.8984680175781,307.85510711224754,299.3965224188124,307.5762358389237,93112200
2020-09-24,300.6978454589844,303.7652309903187,297.2586315522572,298.5785542052481,76681300
2020-09-25,305.5592346191406,306.3492990513619,298.96898188268307,299.8426991947917,71069400
2020-09-28,310.63427734375,311.34999289202267,308.7380608935347,309.7326476540093,64584600
2020-09-29,308.9425964355469,311.1734245990456,308.24546086154606,310.42982466671907,51304000
2020-09-30,311.28497314453125,314.44531523436564,309.41664083080235,309.6118308382536,104081100
2020-10-01,313.283447265625,314.8636042513181,311.39653473476926,313.88762577093473,88698700
2020-10-02,310.3089599609375,313.25553191340913,307.84575345799766,308.31981468995633,89431100
2020-10-05,315.8117370605469,315.9976228708577,312.3260589938609,312.37252335480844,45713100
2020-10-06,311.3221435546875,318.0518447733549,310.81092215803676,315.9511338783172,90128900
2020-10-07,316.7411804199219,317.54985301201117,314.2593657098586,314.28724999349913,56999600
2020-10-08,319.5483093261719,319.6133821115986,317.7636300344893,318.68386814784026,45242500
2020-10-09,322.4019470214844,322.8667040365459,320.58010746506795,321.20286598000087,59528600
2020-10-12,327.58868408203125,329.0666082622925,324.4562257534408,324.94886714686123,80388500
2020-10-13,325.4507751464844,327.6258347283141,324.4840725434982,327.4492247806574,73255500
2020-10-14,323.4058532714844,327.1239098929824,322.67155751263357,326.02708999760546,57727900
2020-10-15,323.0061950683594,323.4895322562256,318.9442224201003,319.48332819246934,60357700
2020-10-16,322.8109436035156,326.0270542862086,322.6343336640178,324.3632161877111,89501900
2020-10-19,317.90313720703125,324.7071590913862,317.00150736477167,324.07509628990033,68425600
2020-10-20,319.17657470703125,322.42987424570373,318.48874331042714,319.2509233580746,60051900
2020-10-21,318.5724182128906,321.3051922836969,318.2656626356345,319.1301040505876,63575000
2020-10-22,320.31982421875,320.9054226108383,316.6389565111462,318.7861317044582,55399300
2020-10-23,321.4073791503906,321.60256916559945,318.9441724986455,321.54680058982547,49143900
2020-10-26,315.4678039550781,318.80475616946273,311.96351764417074,318.0146635113088,91473000
2020-10-27,314.3802185058594,316.146289389251,314.16642007915607,315.8116779733836,65994100
2020-10-28,303.63507080078125,314.40813551388993,303.142429476248,308.6916296323956,127094300
2020-10-29,306.7210693359375,309.8999916354377,302.1757318242684,303.8674542744102,90597700
2020-10-30,303.52349853515625,306.4514618560545,299.8612112381674,305.1408437594302,120287300
2020-11-02,306.9256286621094,308.9333545578397,304.17424595094957,306.9256286621094,86068300
2020-11-03,312.3446044921875,314.4081268139196,307.00920293263084,310.16954502331055,93294200
2020-11-04,319.3252868652344,323.4151432960798,315.65369476603786,316.83416747960666,126959700
2020-11-05,325.55303955078125,327.3656035607772,324.2703054349714,324.6235253644289,82039700
2020-11-06,325.47869873046875,326.73354858554944,323.14560898928653,325.26490025051436,74973000
2020-11-09,329.5685119628906,338.69634709260697,329.1037549200316,338.3152429134803,172304200
2020-11-10,329.0852355957031,330.1448670984281,325.8040514021092,328.57398573427594,85552000
2020-11-11,331.52984619140625,332.3570990887861,330.03331356077604,331.27885919980673,58649000
2020-11-12,328.313720703125,331.5763248019199,326.50118493331297,330.51666493968696,67546200
2020-11-13,332.8590393066406,333.60263931693396,329.70797256583705,330.2284982463468,62892200
2020-11-16,337.0139465332031,337.2091365588106,334.24398420061374,335.5360224634201,74541100
2020-11-17,335.2013854980469,336.409770903095,333.0820943880079,334.59720697878305,66111000
2020-11-18,331.16729736328125,336.01936231897963,331.1301088549771,335.47095237920496,70591300
2020-11-19,332.5616455078125,332.93344557730154,329.1875038533088,330.53531101754936,59940900
2020-11-20,330.28424072265625,332.5057930917374,330.20989207411236,332.301298850092,70417300
2020-11-23,332.2640686035156,333.52822240211714,329.85663073223736,332.096762890419,63230600
2020-11-24,337.6180725097656,338.16648235976567,333.965089337816,334.82022632318296,62415900
2020-11-25,337.0975646972656,337.5623217166409,336.0007449395041,337.53443743013906,45330900
2020-11-27,338.0363464355469,338.51037925486804,337.02315128022923,338.19434791981587,28514100
2020-11-30,336.53985595703125,337.5251385844671,333.8535750928766,337.2555715663142,83872700
2020-12-01,340.2207946777344,341.7637917326567,339.20762755188343,339.80253028624935,74231400
2020-12-02,340.9364929199219,341.0944944354891,338.5290547467315,339.10534896401384,45927000
2020-12-03,340.8435363769531,342.23780756286345,339.7374123001427,340.83423215842737,62882000
2020-12-04,343.78082275390625,343.78082275390625,341.3361959388751,341.4291530295326,50749900
2020-12-07,343.0743103027344,343.56695157579156,341.8008806931252,343.00923751639283,48944300
2020-12-08,344.0782775878906,344.6452676235663,341.7544921304885,341.80095649302785,42458900
2020-12-09,340.99224853515625,344.89619068117054,340.1556915300474,344.73818917160975,74098300
2020-12-10,340.8807373046875,341.93106447513236,338.7428377218177,339.6165832994784,57735400
2020-12-11,340.48101806640625,340.890006557245,337.65531550527345,339.17970394397395,57698600
2020-12-14,338.9566650390625,343.7343534662368,338.78005506472596,342.6561419139507,69216200
2020-12-15,343.5392150878906,343.5392150878906,340.1279132105844,341.5035763335521,63865300
2020-12-16,344.0782775878906,344.9984875517349,342.8698921301285,343.75294195055,58420500
2020-12-17,346.0023498535156,346.20684410811197,344.8962257081794,345.7235069456668,64119500
2020-12-18,344.6207580566406,346.45970742421224,342.60444592107217,346.2916885347735,136542300
2020-12-21,343.3886413574219,353.28349765930517,337.9464860594787,340.6909091664854,96386700
2020-12-22,342.80987548828125,343.82736137982727,341.68037698297826,343.71534876607024,47949000
2020-12-23,343.117919921875,345.0315351063921,342.79119749130325,343.7806801753628,46201400
2020-12-24,344.4527587890625,344.4807619388975,343.00588190186073,343.5939480483956,26457900
2020-12-28,347.411865234375,347.80390930273,346.3850356715312,347.01044880019464,39000400
2020-12-29,346.7491455078125,349.12018360826625,346.1610508009633,348.94282080818664,53680500
2020-12-30,347.2438659667969,348.2800395515808,346.85182184412906,347.57058839397877,49455300
2020-12-31,349.0082092285156,349.73631978165463,346.53450212409746,347.0479028200821,78520700
2021-01-04,344.2567138671875,350.47366910441684,340.55081201892335,350.34296875558,110210800
2021-01-05,346.62774658203125,347.7199264021152,343.5659454165651,343.6126363246513,66426200
2021-01-06,348.6999816894531,351.90182632552285,344.5646894517099,345.11543692578914,107997700
2021-01-07,353.88092041015625,354.6276901593906,350.9031283186224,351.08049111936754,68766800
2021-01-08,355.89715576171875,356.1118370621761,352.01389123519994,355.2717141545609,71677200
2021-01-11,353.4981689453125,355.2624244716988,352.5926957266306,352.7140522127588,51034700
2021-01-12,353.5728759765625,354.5903619209888,351.3231942418903,353.6849170835824,52547700
2021-01-13,354.5250549316406,355.52385315596246,352.7141082067856,353.49822506381935,45303600
2021-01-14,353.2834167480469,355.77581089223776,352.9473789690196,355.27172573626217,49989100
2021-01-15,350.7070617675781,352.4619733044625,348.8401091438219,351.65919735021674,107160000
2021-01-19,353.4607849121094,354.0022171031651,351.6871856917085,353.1714095466067,51233300
2021-01-20,358.35223388671875,359.19235686721606,355.3650983033549,355.7571424001168,61836100
2021-01-21,358.6788635253906,359.34165209686404,357.75473126120266,358.9122325607861,47840100
2021-01-22,357.409423828125,358.5762692472842,356.4386004629022,356.82132917887884,52860500
2021-01-25,358.8189697265625,359.1736667921993,353.2834336002094,358.1468656490129,70402000
2021-01-26,358.2588806152344,360.1818395328205,358.02551153797936,359.77110767785683,42665300
2021-01-27,349.50286865234375,355.01971706304266,347.2625312057877,354.9263637345536,123351100
2021-01-28,352.5086669921875,356.5226037699403,350.88442731269146,351.3231338347947,94198100
2021-01-29,345.4515686035156,351.61251765674365,343.7712942322162,350.6416943635997,126765100
2021-02-01,351.2017822265625,352.2379271972738,345.74094042873577,348.8587477068479,75817600
2021-02-02,356.1678466796875,357.72676452928016,351.2857841942282,354.3942475276346,64450700
2021-02-03,356.4479064941406,358.17484322861526,355.16904860852287,356.99865405501225,52427100
2021-02-04,360.4992370605469,360.54589948348286,356.5599656893547,357.48409816801393,47142600
2021-02-05,361.91815185546875,362.6276030840399,360.45261545754704,362.37557469425633,48669800
2021-02-08,364.5318298339844,364.578492252833,362.51551765835177,363.37429987972564,38365200
2021-02-09,364.2891845703125,364.88662317221474,363.2810425389031,363.69174596841026,35551100
2021-02-10,364.1304931640625,366.18415281718296,361.72213637762246,366.0347931617341,59154400
2021-02-11,364.7185974121094,365.63341464278966,362.28223740722973,365.2133388204245,42913300
2021-02-12,366.5201721191406,366.7628566015841,363.84107103316876,363.9157650950266,50593300
2021-02-16,366.2027282714844,367.94835282080294,365.48396180113076,367.7523022937143,50972400
2021-02-17,366.2867431640625,366.5387714849069,363.4302797573272,364.44779389363555,52290600
2021-02-18,364.7278747558594,365.47464442889515,361.9461050220427,363.67304193930454,59712800
2021-02-19,364.0837707519531,366.2774458183221,363.6356918594277,365.9880704358901,83241000
2021-02-22,361.2833557128906,363.7010560751068,361.01263959107774,361.3113588642894,67414200
2021-02-23,361.72216796875,363.07572037935256,354.90780045747755,359.07109794974326,107284100
2021-02-24,365.70794677734375,366.1373663240429,359.6403517069879,360.62983416254366,72433900
2021-02-25,356.8959655761719,365.81068094226185,355.4490887696667,364.4384697020069,146670500
2021-02-26,355.0570983886719,359.92984672810377,353.0688174261953,358.78168889571384,152701600
2021-03-01,363.6636962890625,364.9145796408334,355.2530939230072,359.9391348464769,105348800
2021-03-02,360.82598876953125,364.12115944200514,360.3219035186955,363.8877903335086,79595300
2021-03-03,356.046630859375,361.0967138213038,355.9439336275319,360.1259187403748,119940200
2021-03-04,351.64056396484375,358.4549301482067,347.14120097339406,355.8598669496521,183433000
2021-03-05,358.10955810546875,359.1643910019848,347.8506615219816,355.15042536468866,152039600
2021-03-08,356.3266296386719,361.8901412730423,356.04659810021576,359.071052665303,123149200
2021-03-09,361.4139709472656,363.97168646400985,359.677690507209,360.1817756010875,113633600
2021-03-10,363.6636962890625,365.3626300474982,362.3475197320477,363.7663934988811,109899400
2021-03-11,367.3509826660156,369.32994816283093,365.6800518602389,366.1374746877618,86245000
2021-03-12,367.84564208984375,367.98565782730424,365.1759137374838,365.9880335021886,64653600
2021-03-15,370.0392761230469,370.3006482999576,365.95064611553363,368.0976298196266,73427200
2021-03-16,369.5726318359375,371.36489050741085,368.7978304984493,370.6554678400284,73722500
2021-03-17,370.83282470703125,371.6356006957716,367.13623784220084,368.2844240106245,97959300
2021-03-18,365.43731689453125,370.32872365366313,364.75586893126194,368.2377458306638,115349100
2021-03-19,364.7611389160156,366.71849082891276,362.57899949059845,365.13574666256363,113624500
2021-03-22,367.6737365722656,369.059816642026,365.22002301990005,365.27621275157725,73778600
2021-03-23,364.7798156738281,368.4884805083681,363.99313092593997,367.03686494632495,90686600
2021-03-24,362.9255065917969,367.82358782761884,362.878691342001,366.1846539544213,97588600
2021-03-25,364.96722412109375,365.76325496649565,359.5353110691454,361.4833173294105,116128600
2021-03-26,370.84857177734375,371.2512743513727,365.51969350000576,366.119060120301,114409100
2021-03-29,370.66131591796875,371.5697547729306,367.87980961613647,369.3688948067096,108107600
2021-03-30,369.6778564453125,370.35216166786813,368.0763636787849,369.38753336428334,76262200
2021-03-31,371.1763610839844,372.74038482195306,370.22110707024007,370.24920193591674,112734200
2021-04-01,375.1847229003906,375.24094121233566,372.90895304429756,373.1149915856355,99682900
2021-04-05,380.5698547363281,381.1130603362482,377.77900235176537,377.8539124789563,91684800
2021-04-06,380.3450927734375,381.3940060302929,379.6707873110672,380.0079543326237,62021000
2021-04-07,380.7852783203125,381.1317912570408,379.7176446390616,380.1765370600538,55836300
2021-04-08,382.5927429199219,382.6489326563563,381.1036577429274,382.0401914578226,57863100
2021-04-09,385.37432861328125,385.54292643806957,382.34934238246296,382.4710963634086,61104600
2021-04-12,385.5147705078125,385.7863447199532,384.16615960757355,384.77490083514505,56704900
2021-04-13,386.6573181152344,387.2848083159337,385.02775850316095,385.4117407781049,56551000
2021-04-14,385.3367614746094,387.68744137767425,384.79355598094213,386.629153835871,61659900
2021-04-15,389.47625732421875,389.7478600943017,387.4346207591229,387.4814360108745,60229800
2021-04-16,390.77801513671875,391.3867562544257,389.34511988641407,390.76864065497745,82037300
2021-04-19,388.8581848144531,390.2910803620789,387.5283228451497,389.8415624370154,78498500
2021-04-20,386.0111083984375,388.74577080213885,384.53136914456286,387.64066789352995,81851800
2021-04-21,389.6635437011719,389.8695822374006,385.252449845648,385.3929527509193,66793000
2021-04-22,386.1047668457031,390.3285432917998,385.03713321050617,389.4950430989676,97582800
2021-04-23,390.29107666015625,391.70525180773853,386.5917853934421,386.6666955199945,73209200
2021-04-26,391.1058349609375,391.67713539485504,390.35661941365066,390.94664023299106,52182400
2021-04-27,391.0216064453125,391.60228144560665,389.87903399432275,391.405588757118,51303100
2021-04-28,390.9091491699219,392.4169832445719,390.44088233369035,391.2931314053205,51238900
2021-04-29,393.4004211425781,394.0185369358899,390.01017305441786,393.64392909832867,78544300
2021-04-30,390.8154602050781,391.9767813050414,389.9163959508624,391.1245322985736,85527000
2021-05-03,391.65838623046875,393.1942865637714,391.16202453619707,392.81030433526104,68128300
2021-05-04,389.2420654296875,390.1598785882064,385.54277509410423,389.6635169550984,101591200
2021-05-05,389.3639221191406,391.12461021240586,388.80199613054106,390.8904767655513,60162200
2021-05-06,392.4731750488281,392.60427490167996,387.4252448088687,389.4387864991381,74321400
2021-05-07,395.32958984375,395.98517484775925,392.5574581716832,393.24113804267915,67733800
2021-05-10,391.4148864746094,395.9102366829871,391.2931325239228,395.68547774679007,81852400
2021-05-11,387.92156982421875,388.91429314191333,384.0349611467462,386.88203125937775,116888000
2021-05-12,379.6801452636719,386.40445062739644,378.3596292664934,385.13077846545326,134811000
2021-05-13,384.2410583496094,386.17969003386344,381.1879492380252,381.2347930730612,106394000
2021-05-14,390.1412353515625,390.993484533841,386.9570261679269,386.98512103851886,82201600
2021-05-17,389.1484680175781,389.96327633452273,387.1255518204116,389.02674264587563,65129200
2021-05-18,385.79571533203125,389.6542298098184,385.63649201897573,389.41072188893645,59810200
2021-05-19,384.78424072265625,384.9621844206521,379.60521025643015,381.0943240619195,106467100
2021-05-20,388.9237365722656,390.18806285746604,385.54286343600126,385.6645888163089,78022200
2021-05-21,388.6053161621094,391.6584253302021,388.1464237708593,390.4128194386064,76578700
2021-05-24,392.56683349609375,393.64384150721315,390.609452962444,390.85296086401064,51376700
2021-05-25,391.6958312988281,394.00907059694083,391.1151849988608,393.6531832309636,57451400
2021-05-26,392.4731750488281,392.9788826564934,391.2463182178888,392.2858568810516,43088600
2021-05-27,392.6791076660156,394.0183436040324,392.39813049015146,393.50326165271275,56707700
2021-05-28,393.38165283203125,394.51485069134986,393.14751938948444,394.25262237892713,58520200
2021-06-01,393.03509521484375,395.89151145679193,392.59492324968153,395.7510371233868,54216600
2021-06-02,393.6532287597656,394.49613202119497,392.67925421266847,393.690698113344,49097100
2021-06-03,392.192138671875,393.3347107292872,389.86017931253383,391.3305438237686,58138800
2021-06-04,395.77911376953125,396.0788113874911,392.25773821034744,394.04652085532695,55938800
2021-06-07,395.3951110839844,395.94766246182473,394.45857751190186,395.76971879667013,51555000
2021-06-08,395.4794616699219,396.3504311779216,393.6438635649378,396.2567720889371,47134300
2021-06-09,394.88946533203125,396.3972995901698,394.66470636912584,396.32236088203933,48436300
2021-06-10,396.7249755859375,397.680258127959,394.7957187001208,396.11623447588136,51020100
2021-06-11,397.38055419921875,397.4929336539654,395.98512833488803,397.2775492259465,45570800
2021-06-14,398.27032470703125,398.3733296938015,396.2474085142983,397.4929857419434,42358500
2021-06-15,397.53985595703125,398.4576407391281,396.65951194675006,398.4201999673124,51508500
2021-06-16,395.3201904296875,397.90503235240567,393.26920810752716,397.6802734306868,80386100
2021-06-17,395.1890869140625,396.17243576818447,392.70727857401477,394.90813826452404,90949700
2021-06-18,389.85784912109375,392.59205290595094,389.6511365019584,391.89675985715155,118676300
2021-06-21,395.4390563964844,395.62698739769405,390.80684682653913,391.62429220073597,72822000
2021-06-22,397.5530090332031,398.38926441317477,394.7060302953331,395.42953858457474,57700300
2021-06-23,397.0740051269531,398.4364046264242,396.9894447724409,397.6283643449203,49445400
2021-06-24,399.4228515625,399.8456531785238,398.97183449783824,399.2255441416889,45110300
2021-06-25,400.84173583984375,401.2927530302253,399.8457646343818,400.17462954356137,58129500
2021-06-28,401.6498107910156,401.81893148712265,400.1652591125572,401.3679429641706,53159600
2021-06-29,401.86590576171875,402.6739459356344,401.3303282468715,402.03502644822527,35970500
2021-06-30,402.2041320800781,402.8806434750254,401.3772816335601,401.40546841358946,64827900
2021-07-01,404.43096923828125,404.59071343950365,402.8994206337779,402.96519934453073,53441000
2021-07-02,407.52227783203125,407.87932951282806,404.5155540009205,405.59611419519825,57697700
2021-07-06,406.780029296875,407.79481088022624,404.0364200440292,407.57869308441616,68710400
2021-07-07,408.21759033203125,408.4994868338858,405.4457944463871,407.4659236755757,63549500
2021-07-08,404.8913879394531,405.65245965927846,401.6967333373441,402.88063542340194,97595200
2021-07-09,409.2135314941406,409.5142096043328,404.69406938658494,406.4041438797797,76238600
2021-07-12,410.6792907714844,410.93300046535035,408.69675367452527,409.12896052529857,52889600
2021-07-13,409.27935791015625,411.3934527310656,409.01627170163516,409.8900906791253,52911300
2021-07-14,409.89013671875,411.468682821428,408.6404842564731,410.9800736119743,64130400
2021-07-15,408.4900817871094,409.22296681332864,406.58269968847173,408.54645535264586,55126400
2021-07-16,405.2860412597656,409.7209432529059,404.89142630984423,409.6739748407586,75874700
2021-07-19,399.3008117675781,405.3518228866035,396.4820188366375,400.4471220397971,147987000
2021-07-20,405.0229187011719,406.3007862832232,399.16921562616085,399.9678792806627,99608200
2021-07-21,408.30218505859375,408.44314765851226,404.97602971576475,406.2256820890456,64724400
2021-07-22,409.1571960449219,409.40150061648984,407.4941184807939,408.4806845710952,47878500
2021-07-23,413.3666076660156,413.70484906884116,410.4068806943092,411.09276865256516,63766600
2021-07-26,414.3813171386719,414.3907222902915,412.727644885463,412.7746132950754,43719200
2021-07-27,412.49273681640625,413.36655567137274,409.65513381425745,413.3383688913494,67397100
2021-07-28,412.32366943359375,413.7048792778129,410.8954911714122,413.1223332586895,52472400
2021-07-29,414.0337219238281,415.1142535469897,413.24446329453843,413.25386844732344,47435300
2021-07-30,412.02301025390625,413.47937526746006,411.3276884343814,411.4592458803784,68951200
2021-08-02,411.15850830078125,414.2967608282837,410.80145662667593,413.74240168794654,58783300
2021-08-03,414.50347900390625,414.6256312808162,409.7585225535521,411.9571775152014,58053900
2021-08-04,412.464599609375,414.4753237326035,412.2297001895343,413.21626628316693,46732200
2021-08-05,415.0766296386719,415.1611899786431,413.31018162796113,413.6296413592664,38969700
2021-08-06,415.7625732421875,416.1854036729654,415.1142485412592,415.39614505319315,46930000
2021-08-09,415.4242858886719,416.0538002146291,414.65380898521596,415.73434047583487,41222600
2021-08-10,415.9410705566406,416.6551739287781,415.1894039248862,415.87529184094507,43339300
2021-08-11,416.9746398925781,417.0686053915082,415.88470318832685,417.012231826999,44034300
2021-08-12,418.22430419921875,418.36526678880125,415.9223071173895,416.8243128497932,38909400
2021-08-13,418.9853820800781,419.00416370969447,418.18671837060634,418.6752988088245,39470300
2021-08-16,419.9719543457031,420.1034831034583,416.1195983231061,417.67933383173784,73740000
2021-08-17,417.21893310546875,418.0833468539245,414.2216144188741,417.40683542397306,92673900
2021-08-18,412.6524353027344,417.77325329801437,412.4081594440344,416.2041128102062,89351900
2021-08-19,413.2913513183594,414.4940636710407,409.77726576987084,409.91819966300045,92812200
2021-08-20,416.5799865722656,416.9088514737455,413.15046099796143,413.6390701113293,72008700
2021-08-23,420.2444763183594,421.15588723398355,416.6552062239017,418.27131541425854,54973000
2021-08-24,420.91156005859375,421.44713760045585,420.3947928212322,420.91156005859375,38744700
2021-08-25,421.79473876953125,422.31150595130316,420.7235838010332,421.0994457596763,40529700
2021-08-26,419.3048400878906,421.74777094308087,419.21087459171173,421.5128715397554,57829600
2021-08-27,423.0538330078125,423.4296663250528,420.05651427346226,420.1128878373361,77235100
2021-08-30,424.914306640625,425.7035653205543,423.48609968949273,423.7304042836071,48357400
2021-08-31,424.2846374511719,425.15845622920676,423.6833099722006,424.8202148987054,59300200
2021-09-01,424.51025390625,425.74112467039447,424.2753544676843,425.2243573752491,48721400
2021-09-02,425.8162841796875,426.624324438472,424.6136002700282,425.93843646863075,42501000
2021-09-03,425.712890625,426.22968653702213,424.27530736753846,424.67935614944514,47170500
2021-09-07,424.19073486328125,425.45919738921737,423.5142234277316,425.3652318920659,51671500
2021-09-08,423.6740417480469,424.38814524221465,421.74784907937027,423.65526011502885,56181900
2021-09-09,421.8605041503906,425.2336558006691,421.6161996198401,423.4766130290712,57970400
2021-09-10,418.534423828125,424.21897874285884,418.41227153281125,423.7961769601356,89948200
2021-09-13,419.6054992675781,421.8041829670538,417.28469196190423,421.54109677619476,83738600
2021-09-14,417.3410949707031,421.259201058738,416.44846574600996,421.05248843166396,78197100
2021-09-15,420.8269958496094,421.32498145214555,416.6551800315069,417.7638983655694,78792200
2021-09-16,420.159912109375,421.27800698138066,417.20015644327026,420.30084602817857,77786700
2021-09-17,416.06707763671875,419.8092317575897,415.70888206973706,419.38507550677497,118425000
2021-09-20,409.1295166015625,411.50487801227933,404.2467861081484,409.9213037384681,166445500
2021-09-21,408.7430725097656,412.77743321287386,408.21521438159147,411.47662969483383,92526100
2021-09-22,412.7302551269531,414.7757267973973,408.8561507112312,411.0241372373776,102350100
2021-09-23,417.7449035644531,419.35678355873563,414.3703804133432,414.6060323552564,76396000
2021-09-24,418.4330139160156,419.1494050182944,415.8879614592612,416.10477159971555,62094800
2021-09-27,417.2359313964844,418.5649830834851,416.5383820618651,417.39615861384715,61371100
2021-09-28,408.8279113769531,414.785200381323,408.0926783443076,414.4552818535476,130436300
2021-09-29,409.5159606933594,411.95731138665417,408.95039027329,410.2134812439846,82329200
2021-09-30,404.5107727050781,411.70284690195615,404.1714188987651,410.9958909687572,140506000
2021-10-01,409.3179931640625,411.0052691446982,402.7103321875053,406.24511136235,129240100
2021-10-04,404.03936767578125,409.0540186452384,401.89019456102386,408.1491233316218,128570000
2021-10-05,408.243408203125,410.49622568957915,404.7463416257037,405.54753517269626,90682500
2021-10-06,409.9401550292969,410.14752991038995,403.00257494565346,404.6332681429632,113032200
2021-10-07,413.4843444824219,416.33100970659876,413.05075294528,413.22985073007703,72437500
2021-10-08,412.7302551269531,414.64377665813777,412.098723983002,414.2573039916996,74557400
2021-10-11,409.7421875,414.9925198577681,409.67619805003494,412.07042992014857,65233300
2021-10-12,408.73358154296875,411.0712591964954,407.9417944585742,410.66594475438393,71181200
2021-10-13,410.20404052734375,411.02410468083355,406.77296321895665,409.7610137268703,72974000
2021-10-14,417.1039123535156,417.2547330392935,413.4088774672189,413.88018132298555,70236800
2021-10-15,420.280517578125,420.6481484124566,418.602676915053,419.22480148892544,66260200
2021-10-18,421.5247497558594,421.86407472825306,417.82971482631206,418.48955173855063,62213200
2021-10-19,424.7767639160156,424.842724595289,422.54275941839205,423.1554774596146,46996800
2021-10-20,426.4452209472656,426.74686236318604,425.1255757102496,425.23868404969255,49571600
2021-10-21,427.5574645996094,427.78368126436493,425.4083199861109,425.84191151559463,41305400
2021-10-22,427.1144104003906,428.5754696428719,425.1632054936649,427.12384568285273,58845100
2021-10-25,429.40496826171875,429.7348867422343,426.4263529523227,428.20786672133556,45214500
2021-10-26,429.7914733886719,432.1762701326921,429.41443599649216,430.96032670037073,56075100
2021-10-27,427.8873596191406,430.92255769132396,427.81193489095295,430.25331425071147,72438000
2021-10-28,432.0159912109375,432.09138717390806,429.31071156896627,429.32011808552153,51437900
2021-10-29,432.89263916015625,433.1848452815996,429.41441402054215,429.7066201419855,70162400
2021-11-01,433.6373291015625,434.25945374272055,431.9029340865654,433.88238758484846,48433600
2021-11-02,435.3905334472656,435.70161012769955,433.6749803616617,433.80695926029597,48908400
2021-11-03,438.0487060546875,438.4540205123054,434.38194783725373,434.824974662078,52509800
2021-11-04,440.1130676269531,440.19789888786755,438.30324776244527,438.65200809046394,52847100
2021-11-05,441.64007568359375,443.6383998174654,440.1224907810986,442.34703160450744,66390600
2021-11-08,442.01708984375,443.2424973018923,441.3290045272223,442.74291629469593,50405200
2021-11-09,440.5560607910156,442.6203742803155,439.1421490184052,442.3847223182138,51149100
2021-11-10,437.0118408203125,440.5560554928544,435.52253309482785,438.85934412646145,69429700
2021-11-11,437.1532287597656,438.5860110906729,437.13438695871474,438.51058635425227,34848500
2021-11-12,440.45233154296875,441.0084666869661,437.4736874755457,438.4257305483091,53466700
2021-11-15,440.6031799316406,441.90398336577135,439.4720677725637,441.74375614047045,46980500
2021-11-16,442.3469543457031,443.4875016443956,440.26379931709175,440.339195278399,48857500
2021-11-17,441.2724304199219,442.26215710599143,440.6503058184097,442.08305932224823,47858300
2021-11-18,442.7711486816406,443.03507770094774,439.57569460199926,442.309251323274,50625600
2021-11-19,441.9794006347656,443.91173518602335,441.611769772154,442.6580506590797,57315600
2021-11-22,440.735107421875,446.3624767742698,440.52773256865373,443.8645720191761,72762000
2021-11-23,441.3195495605469,442.17732611315665,437.79420558269936,440.4052188410492,73206500
2021-11-24,442.4978332519531,442.6203768755419,438.4917498727346,439.3118141030796,61858800
2021-11-26,432.628662109375,437.2757112190327,431.49752135014876,435.80524549170127,112669600
2021-11-29,437.93560791015625,439.78311122075047,435.23032801383044,437.4360269059508,86268800
2021-11-30,429.4144287109375,437.39831833000216,429.1693414654298,435.48482555019865,148559600
2021-12-01,424.6448059082031,438.00157083991655,424.4468663284383,435.1454704103125,131939200
2021-12-02,431.1488037109375,432.72297140039274,424.46571783383473,424.8616257685235,127637800
2021-12-03,427.397216796875,433.8823339250444,423.15548194038644,432.8172113357215,137331600
2021-12-06,432.45904541015625,434.3442610310532,427.52919620571214,429.9517051824305,98977500
2021-12-07,441.4044189453125,441.9699894291605,432.32710041618657,437.75653103535194,95484700
2021-12-08,442.5732116699219,443.02567377766377,440.03759434211855,441.80029512259415,72238800
2021-12-09,439.585205078125,442.67695787577196,439.3872654713124,441.28188781159673,61272600
2021-12-10,443.72314453125,443.87396521689504,439.73593232528253,442.29982644903924,77159800
2021-12-13,439.7925720214844,443.55356831350923,439.50977239360935,443.2048079952957,87724700
2021-12-14,436.7666931152344,439.010104059482,433.8351969554868,436.5121993902541,97264100
2021-12-15,443.59124755859375,443.836306031787,434.29711945911913,436.8233302887185,116899300
2021-12-16,439.6794128417969,445.7309387127813,438.1240869835833,445.4481678837098,116568600
2021-12-17,434.99993896484375,439.60656170872556,433.28782720309647,436.5890765889238,135511600
2021-12-20,430.3743896484375,430.771659603725,426.742062864258,429.90142998069797,107134800
2021-12-21,438.0174255371094,438.1593076705926,431.6324697258457,433.80807275170514,69806300
2021-12-22,442.39703369140625,442.5105393973741,437.5633706863754,437.7620345389874,58890200
2021-12-23,445.1496887207031,446.65369714760357,443.29569472408735,443.3997320049562,56439700
2021-12-27,451.4494934082031,451.49677783042705,446.48341665361187,446.5307010758358,56808600
2021-12-28,451.08062744140625,452.91571358116715,450.3144349556184,451.88466479001033,47274600
2021-12-29,451.65765380859375,452.6792341682965,450.18202169614966,451.1846940580111,54503000
2021-12-30,450.4090270996094,453.0954349828374,449.9455357877482,452.08329420204046,55329000
2021-12-31,449.2738952636719,451.07113645073605,448.9995994066956,449.9171424306895,65237400
2022-01-03,451.8751525878906,452.0075951613326,448.22391752702976,450.5414027577386,72668200
2022-01-04,451.7238464355469,454.0224527634519,449.8603838627355,453.30354470475135,71178700
2022-01-05,443.0497741699219,452.1306070232727,442.9551764477384,451.3549461154086,104538900
2022-01-06,442.63348388671875,445.35773611614786,440.259217182971,442.5861994681221,86858900
2022-01-07,440.8835754394531,443.8253998227985,439.5214491762915,442.6430005573575,85111600
2022-01-10,440.3349609375,440.55250393034436,431.9068153934691,437.6769296616079,119362000
2022-01-11,444.34564208984375,444.44023980411635,437.0620510983953,440.07009675611505,74303100
2022-01-12,445.546875,447.6090009052354,443.57937566041676,446.0860559009308,67605400
2022-01-13,439.4079284667969,447.30636106377136,438.3768798065865,446.65367438215316,91173100
2022-01-14,439.587646484375,439.9376320291072,435.0283082374195,436.24855229559944,95890900
2022-01-18,431.802734375,435.0850758226512,430.68655641963403,434.8769724015517,109709100
2022-01-19,427.3190002441406,434.7539113285087,427.0446755922795,433.3539693821067,109357600
2022-01-20,422.5894470214844,433.9310101841873,420.4611285977612,429.21088211751214,122379700
2022-01-21,414.29376220703125,423.828616436145,414.26538578156715,421.46381809024535,202271200
2022-01-24,416.05316162109375,416.5639661506676,398.00503320354795,408.6655338392634,251783900
2022-01-25,410.9736328125,415.9397100242834,404.0494953719495,409.6398828972748,167997300
2022-01-26,409.9425964355469,420.02610174271774,405.66702183195844,416.8856420829711,186391100
2022-01-27,407.9182434082031,417.7085142657729,406.22506858864034,414.5586155924304,149878300
2022-01-28,418.0491027832031,418.0963872077387,404.68325664580124,409.28041120998864,164457400
2022-01-31,425.5785827636719,425.9285683081596,416.02479145329517,417.3774492101084,152251400
2022-02-01,428.4542236328125,429.0974419265007,422.7692385378579,426.3069680203135,123155400
2022-02-02,432.61627197265625,433.3446195666415,428.54880096336996,430.8663151934965,117361000
2022-02-03,422.4476013183594,428.47310315644444,421.60571921304773,426.5623563990489,118024400
2022-02-04,424.4340515136719,428.2933900112805,419.8273997309541,422.21113512307284,118454400
2022-02-07,423.07196044921875,426.6002216728821,421.7382105038977,425.20027930229384,84472900
2022-02-08,426.552978515625,427.47999009794876,421.14231735317696,422.5706651591553,81012000
2022-02-09,432.7960205078125,433.11762967701776,430.4028453031969,430.6014803174058,92589900
2022-02-10,425.0205078125,432.95675649430774,423.0151633217596,426.9312545906798,140103700
2022-02-11,416.6396484375,427.18664391321806,415.20186134997584,425.1056385655254,153214600
2022-02-14,415.2774658203125,417.7179536925174,411.7964898491064,416.1288162535536,123006300
2022-02-15,421.97467041015625,422.144928982225,419.21257292774663,419.73284594307296,88482700
2022-02-16,422.4476013183594,423.82863553178055,418.0396135389401,419.921983869593,84863600
2022-02-17,413.42352294921875,422.41922551305055,412.8181495554297,419.25038980867765,102259100
2022-02-18,410.74664306640625,414.937059606831,408.4669735618949,413.6789704811315,132642900
2022-02-22,406.3386535644531,411.9479493682577,402.82927137444875,408.5331937704951,124391800
2022-02-23,399.1307678222656,409.82911568109824,398.56321031576954,409.2615581746021,132578000
2022-02-24,405.1372375488281,405.5723812250493,388.43232758179744,388.79175267882744,213942900
2022-02-25,414.07623291015625,414.16136219529494,404.72107583636694,406.376434848572,121804500
2022-02-28,413.01678466796875,414.5018850268596,407.40748965693734,408.665549734316,145615000
2022-03-01,406.72637939453125,413.52754127673785,404.01156683261695,411.51272860651227,137785900
2022-03-02,414.20867919921875,415.9396990802248,408.23046138487615,408.9871853932259,117726500
2022-03-03,412.146484375,417.25444275036347,410.33977507312505,416.6490694177286,105501700
2022-03-04,408.7979736328125,409.9330595198553,404.7399715837537,408.40067480868873,113978200
2022-03-07,396.7469177246094,408.92089427144623,396.6806964467157,408.2114548095824,137896600
2022-03-08,393.7389221191406,404.106189919639,392.67002865476115,396.92666565064377,164772700
2022-03-09,404.2954406738281,406.28187731724785,399.9536738077774,402.1482138875015,116990800
2022-03-10,402.4697265625,403.36833251559113,397.7022855345535,399.6697848421069,93972700
2022-03-11,397.3523864746094,405.581868290295,396.84158189370584,404.96702642713234,95636300
2022-03-14,394.4483947753906,401.5900747886048,393.30384036976113,398.12803514404516,95729200
2022-03-15,403.1225280761719,403.7562779787934,395.79165191371726,397.06862015150375,106219100
2022-03-16,412.0614013671875,412.118154221395,401.82654660662627,406.64130172019,144954800
2022-03-17,417.21661376953125,417.21661376953125,409.7627654028303,410.1411273323392,102676900
2022-03-18,421.78631591796875,422.10892413881095,414.8596646232218,415.59977264911765,106345500
2022-03-21,421.6629943847656,423.6271083158259,418.1427105740209,421.6155341135983,88349800
2022-03-22,426.5970458984375,427.53640601074585,423.0577952903336,423.0577952903336,74650400
2022-03-23,421.10321044921875,425.553357225726,421.0178166955982,424.05417417852397,79426100
2022-03-24,427.4510192871094,427.4605171330371,422.01408163043,423.1337270897033,64736900
2022-03-25,429.53851318359375,429.8136901005225,425.4963689988191,428.08676165984116,77101300
2022-03-28,432.5939025878906,432.5939025878906,427.04307687633553,428.9407930883645,68529800
2022-03-29,437.9454345703125,438.43885930354094,433.79892940016117,436.49368286841064,86581500
2022-03-30,435.2411804199219,437.6133254430153,433.1252166348571,436.79729249751,79666900
2022-03-31,428.542236328125,435.29810058107427,428.0867740686455,434.4725987632066,121699900
2022-04-01,429.75677490234375,430.2691373695996,426.1700928473133,430.1268144620285,89048800
2022-04-04,433.4383239746094,433.54271341244913,429.13052949203757,429.9560313211461,59601000
2022-04-05,427.96343994140625,434.41566302039155,426.8153298227524,431.939157439223,74214500
2022-04-06,423.6841125488281,425.97086406711,420.7901068981446,424.0352143730315,106898000
2022-04-07,425.8190002441406,427.640820370861,420.8469935201735,422.8016387112071,78097200
2022-04-08,424.6803894042969,427.58389261830564,423.13374620427055,425.05992681953586,79272700
2022-04-11,417.421630859375,422.24181683640415,416.9187372695067,421.397319303444,89770500
2022-04-12,415.8749694824219,422.95344185969435,414.3188285059621,420.4199783284058,84363600
2022-04-13,420.6382141113281,421.39728888608715,415.4479599836638,415.6282453101172,74070400
2022-04-14,415.4005126953125,421.9855889099312,415.29612326761054,420.8659145684745,97869500
2022-04-18,415.5713195800781,417.26028558117775,413.33199974941584,414.4706408777996,66002500
2022-04-19,422.2797546386719,423.00086699763705,415.29614499530715,415.4669324784689,77821000
2022-04-20,421.96661376953125,424.6803625829539,420.79953701530115,424.0636107025364,65224400
2022-04-21,415.65673828125,426.9956031035997,414.745842697952,425.6007806681519,85417300
2022-04-22,404.25146484375,415.6756941570096,403.68214426024474,414.5655465281797,132471800
2022-04-25,406.5951232910156,406.7659107697977,397.41965431182905,402.00265435707155,119647700
2022-04-26,394.81982421875,404.251475165839,394.79135963669034,404.05219413457274,103996300
2022-04-27,395.92999267578125,401.2910638857322,393.78559314865083,395.9015280922262,122030000
2022-04-28,405.93096923828125,407.6673957249043,396.24313643650856,400.69328310824267,105449100
2022-04-29,390.92950439453125,404.0901605040377,390.17989845051727,401.9267653758565,145491100
2022-05-02,393.28265380859375,394.64901157407303,384.3064367465445,390.9959026727131,158312500
2022-05-03,395.08551025390625,397.50508664209,392.21994047752736,393.78557938889816,100028200
2022-05-04,407.1170349121094,407.6863555366896,392.55205797111023,395.74970498454525,144247900
2022-05-05,392.64691162109375,403.26463455087514,388.5004069530426,402.83763688449426,172929100
2022-05-06,390.30322265625,393.58626302991394,384.98014349725037,390.075506016204,151770800
2022-05-09,377.8067932128906,385.62537367241526,376.2221876512533,384.3823720398505,155586100
2022-05-10,378.6797180175781,385.3122258608909,374.6281049717166,383.80354518634044,132497200
2022-05-11,372.6639709472656,383.37658562932586,371.9143650365518,377.71190234105785,142361000
2022-05-12,372.2749328613281,375.5579733330181,365.4526417334001,369.4568235292296,125090800
2022-05-13,381.17523193359375,382.56055648756023,375.3776945718479,376.4214441495683,104174400
2022-05-16,379.62860107421875,383.31017481839024,377.26595387479733,379.5242405914911,78622400
2022-05-17,387.4377136230469,387.6749281280144,381.99124889833473,385.73924965956155,83029700
2022-05-18,371.8194885253906,383.1488555613553,370.57648684005943,382.86420973908423,117674500
2022-05-19,369.542236328125,373.9829138685316,367.31241418995535,368.7451990662184,98510700
2022-05-20,369.7035217285156,376.7250646538933,361.07840657695476,373.13838281901803,131432200
2022-05-23,376.62078857421875,377.3893613569976,370.41524818284455,372.73993326966047,76414900
2022-05-24,373.7456970214844,374.9412384284281,367.1700889774752,372.4836996470706,91448800
2022-05-25,377.0477294921875,379.0213705085386,371.8480057616769,372.24650993825225,91472900
2022-05-26,384.5816345214844,386.2231692896121,378.072482526249,378.2812324449887,82168300
2022-05-27,394.0227966308594,394.13665496189145,386.84943220734834,387.0486842866544,84768700
2022-05-31,391.8118896484375,395.1613569109401,389.0602075020582,392.4001769192746,95937000
2022-06-01,388.6426696777344,394.9525683675897,386.1187044104237,393.9373125108939,86585800
2022-06-02,396.04388427734375,396.0913155981684,386.2231974480646,388.4814842908441,79609600
2022-06-03,389.54412841796875,392.86513105129364,388.56680594414985,391.30899020382157,71874300
2022-06-06,390.7302551269531,395.3037288108325,389.5536514825728,393.5673313620774,57508900
2022-06-07,394.47821044921875,394.9336727076749,386.7639903779014,387.22895048242367,59272400
2022-06-08,390.18939208984375,394.55414472787754,389.39235483614425,392.76078918941744,64350000
2022-06-09,380.9095153808594,390.68274010880896,380.9095153808594,388.4054869539983,86289800
2022-06-10,369.8648376464844,375.539018923671,369.81740632911726,374.6850525131261,132893900
2022-06-13,355.82171630859375,362.28343636021015,354.20864627859,360.42368296422063,170004900
2022-06-14,354.74951171875,358.6113704659484,351.6372588485272,357.57711879105614,104011800
2022-06-15,359.8069152832031,364.26652989061614,353.08898535903893,358.0609913233088,125666800
2022-06-16,347.8987731933594,351.96938204270447,345.460201230786,351.5613800602234,134473300
2022-06-17,348.6487731933594,352.00319986018303,345.1323892326363,348.3152615671358,111113900
2022-06-21,357.4255676269531,358.8168766209317,354.3189186862377,354.39517152757065,76811900
2022-06-22,356.7774963378906,360.90378632423085,352.76552742803,353.1848307301624,90059400
2022-06-23,360.2749328613281,361.0086993057973,355.34816129628814,358.9217501630145,79292100
2022-06-24,371.7294006347656,371.738939509623,363.42915449401596,363.4577420366525,98050300
2022-06-27,370.3094787597656,372.9491586215477,369.21358425811263,372.65374434063085,66009600
2022-06-28,362.7430114746094,374.6645107225344,362.62866130813416,371.87235419067196,86548900
2022-06-29,362.44757080078125,364.2867703688928,360.61791010649307,363.29571627695856,65676000
2022-06-30,359.5029602050781,362.75254644984545,355.0335903944629,358.5404645110338,112508300
2022-07-01,363.3052673339844,363.7436484326006,356.21526590396945,358.84543616792405,74839700
2022-07-05,363.9913635253906,364.0104412734267,355.3575774256308,358.197399099367,81438000
2022-07-06,365.2206726074219,367.7174146268019,361.7423863037376,364.1342879585382,70426200
2022-07-07,370.6906433105469,371.49112350460933,365.2397294426553,367.0027052771426,64525900
2022-07-08,370.3857116699219,372.26303762487726,367.51730255509904,369.05154895851365,72397800
2022-07-11,366.1546325683594,368.6704236096154,365.45896357627913,367.6984180612563,58366900
2022-07-12,362.91448974609375,367.99376527770045,361.1610528959377,365.60183463812973,62219200
2022-07-13,361.0086669921875,363.95332954690326,357.03485281396763,357.4541561966872,84224600
2022-07-14,360.1319580078125,361.2183137887282,353.58514853179514,356.0342257471146,89704800
2022-07-15,367.0122985839844,367.1266487598198,362.63822986665895,364.5536534757757,79060400
2022-07-18,363.98187255859375,370.7859691967166,362.7525501059406,370.1093779909023,63203600
2022-07-19,373.81634521484375,374.38812509860895,367.26002700439284,367.9175404264999,78506000
2022-07-20,376.19873046875,377.6186558198573,372.6346814850552,374.00694154890255,71843800
2022-07-21,380.0296936035156,380.0773298161558,373.20651865026207,375.61749846498117,64903900
2022-07-22,376.503662109375,381.35420826114387,374.2737469034611,380.15350258530145,72197300
2022-07-25,376.96112060546875,377.8187758914489,374.71212748110185,377.1326458462782,53631500
2022-07-26,372.50128173828125,375.5221383804845,371.6055000576572,375.3124867300845,52946400
2022-07-27,382.1737976074219,383.9272346038622,375.51260989744463,375.8080241745554,82342100
2022-07-28,386.9671936035156,387.66283348896036,379.41976258385523,382.9838409651642,73966600
2022-07-29,392.608642578125,393.5997257422066,387.63420717412276,388.40609981595657,87003700
2022-08-01,391.4460754394531,393.9618954868596,389.1875723544022,389.9022899930606,69997500
2022-08-02,388.8635559082031,393.5711649045606,387.6818987628926,389.8736878063429,63435400
2022-08-03,394.9529113769531,396.12502949195255,390.7122424782585,390.9981178521778,67820600
2022-08-04,394.6861267089844,395.562830670343,393.0375009919587,394.87670061792033,45656600
2022-08-05,394.0190734863281,394.66707717050787,390.3311350966772,390.388310181638,56814900
2022-08-08,393.56158447265625,397.97377871678725,392.4561511932812,395.71527595505336,53886100
2022-08-09,391.9987487792969,393.33288235794674,390.9219030430517,392.82781646453174,44931800
2022-08-10,400.2322998046875,400.3752665840471,397.11614167304344,399.07923026953097,68665700
2022-08-11,400.2322998046875,404.95898626712,399.48899469613326,403.09117008096246,59489700
2022-08-12,407.0078430175781,407.1126543031395,401.2233884335798,402.17634520529884,61694500
2022-08-15,408.68505859375,409.20920230766916,404.73029350332524,404.7874685874713,54048300
2022-08-16,409.485595703125,411.4200970664075,406.7982502382882,407.6082694278657,59289000
2022-08-17,406.5789489746094,409.2948812439527,404.5682244020966,405.87377035970786,63563400
2022-08-18,407.7607116699219,408.4468126683968,405.4831308884467,406.7791382170342,49023200
2022-08-19,402.2812194824219,405.2544402076987,401.4044863824872,404.9876134524029,68016900
2022-08-22,393.90472412109375,397.6022013931033,392.9994034708054,397.43064705593497,77695600
2022-08-23,392.9517822265625,395.8773668795127,392.39905094051335,393.4758968870475,49105200
2022-08-24,394.20965576171875,395.5818868105569,392.0369154016521,392.72301638510424,49177800
2022-08-25,399.7749328613281,399.8225690705073,394.60989399755806,395.705788546093,50942300
2022-08-26,386.2428894042969,400.203699664141,386.1857143271262,399.66053643101975,103087000
2022-08-29,383.6890563964844,386.74804002289886,382.32633495553245,383.2792918930269,65370800
2022-08-30,379.4769287109375,385.0898583631651,377.37090227301206,384.85161915718464,85652400
2022-08-31,376.5894470214844,382.3643626848254,376.456048197128,381.115991650528,76029700
2022-09-01,377.77117919921875,378.11422971671993,371.69130965116875,374.4072425757973,78740100
2022-09-02,373.78778076171875,382.66934546989927,371.96762971164344,381.4495618807624,99632100
2022-09-06,372.37738037109375,375.5793010181184,370.1474651172163,374.6358831635364,76637400
2022-09-07,379.0671691894531,379.83906190032036,371.8437691661729,372.06293062608904,70964200
2022-09-08,381.54486083984375,382.00226150651457,375.57934176857907,376.7896155569929,80821700
2022-09-09,387.4722595214844,388.3394537414485,383.5270042184785,383.79383097216476,76706900
2022-09-12,391.63671875,392.36097533793395,389.2447875002251,389.5497407037697,69256300
2022-09-13,374.6073303222656,384.1368984857324,373.48284825864073,382.92662471653426,122947100
2022-09-14,376.03680419921875,377.56154107848636,372.72050366795696,375.9129151472498,85023700
2022-09-15,371.7674865722656,377.33275056104594,370.4905280036488,374.4738802809369,87633800
2022-09-16,368.9313659667969,369.59160962495736,365.63014767599446,367.57262481623485,103084800
2022-09-19,371.7923889160156,371.7923889160156,365.6971224730672,365.7736885415829,73278500
2022-09-20,367.5247497558594,369.467197620889,364.75940646491324,368.45291622543897,77274900
2022-09-21,361.1137390136719,372.51963061277917,361.10416095449915,369.4576302203021,106746600
2022-09-22,358.0804443359375,361.9844671030688,357.33408575392417,360.3386469989625,89472600
2022-09-23,352.080810546875,354.63564059434674,347.62178673365196,354.5973575655179,122346900
2022-09-26,348.5978088378906,354.24334411898207,347.37301464402196,350.6072445688274,92581200
2022-09-27,347.70794677734375,354.42517373959924,345.3061901306675,352.1478150517164,108294100
2022-09-28,354.549560546875,356.2432124213187,346.96157731312644,348.66480724606794,110802200
2022-09-29,347.14337158203125,351.27703369645445,344.18664256070633,350.9899839667711,112952300
2022-09-30,341.7753601074219,350.12885893091953,341.64141328029035,346.19610182658244,153711200
2022-10-03,350.798583984375,352.65491669915065,343.7177419885129,345.50708670190903,89756500
2022-10-04,361.6686096191406,361.6973145871633,350.7602837496474,356.3388300122603,103602800
2022-10-05,360.82659912109375,363.09437945569084,354.951424456926,357.2861927916206,88065700
2022-10-06,357.10443115234375,362.3863509600016,356.6068393173464,359.4200436718051,82333500
2022-10-07,347.14337158203125,357.19052094050096,345.3731537119263,353.0568296246811,107789500
2022-10-10,344.4928283691406,348.50212184161734,342.24420395687974,348.2629039933855,76042800
2022-10-11,342.3111572265625,347.37301498969447,340.3687094983833,342.78959291529037,92482800
2022-10-12,341.18206787109375,344.3014780144964,340.93327195985853,342.7226460270839,76991800
2022-10-13,350.18621826171875,351.6598083555464,333.09648032022864,334.14904467296265,147254500
2022-10-14,342.20587158203125,354.2911602043447,341.5647549925979,352.6548893333673,123737000
2022-10-17,350.9996337890625,352.1096083064407,341.87107090058174,348.31082703283016,93168200
2022-10-18,355.1236572265625,359.2573483322076,351.6693365808902,358.95114250184974,97162900
2022-10-19,352.60711669921875,355.8126417822186,349.7843343422343,353.07597434848265,79746900
2022-10-20,349.650390625,356.5972865092172,348.8848759647924,352.15738908420826,88283100
2022-10-21,358.1474304199219,358.63541501231197,347.86106212496895,349.37290619784375,131038400
2022-10-24,362.5299072265625,363.6685866686993,357.01831794034774,359.6784487928094,85436900
2022-10-25,368.31890869140625,368.6346633675463,362.33846314683217,362.4532830290649,78846300
2022-10-26,365.5439758300781,370.8641781012246,364.9028883902584,365.16123313746095,104087300
2022-10-27,363.59197998046875,368.39546356431134,362.9699902522956,366.5487088981551,81971800
2022-10-28,372.2420654296875,372.7205010833071,363.30489092424085,363.4866988087279,100302000
2022-10-31,369.5533142089844,371.6488650187867,368.64430385310885,369.773405154798,96631300
2022-11-01,367.9361267089844,373.5529855393359,366.7591937470325,373.31376772412375,85407600
2022-11-02,358.702392578125,371.86895295670394,358.59715073623875,367.3429405262177,126990400
2022-11-03,355.00885009765625,358.0612720504973,352.8845945254816,355.4490027437404,87100100
2022-11-04,360.1185607910156,362.5298662303547,354.04242150065716,360.74052136688584,103505200
2022-11-07,363.5633239746094,364.1565796093266,359.3339392603805,361.41991204096684,68286900
2022-11-08,365.5248718261719,368.5103058976594,361.4294634355471,364.6732422704296,84641100
2022-11-09,357.9942932128906,364.70197091504775,357.4967014075901,363.5441355230192,78495500
2022-11-10,377.66754150390625,378.00245230430266,369.0078677871435,371.3139019581526,141455800
2022-11-11,381.32281494140625,382.1265833794771,376.6341219172314,378.5287377221533,93839900
2022-11-14,378.0790100097656,382.9207767926326,377.8015091368323,379.55260009193285,71903500
2022-11-15,381.3037414550781,384.95899784998454,377.47625518641865,383.849023327905,93194500
2022-11-16,378.394775390625,380.6242727188842,377.76323681489697,379.6674013983378,68508500
2022-11-17,377.23699951171875,377.9163992813692,373.3138498403958,373.6200265181567,74496300
2022-11-18,378.9497985839844,380.65302859427004,376.0887622973976,380.58604058453875,92922500
2022-11-21,377.5718994140625,378.7488618021571,375.72514453630845,377.6197605070804,51243200
2022-11-22,382.65289306640625,382.81557406409473,378.1077536070245,379.52393388792524,60429000
2022-11-23,385.064208984375,385.5521935507362,382.0883236888626,382.3179634847973,68261600
2022-11-25,384.97802734375,385.5330290650388,384.22212002199467,384.49959168124366,30545400
2022-11-28,378.8349304199219,383.52359408000194,378.0694158378015,381.8777742301874,67881600
2022-11-29,378.1842956542969,380.16499726824185,376.3375116508364,378.9689080128027,52310000
2022-11-30,390.0972595214844,390.0972595214844,376.50970545498825,378.43299678751555,144566700
2022-12-01,389.8102722167969,392.3172705907876,387.29369578444215,391.14030826651214,76398200
2022-12-02,389.3605651855469,390.26957554211833,384.7962988819975,384.9015407248155,85342700
2022-12-05,382.3562316894531,387.46592136062503,380.99749068100294,386.52820609599246,77289800
2022-12-06,376.8447265625,382.7390590786088,374.74920463945534,382.1936644637525,77972200
2022-12-07,376.20361328125,378.57666518211346,375.0649338273367,375.99310037712985,65927900
2022-12-08,379.1507263183594,380.2224176484129,376.3088170014075,378.09819110581316,60737900
2022-12-09,376.318359375,380.4711774858571,376.1939614285939,377.9067693033474,81447700
2022-12-12,381.74383544921875,381.74383544921875,376.4427600120724,377.11255243392947,75405800
2022-12-13,384.6335754394531,392.7861087804528,381.8586543812398,392.5277640299923,123782500
2022-12-14,382.1744079589844,388.01132898247715,379.2176790178847,384.28908544733156,108111300
2022-12-15,372.8258056640625,378.2034182224786,371.16085878407677,377.29437871823495,117705900
2022-12-16,368.4242248535156,371.6060113741097,366.28062152117025,370.2602455148018,119858000
2022-12-19,365.300048828125,368.95287477023777,363.62745650152823,368.6164260296432,79878100
2022-12-20,365.79986572265625,367.4244062499485,363.21405999982943,364.5406106633448,74427200
2022-12-21,371.26953125,372.4038173364099,367.86664365527946,368.40494991105,78167400
2022-12-22,365.9729309082031,371.25026808589166,360.25339056526093,368.21266617846675,100120900
2022-12-23,368.0780944824219,368.22227840834165,363.3871151892416,364.9443602601523,59857300
2022-12-27,366.6265563964844,368.30877056523445,364.94434222773435,367.9627291601254,51638200
2022-12-28,362.0701904296875,368.5395164418001,361.8394961456738,366.559282940557,70911500
2022-12-29,368.5876159667969,369.4623710215703,364.39648347005243,364.9251970537468,66970900
2022-12-30,367.61669921875,367.7608831535474,363.77163783487043,365.89605537101687,84022200
2023-01-03,366.069091796875,371.4617765380731,363.19488834099036,369.481572187265,74850700
2023-01-04,368.8951416015625,370.93301912670415,365.28077507139534,368.3375913591078,85934100
2023-01-05,364.68487548828125,367.04958018001776,364.08889562849737,366.9342330246392,76970500
2023-01-06,373.0478515625,374.1725449520528,364.71369723961243,367.7897288196835,104189600
2023-01-09,372.8363342285156,378.4501492308945,372.6537208155279,375.2491194480199,73978100
2023-01-10,375.4510192871094,375.51831490424064,371.3079678453285,372.2500184786919,65358100
2023-01-11,380.19964599609375,380.2765636489995,376.2200228551562,377.03710423821616,68881100
2023-01-12,381.58392333984375,383.05465829922656,377.21979933530525,381.3051774819789,90157700
2023-01-13,383.06427001953125,383.6410351388549,378.1041369301359,378.3732900744213,63903900
2023-01-17,382.3625183105469,384.7272522586673,381.68002810706065,383.0450378495243,62677300
2023-01-18,376.32574462890625,384.6214688994839,376.12388712892096,383.55447849264397,99632300
2023-01-19,373.58624267578125,375.93170353647497,372.2596915755027,374.2783256823662,86958900
2023-01-20,380.5457763671875,380.6995823616,373.33628539125715,374.9896631618236,91806400
2023-01-23,385.1117248535156,387.0534702139708,380.39190867323447,381.35317398077467,84178800
2023-01-24,384.6983947753906,385.61157923279035,382.23755789038205,383.4295175059516,59524900
2023-01-25,384.84259033203125,385.17903907302156,378.315590364586,380.6130286416279,84800300
2023-01-26,389.0721130371094,389.2355410385258,384.53493984754374,387.5148680133813,72287400
2023-01-27,389.9660949707031,392.3500434455685,387.8128701130754,388.02434964984155,68346200
2023-01-30,385.0733337402344,389.4374872178155,384.7753437893362,387.197722229523,74202000
2023-01-31,390.73516845703125,390.78321999260135,385.24632192810753,385.5923927248843,86811800
2023-02-01,394.8878173828125,397.64667374216685,386.76514229657437,389.51434727901096,101459200
2023-02-02,400.63616943359375,402.106904238457,396.88724045408844,398.7905270630348,101654500
2023-02-03,396.3777160644531,400.81875665054196,395.16651250988843,395.64714511592376,94736800
2023-02-06,393.95538330078125,395.35885189681073,392.292412944782,393.91695380659627,60295300
2023-02-07,399.1077880859375,400.3574213852453,391.78295035245776,393.0325836517656,90990700
2023-02-08,394.74365234375,398.47336699446805,394.05154004428175,397.12760122758357,76227500
2023-02-09,391.32147216796875,398.5117468918236,390.09105380546026,398.35794092957406,78694900
2023-02-10,392.2347412109375,392.6192415030363,389.3221082284389,390.13916034833926,70769700
2023-02-13,396.83917236328125,396.9737635969899,392.42696780662374,392.8883857479932,64913500
2023-02-14,396.6565856933594,398.9732095911578,392.68655472796934,395.31079060743565,88389300
2023-02-15,397.94464111328125,398.02152943385084,393.6093249869712,394.4552431906893,61555700
2023-02-16,392.4654235839844,396.9160869350225,392.33086168681325,392.95567830940917,76431500
2023-02-17,391.4849548339844,391.72527118315116,388.399271789129,390.3314246237872,89257800
2023-02-21,383.63140869140625,388.50503135725484,383.3718775916629,387.4476335398875,82655900
2023-02-22,383.10272216796875,385.59239604305503,381.6415799797693,384.0447434887899,83742300
2023-02-23,385.1405334472656,386.6208901264533,380.90135023106023,386.0056662936268,96242400
2023-02-24,381.0263366699219,381.86263277047993,378.39247918807456,380.1035302143566,108194400
2023-02-27,382.3240966796875,385.74619914411034,381.38204603041686,384.3811893735747,80444700
2023-02-28,380.91107177734375,383.81408299120295,380.8053173191746,381.8435004744053,96438600
2023-03-01,379.44989013671875,381.32436937882426,378.1425832891619,380.0939508547448,99706800
2023-03-02,382.40093994140625,383.2468580842527,377.13319562899125,377.4696443451899,85127800
2023-03-03,388.53387451171875,388.78381290959834,383.5737413980239,384.2273948465631,90120000
2023-03-06,388.8030090332031,391.6675904235153,388.3608351727829,389.3605300454294,72795900
2023-03-07,382.8431091308594,388.99523033703184,382.22791461153497,388.75491401914974,108310600
2023-03-08,383.4679260253906,384.22730441091755,381.2281616842417,382.9584566434295,74746600
2023-03-09,376.39306640625,385.9288317963225,375.4029642473178,384.2562101022739,111945300
2023-03-10,370.9618835449219,377.93105674639065,369.4334752872032,375.84509820468116,189253000
2023-03-13,370.4331970214844,375.2683898395796,365.9056454879313,367.0207168016272,157790000
2023-03-14,376.55645751953125,378.2098349693888,372.05771372820567,375.37409066804696,149752400
2023-03-15,374.201416015625,374.4032735477043,368.8471603783562,370.94274137008466,172996900
2023-03-16,380.7668151855469,381.1128859764341,371.327211458966,371.8366809364042,143254200
2023-03-17,376.31463623046875,380.56999909987053,374.925128785462,379.43138394137793,140553400
2023-03-20,379.9330749511719,380.34801891979464,376.3917839300492,377.09616685031443,93055800
2023-03-21,384.9217834472656,385.40425039458904,381.7085370875222,383.3103308863294,91524200
2023-03-22,378.36029052734375,388.3763110569279,378.32171436604824,384.74817891591067,111746600
2023-03-23,379.3831481933594,385.28854009810937,376.66202699883297,381.2358051510508,119351300
2023-03-24,381.87261962890625,381.95946015274023,375.7452830138486,378.0997242626186,107682400
2023-03-27,382.5867004394531,384.9315126123636,381.6893188206897,384.15954768698845,74010400
2023-03-28,381.7279357910156,382.5867118272092,379.88490812660376,381.8919580974175,62871700
2023-03-29,387.2762451171875,387.5174786036879,384.6998585244868,385.9060259569887,77497900
2023-03-30,389.5438537597656,390.1710549480257,387.67187951037874,389.9201626937426,69840000
2023-03-31,395.0343322753906,395.3334594504177,390.36402594491756,390.47018399433404,112062600
2023-04-03,396.5396423339844,396.94489812673964,394.1176485509198,394.51327502786114,67391100
2023-04-04,394.339599609375,397.47563517993467,392.95972157826725,397.18613730495184,66601500
2023-04-05,393.30718994140625,394.36862346204816,391.6475019220721,393.60631719075235,65200200
2023-04-06,394.84136962890625,395.12120875106916,391.45444166145506,392.50621625119436,63743300
2023-04-10,395.24658203125,395.32379323799756,391.73423775786677,392.3517801746106,63681000
2023-04-11,395.35272216796875,396.76151742909195,394.5807868201482,395.87379472384293,59297900
2023-04-12,393.7413635253906,397.71691691277425,393.15276783554935,397.4274190026867,86420400
2023-04-13,398.9712219238281,399.3282427562327,393.68337353599725,394.831647235996,85814800
2023-04-14,397.9966125488281,400.5343933179485,395.6807771690888,398.33434529007945,78161500
2023-04-17,399.42474365234375,399.4440317293952,396.6746761290546,397.9097903516003,66436400
2023-04-18,399.685302734375,401.14236249332856,398.30545418576855,401.0072575989454,63560000
2023-04-19,399.61773681640625,400.5247475847089,397.7071571060642,397.76505078388254,55227300
2023-04-20,397.43707275390625,399.193259931611,395.8835134974897,396.7905539322404,75840400
2023-04-21,397.74578857421875,398.2089380268862,395.7869738207864,397.7361298114724,73457400
2023-04-24,398.1607360839844,398.58530941572457,396.2019211683217,397.54316416601694,64332100
2023-04-25,391.8404235839844,396.7423052676906,391.78252989419235,396.18262700309856,97766700
2023-04-26,390.1806945800781,393.5386754708215,389.6210458220118,392.4579541121772,80447000
2023-04-27,397.94842529296875,398.2186056288377,392.47723668231237,392.72812893970786,92968400
2023-04-28,401.3449401855469,401.3545989474943,397.00273774129374,397.06063141808824,89433100
2023-05-01,400.9397277832031,402.9757243479049,400.7081236035476,400.90112217868585,62122300
2023-05-02,396.4335021972656,400.2739503234408,393.5194119627244,400.22568595239403,103998500
2023-05-03,393.7123718261719,399.3572417840884,393.4711383189741,396.9352479486394,91531800
2023-05-04,390.9237060546875,392.9886494487858,389.5824336944863,392.66057543093643,94901900
2023-05-05,398.1607360839844,399.21251064978856,394.3106587025835,394.5711802912855,87891800
2023-05-08,398.2668762207031,398.74934325278616,396.8580807323069,398.48882165654356,50046800
2023-05-09,396.52032470703125,397.6396516896296,396.2887499683726,396.7133232875461,49220100
2023-05-10,398.3730163574219,400.0037572082906,394.5325683537426,399.3668972208996,96142900
2023-05-11,397.67828369140625,397.96775213394324,395.59402256278725,397.50460262588405,70157100
2023-05-12,397.15716552734375,399.13529781612647,394.72554254638004,398.9230111667802,70481500
2023-05-15,398.5273742675781,398.93263003006393,395.84485910381983,397.76506821297346,54289400
2023-05-16,395.8641662597656,398.3440536617969,395.8545074967587,397.4176958365766,57705500
2023-05-17,400.66961669921875,401.27750047633117,396.2405724955376,397.8906016426063,87287000
2023-05-18,404.5292663574219,404.95383964691223,400.12916994583713,400.3510859057206,97177200
2023-05-19,403.940673828125,405.9670411550364,402.71521822657564,405.4363392242152,103793300
2023-05-22,404.104736328125,405.6486366872359,402.7152289496702,403.96000211108804,60745400
2023-05-23,399.56951904296875,404.0371682026997,399.1738925667831,402.45466229795704,86383500
2023-05-24,396.6747131347656,398.3440595499911,395.50715124414705,397.9580918408348,89213700
2023-05-25,400.1098937988281,401.56695362242056,397.9484509723996,400.19673432873464,90961600
2023-05-26,405.2915954589844,406.015296007875,400.6888705691221,400.7660523374588,93830000
2023-05-30,405.4459533691406,407.76178903576425,404.0564460796768,407.23108712480087,72216000
2023-05-31,403.19769287109375,404.5196477889496,401.6248456806696,403.6126074392259,110811800
2023-06-01,407.0284729003906,408.0899062054044,402.17485598730195,403.4292584266687,88865000
2023-06-02,412.9146423339844,413.70586597207523,409.08385250721,409.61455452089393,91426200
2023-06-05,412.1233825683594,414.5550060324383,411.4189700357014,413.26199780132424,65460200
2023-06-06,413.02069091796875,413.5513928288073,411.05221735044984,411.70839483792156,64022200
2023-06-07,411.5925598144531,414.5549140739441,411.16798652558714,413.416299093552,85373300
2023-06-08,414.0821228027344,414.53564295041497,410.88819369048633,411.6601290941159,61952800
2023-06-09,414.8251647949219,416.84187353554825,413.8312838471978,414.88305848527847,85742800
2023-06-12,418.5884094238281,418.66562064399164,415.08572330453325,415.80942389444124,76104300
2023-06-13,421.34808349609375,421.9945727847897,419.38926865621204,420.05507547125325,95899700
2023-06-14,421.849853515625,423.6639342094121,418.38574387055274,421.6858312205728,100612100
2023-06-15,427.079833984375,428.3342365219858,420.9332085446694,421.0296783956768,110303100
2023-06-16,425.6250915527344,429.64443703691825,425.15052699072436,429.0730147226843,114165800
2023-06-20,423.4168395996094,424.56937878552253,421.3345310858184,423.6783584670495,76160400
2023-06-21,421.2474060058594,423.2328569537705,420.6565943972341,422.4289996662733,76982300
2023-06-22,422.7679443359375,422.874467164617,419.9495524578209,420.2885397836048,70637200
2023-06-23,419.5718078613281,421.3635726421897,418.85511377171673,419.3006239174076,92074500
2023-06-26,417.8575439453125,420.92773045025166,417.61541436670325,419.0003884627084,72823600
2023-06-27,422.43865966796875,423.0584960393973,418.2837076907825,418.7389124953398,72813700
2023-06-28,422.6517639160156,423.6686964256791,420.73408682017543,421.35392323417744,75636000
2023-06-29,424.3175354003906,424.4821965153007,421.82846584915717,422.2352269806223,67882300
2023-06-30,429.3248291015625,430.3127072151387,427.2231311982605,427.542758817571,104964000
2023-07-03,429.8187561035156,430.099605137091,428.6952712987132,428.9761498891222,32793400
2023-07-05,429.1795349121094,429.9156183055728,427.98824671850423,427.99794136005,58418400
2023-07-06,425.81878662109375,426.2449370649579,423.3006329683059,425.5863516723805,80658300
2023-07-07,424.7437438964844,428.705010268812,424.50161428998615,424.8212419223924,86134200
2023-07-10,425.81878662109375,425.9931128326287,423.8139465179375,424.3853688047475,62443500
2023-07-11,428.5306396484375,429.02459348677553,425.60572474369303,426.5839377782571,64463800
2023-07-12,431.9785461425781,433.3926042220803,430.9035049555948,432.3369227617404,91924500
2023-07-13,435.4071350097656,436.20132720138423,433.36357534737226,433.79939089874614,72425200
2023-07-14,435.1359558105469,437.15046112494997,434.3708179806255,436.29818974063414,69815800
2023-07-17,436.6468200683594,437.7025015489115,434.9422182723966,434.9906619251845,52680200
2023-07-18,439.891357421875,440.5402481729128,435.88167721390397,436.3175222997564,80668200
2023-07-19,440.86956787109375,442.0608265336728,439.8138568520883,440.6855470187412,65891700
2023-07-20,437.9446105957031,440.7726971193373,437.2279164909502,439.87198216766114,70591600
2023-07-21,437.9446105957031,439.87198216766114,437.9349455110671,439.66857203779847,71275600
2023-07-24,439.9010925292969,440.7146444818016,438.06088382582936,439.09720566265844,54023400
2023-07-25,441.10205078125,442.36111295935297,439.58146970198135,439.6299133591932,55191200
2023-07-26,441.1697692871094,442.6031574189834,439.10682063047216,440.1625020043204,71052900
2023-07-27,438.2448425292969,444.97605663564536,437.33443294941236,444.5692659386792,92194400
2023-07-28,442.53546142578125,443.3683731021995,438.24490224608303,441.5281939658573,80011800
2023-07-31,443.3780212402344,443.7363682986347,441.69277922202156,443.0099795402013,62040400
2023-08-01,442.1092529296875,442.8550013949116,441.1503996951611,441.9058428017626,55291500
2023-08-02,435.9591979980469,439.24246004875226,435.2037548181366,438.9809707176882,93933400
2023-08-03,434.7098388671875,436.59846176003117,433.2861154936017,433.93503589193,64276100
2023-08-04,432.74365234375,438.641925149683,432.2206441941938,436.5305623830598,100128900
2023-08-07,436.5209045410156,436.6758710264232,433.8865334027571,434.58386780867363,58357500
2023-08-08,434.6225891113281,436.5112116276927,431.2521347714645,433.9736688423559,71361300
2023-08-09,431.717041015625,435.0584410413958,430.9519032671321,434.89377992203646,78789600
2023-08-10,431.87200927734375,437.47973864760297,430.7001103815545,434.0802298731548,93005500
2023-08-11,431.6202087402344,432.6371707700478,429.39262829617013,429.9931049607352,68690900
2023-08-14,434.0027770996094,434.0027770996094,430.390222291899,430.70015528143995,47867400
2023-08-15,428.9471435546875,432.57908768331487,428.37569166843355,432.22071103488054,75707500
2023-08-16,425.7994079589844,430.19645984639186,425.6928555743393,428.5306071554129,80107200
2023-08-17,422.55487060546875,427.53303945369214,422.0318624311896,427.27155014496947,95711300
2023-08-18,422.75823974609375,423.79456142513646,419.3781203229198,419.7267727251213,98852000
2023-08-21,425.50885009765625,426.2545985897725,421.6154169550539,423.77519396809026,68719000
2023-08-22,424.3563232421875,427.29093275792906,423.79459558552884,427.29093275792906,64994200
2023-08-23,429.0827331542969,429.70259915742764,425.2764626912426,425.4217345492146,68441000
2023-08-24,423.1360168457031,431.203762091387,423.10693291921746,430.6904485230162,88517300
2023-08-25,426.1189880371094,427.4071043420946,421.3054510122365,424.8695911823325,102325100
2023-08-28,428.82122802734375,429.44106445082383,426.1190533411667,428.31757952912716,61595400
2023-08-29,435.0197448730469,435.30062349579674,428.53065951997604,428.71468038762214,83081900
2023-08-30,436.81146240234375,437.450688048326,434.651655881381,435.35868490424787,69053900
2023-08-31,436.1722412109375,438.5741477826128,435.9882203614193,437.43130323274573,66084600
2023-09-01,436.9858093261719,439.38774554402755,435.523337117232,438.9034863550366,58944100
2023-09-05,435.0971984863281,436.8599090757818,435.02942466122306,436.540311007373,55166200
2023-09-06,432.1722412109375,434.39015641541886,429.83810853841925,434.2836040318296,70758500
2023-09-07,430.8454284667969,431.52337363207397,428.8115338572922,429.16018630397696,70355400
2023-09-08,431.4942932128906,433.0342338731247,430.53546948555345,430.89381655306994,61659700
2023-09-11,434.3321228027344,434.6420262521554,432.4144455779479,434.12871264165517,60180100
2023-09-12,431.9494934082031,434.4095383156122,431.36840603835697,432.87929231362625,67565400
2023-09-13,432.4531555175781,433.6153598507793,431.06815175751416,432.17227690873267,60199300
2023-09-14,436.1819152832031,436.87924968605284,433.6250421773107,434.9325478772583,83430800
2023-09-15,430.9267272949219,434.9213947445107,430.4893744318184,434.5909404720226,111848900
2023-09-18,431.1794128417969,432.4818018322225,430.13943555280594,430.61567408318183,55752200
2023-09-19,430.2851867675781,430.8489254828746,427.5929384264587,430.25602991410364,66514600
2023-09-20,426.3294677734375,431.9666773901904,426.125340122441,431.54875257145443,82562600
2023-09-21,419.28289794921875,423.7343455427682,419.12738484772433,423.47193386836017,104095800
2023-09-22,418.3401184082031,421.9168307442946,417.922163972963,420.31314452968047,100829700
2023-09-25,420.0993347167969,420.13819074776075,416.68783452035365,417.12521698798207,70874500
2023-09-26,413.9275207519531,417.75694552801576,413.091641554904,417.0474225773536,96168400
2023-09-27,414.09271240234375,415.66727132378986,410.43825858234544,415.10353266200207,104705800
2023-09-28,416.4934387207031,418.1748963964089,412.94588306815257,413.53877864718345,92258300
2023-09-29,415.4826354980469,419.72998517929483,413.9566909765415,419.55504406068815,115111300
2023-10-02,415.3173828125,416.57118678559624,412.5473631951858,414.6467455474316,83798600
2023-10-03,409.7579650878906,415.37574672072844,408.38753353977256,413.130579835391,103760600
2023-10-04,412.7418212890625,413.49020038088855,408.7568828162418,410.22451380445284,87453000
2023-10-05,412.5863037109375,413.43188220244974,409.3497740259949,412.4502186078416,70142700
2023-10-06,417.48480224609375,419.0301747224433,408.7957044273052,410.12725010221135,113273300
2023-10-09,420.1576843261719,420.7311222733579,415.0258699966629,415.57985026561204,80374400
2023-10-10,422.3445129394531,424.94929081738496,420.39091470045764,420.7894114868797,78607300
2023-10-11,424.0745544433594,424.3272372952325,421.0226652550823,423.41364596754795,62451700
2023-10-12,421.48919677734375,425.06590928014145,419.12740262422676,424.68687017880916,81154200
2023-10-13,419.3898010253906,424.20088940216954,417.8152716398533,422.9956702679193,95143100
2023-10-16,423.8023986816406,424.8715327429623,421.4017188780287,421.64470254373396,75433200
2023-10-17,423.7829284667969,425.8434548063301,420.313144365616,420.6630265965554,75324700
2023-10-18,418.135986328125,422.96650259633606,417.0474242949097,422.004296810028,93559800
2023-10-19,414.46209716796875,420.6727739909263,413.78176069076767,418.85526089082725,121323000
2023-10-20,409.3691711425781,414.56902762423476,409.2622429037748,414.02474657512494,123919900
2023-10-23,408.65960693359375,412.5376460937697,406.0742573805063,407.83345660487464,92035100
2023-10-24,411.7406921386719,412.89729677768196,408.931786683621,410.7881854768129,78564200
2023-10-25,405.8313293457031,410.0787089756388,405.31620513197595,410.0495521205634,94223200
2023-10-26,400.97161865234375,405.61746498467414,400.04829855300767,404.76218742791497,115156800
2023-10-27,399.15411376953125,402.9641106372074,397.72536865178915,402.5656138725483,107367700
2023-10-30,403.9263000488281,404.98570521187486,400.6508851667013,401.9532739816695,86562700
2023-10-31,406.46307373046875,406.7837991071731,402.58503439104294,404.4997467967024,79665200
2023-11-01,410.79791259765625,411.6143341639396,406.9004450659712,407.4350269329694,98068100
2023-11-02,418.6705627441406,418.8260758413125,414.5884255113766,414.6078535256142,94938900
2023-11-03,422.49029541015625,424.04539685609643,420.8574522394109,420.9838084956757,100167800
2023-11-06,423.4621887207031,423.9092703320981,421.5085906809684,423.24836192202025,67831700
2023-11-07,424.66741943359375,425.30889989202655,422.31535408043305,423.46222990258883,64256100
2023-11-08,424.9784240722656,425.7948456157836,422.66521486841896,425.2699926017036,61746000
2023-11-09,421.66412353515625,426.1641856948334,421.2364699177512,426.12530000386255,83174400
2023-11-10,428.2441101074219,428.5551363127825,421.6543943944366,423.74407761206675,89462200
2023-11-13,427.83587646484375,428.9438664398027,426.1155629711309,426.9028275920748,52236100
2023-11-14,436.13629150390625,437.4289516718833,433.5703695238838,433.7939251946129,97176900
2023-11-15,437.0595703125,438.71187109713105,436.20426306686005,437.47749509718125,77327600
2023-11-16,437.5941467285156,437.9148721110953,435.54334919989805,436.6124832436495,66665800
2023-11-17,438.138427734375,438.7507513076313,436.68052576418063,437.6038458819822,83133200
2023-11-20,441.5110778808594,442.3566563462381,437.87602183807985,437.8857506768845,69936200
2023-11-21,440.5487976074219,441.3846768102291,439.27556561921335,440.4613270503416,49244600
2023-11-22,442.24969482421875,443.57154137515226,441.15143358240533,442.2108387941116,59394900
2023-11-24,442.52178955078125,442.7161883255682,441.9678093987068,442.2982635869737,29737400
2023-11-27,441.7248840332031,442.70651789043535,441.33608643233896,441.89009631858715,50506000
2023-11-28,442.1622009277344,443.4645897337832,440.77234156692367,441.3360505846412,62115000
2023-11-29,441.8512268066406,445.45712595738206,441.4527596750205,444.3199492892873,63146000
2023-11-30,443.59100341796875,443.9409153434161,440.61688552658904,442.69684007944744,79752700
2023-12-01,446.2152099609375,446.7497621614447,442.385785013724,442.97865092115586,89183400
2023-12-04,443.8728332519531,446.2346273092226,441.5887809150275,442.81342805335595,72430900
2023-12-05,443.785400390625,444.7476062747075,442.1039426420814,442.48301142132226,69793500
2023-12-06,441.9970397949219,445.96252037504996,441.5596573094173,445.93336352008924,69124700
2023-12-07,445.3696594238281,446.0208390789402,443.48410368567227,444.0866984690036,66995400
2023-12-08,447.2843322753906,447.81888446185815,444.3782275382068,444.6212111977086,83194400
2023-12-11,449.02410888671875,449.1990796776143,446.5748440862102,446.78867090966605,65002200
2023-12-12,451.0749206542969,451.17212006092257,447.67314905005793,448.6742406500045,68327600
2023-12-13,457.2952880859375,457.54800060597285,451.0943397950226,451.4539508974767,93278000
2023-12-14,458.762939453125,460.4346684409584,456.08039000120516,459.2391779980169,119026000
2023-12-15,458.00750732421875,459.3444814019504,456.15335034862125,458.1636509343483,141553700
2023-12-18,460.5838317871094,461.5694752957874,458.5540244200266,459.61772484302196,70375300
2023-12-19,463.3846130371094,463.4626997368389,461.0522866109777,461.1303435293572,55761800
2023-12-20,456.9634094238281,464.4190817502539,456.5340218793302,462.52588115351864,102921000
2023-12-21,461.2962341308594,461.5694780045962,457.5293402486141,459.95926004653603,86667500
2023-12-22,462.22332763671875,463.9116026187795,460.3203886798005,462.4282531099421,67160400
2023-12-26,464.17510986328125,465.08266680219026,462.55515318900285,462.6332398955009,55387000
2023-12-27,465.01434326171875,465.16071859872636,463.4334300593357,463.9701495554804,68000300
2023-12-28,465.1899108886719,466.02914919241226,464.7702917368017,465.3753295430043,77158100
2023-12-29,463.84326171875,465.5217683364712,461.8817429403466,464.9947873638026,122283100
2024-01-02,461.2474365234375,462.2428483505155,459.13954238423355,460.7692671751978,123623700
2024-01-03,457.4806213378906,459.8227162609005,456.8755833757596,459.08104145242885,103585900
2024-01-04,456.00701904296875,459.59823307859364,455.78255699773547,457.00240114962037,84232200
2024-01-05,456.631591796875,459.0907868763805,455.17751732207205,456.21194277640495,86118900
2024-01-08,463.15045166015625,463.2968270078377,457.00241902536396,457.1292875871387,74879100
2024-01-09,462.44775390625,463.47241097446175,459.97879079150385,460.4862351844952,65931400
2024-01-10,465.0631103515625,465.9316536258223,462.4380035262674,462.7210156897323,67310600
2024-01-11,464.8581848144531,466.5854732987493,460.866858585486,466.0682606035861,77940700
2024-01-12,465.1801452636719,467.053838598708,463.76514420784144,466.31216397714337,58026400
2024-01-16,463.472412109375,465.1118753350676,461.6475302089655,463.79446761024036,85014900
2024-01-17,460.89617919921875,461.3841168761338,458.53454773915473,460.43751659166446,68843900
2024-01-18,464.9947509765625,465.55100697188686,461.02296166205167,462.57459961110374,91856200
2024-01-19,470.7915344238281,471.0745466119852,465.04364414171863,466.1268514770496,110834500
2024-01-22,471.7869567871094,473.5142454606471,471.13310718922804,472.3334446086135,75844900
2024-01-23,473.162841796875,473.40681060028834,471.2403962160722,472.3333716903482,49945300
2024-01-24,473.6800842285156,476.9785174341802,473.18237833954385,476.04168556789347,81765000
2024-01-25,476.2564392089844,476.5296831119091,473.680143807316,475.8172833950849,72525000
2024-01-26,475.6513671875,477.3201055543282,474.8023604707163,475.8270175879346,76641600
2024-01-29,479.41827392578125,479.5646790538066,475.4172088037404,475.963696618888,61322800
2024-01-30,479.0474548339844,479.75982476451486,478.2862434868122,478.72539929766515,58618400
2024-01-31,471.23065185546875,477.28106061845324,471.21111529014115,476.8321663361625,126011100
2024-02-01,477.398193359375,477.427468426182,472.12844308332853,472.93843623390336,91891600
2024-02-02,482.42401123046875,484.08298154607263,477.4958225785378,477.8373849257178,99228200
2024-02-05,480.6673583984375,482.45322684265506,478.4033503772612,481.7896387981956,75757100
2024-02-06,482.0628967285156,482.3946907604105,480.17943474492984,481.6139726429951,55918600
2024-02-07,486.08349609375,486.5031153279947,483.40957750278733,484.3171641716027,70556500
2024-02-08,486.2981872558594,486.67876313703624,485.26376181906494,486.08349349833503,52343600
2024-02-09,489.1087341308594,489.5478601666735,486.46409050709747,486.80565283363205,63979400
2024-02-12,488.8940124511719,491.3532074553824,488.171844486811,489.0794311383801,56502300
2024-02-13,482.1604309082031,485.0978249437322,478.8815043599049,482.5995866836909,113099200
2024-02-14,486.54217529296875,487.03011296285007,482.47276202236384,484.8051183794454,68387800
2024-02-15,489.8991394042969,490.08455808264773,486.76655843722136,487.24475755676514,61683000
2024-02-16,487.4595031738281,490.7384300384019,486.7178283814998,489.5966725621618,75532900
2024-02-20,484.7758483886719,486.386036759877,482.5215787127143,485.712680385879,71736700
2024-02-21,485.2149658203125,485.3711094473026,481.6530268123209,483.46817041739837,59293400
2024-02-22,495.2567138671875,496.22282088243315,490.88478180969435,491.85091860629063,76402500
2024-02-23,495.5982666015625,497.8232610473495,494.8663601420095,496.98399282076,61321800
2024-02-26,493.7831115722656,496.4765368105967,493.65624302388784,496.03738103257336,50386700
2024-02-27,494.7004699707031,494.9249320161117,492.5730689156793,494.47603770664597,48854500
2024-02-28,494.0466003417969,494.63210165101094,492.7779446820202,493.1390137498183,56506600
2024-02-29,495.82269287109375,497.4426493891131,493.15857245054144,495.8129543697353,83924800
2024-03-01,500.4776611328125,500.9070486793677,496.29117722592895,496.7010579863145,76844800
2024-03-04,499.9408874511719,501.7950742838469,499.6481367835651,499.6774416316755,49799300
2024-03-05,494.94439697265625,498.3794968768046,492.72917089960293,497.9305728239268,72855600
2024-03-06,497.4524230957031,499.7164608888025,496.1545220794044,498.23311140577533,68382400
2024-03-07,502.390380859375,503.4443429029918,497.5110041646538,500.7606857208952,58652100
2024-03-08,499.3749084472656,505.7180680999103,498.7991455954804,503.0247023113752,86532500
2024-03-11,498.9455261230469,499.53105726392937,496.2325939589306,498.1648377894375,62557200
2024-03-12,504.3128662109375,504.89836756595776,498.5356415487977,501.0631847838215,73114400
2024-03-13,503.5223693847656,504.8105319780075,502.078092945087,504.6348815647523,55104100
2024-03-14,502.5270080566406,504.6544091071824,499.4725135393552,504.4982357008347,110171800
2024-03-15,499.0762939453125,500.90687568424926,497.4023708325974,499.4482834978892,107646300
2024-03-18,502.04241943359375,504.60715196314635,501.63129506757195,503.15838817484575,88893300
2024-03-19,504.8323669433594,505.11622858588777,500.3391555977347,501.3474589189953,60755300
2024-03-20,509.5017395019531,509.638800886851,504.21567502677055,504.89112356917263,69594600
2024-03-21,511.1854248046875,513.0551115347323,510.9015034375711,512.3503269289863,60256100
2024-03-22,510.21630859375,511.5867430006875,509.9813206475284,511.0972893379752,79070800
2024-03-25,508.80670166015625,509.96180518438194,508.65004302256665,508.8360378123517,48512100
2024-03-26,507.8668518066406,510.5784439220565,507.4655261359362,510.23579054681613,65463700
2024-03-27,512.1349487304688,512.174143263585,508.53257680183424,510.7057822180554,82999800
2024-03-28,512.037109375,513.5446052867917,511.75324773349064,512.1741707527357,96294900
2024-04-01,511.14617919921875,513.3193843453155,509.98127719131594,512.780997311761,62477500
2024-04-02,507.8963928222656,508.0333944637519,505.58612571744646,507.30901247448907,74230300
2024-04-03,508.4541931152344,509.96174853268013,506.75090404419194,506.79983745759114,59155800
2024-04-04,502.248046875,512.8202352661735,501.94458795883435,512.4776415616462,96858100
2024-04-05,507.4949035644531,509.4625167939743,503.1681500346875,503.60867026854095,74546500
2024-04-08,507.77880859375,509.2080348808952,506.9663584849502,508.1997913461109,48401800
2024-04-09,508.3662109375,509.76604138501335,503.5010099681644,509.5213145288516,68049200
2024-04-10,503.2758483886719,505.2727978988181,501.288697511792,502.6493333372583,82652800
2024-04-11,507.0740661621094,508.5228300890004,501.2789507067751,504.8029936767474,70099000
2024-04-12,500.0748291015625,504.93999985889445,498.3421439610696,503.52057224224995,92561100
2024-04-15,493.8098449707031,504.43096625601453,492.95817044710765,504.26456872904316,92101400
2024-04-16,492.90924072265625,495.81659688850766,491.6170757880816,494.2895037381496,73484000
2024-04-17,489.9920349121094,495.5424524232245,488.5922046489923,495.3760250384487,75910300
2024-04-18,488.9838562011719,493.49663524189066,488.04411338016655,491.39199012370875,74548100
2024-04-19,484.71575927734375,489.9039562000147,483.4431618183188,488.90548147354247,102212600
2024-04-22,489.1795959472656,491.78349315664354,484.98007493251976,487.3294466640699,67961000
2024-04-23,494.9844970703125,495.4152186955436,488.99358884976584,491.19613039401867,64633600
2024-04-24,494.74957275390625,496.66822281618226,492.5176651664761,495.87531024392956,55928100
2024-04-25,492.8700866699219,493.6336332615344,486.9966421578613,488.6509980853357,69122400
2024-04-26,497.53948974609375,499.1253149704082,495.03348916650594,495.6697730082035,64306100
2024-04-29,499.30145263671875,499.9769010603671,496.55072552691377,499.33081866062173,46415400
2024-04-30,491.3919677734375,498.8120730284718,491.3919677734375,497.8331655878988,77483600
2024-05-01,489.7962951660156,497.4709251521688,489.3264088866621,490.80456853459987,80242800
2024-05-02,494.3775634765625,495.21943930763115,489.0131405991214,493.51612025365716,62550200
2024-05-03,500.50555419921875,501.73895716286734,497.83312634252997,500.37829146215523,72756700
2024-05-06,505.6741943359375,505.7133291220876,502.47314807215434,502.9136683443448,47264700
2024-05-07,506.2321472167969,507.63197751857143,505.5566987742017,506.6432715629709,52561300
2024-05-08,506.28106689453125,506.81945395787113,504.2743188869408,504.39178298266006,42047200
2024-05-09,509.19818115234375,509.23737568195884,505.81120021511913,506.46705136082744,43643700
2024-05-10,509.8542175292969,511.61623911063947,508.6305831328405,510.80372914201587,52233200
2024-05-13,509.9226379394531,511.6455245585536,508.77733298725667,511.5378590818016,36716400
2024-05-14,512.26220703125,512.7810566084371,509.5800104376199,510.1183975334321,57535900
2024-05-15,518.6055908203125,518.8992510906287,514.1025809336553,514.7388946424787,59504900
2024-05-16,517.5384521484375,520.3087762655342,517.3915921687143,518.7033541112783,50244800
2024-05-17,518.282470703125,518.3510013823711,516.1973934194888,517.6559557052394,59187600
2024-05-20,518.879638671875,520.3479997283454,518.0083967722392,518.399983619737,37764200
2024-05-21,520.1522827148438,520.3089413759618,517.9106060151925,518.1161981024949,33437000
2024-05-22,518.6544799804688,520.1717743707599,516.471476037249,519.457191149343,48390000
2024-05-23,514.8661499023438,521.8261670726438,513.6522545564001,521.7185015997201,57211200
2024-05-24,518.2727661132812,519.0852760314796,515.7667654147743,516.7162769685657,41291100
2024-05-28,518.6349487304688,519.3201958884637,515.991886691213,519.0852676623554,36269600
2024-05-29,515.0030517578125,516.1875509737988,514.2884686242338,514.5919274649901,45190300
2024-05-30,511.5867614746094,514.1221578280299,510.33379112165585,513.4565079924353,46377600
2024-05-31,516.2463989257812,516.373661669616,507.42643355259685,512.5461599640777,90785800
2024-06-03,516.6673583984375,518.1455182597585,511.5770275291986,517.8616565984354,46835700
2024-06-04,517.2448120117188,517.9887910753831,513.8871673409229,515.3555282041269,34632700
2024-06-05,523.3923950195312,523.411992286524,517.577682760377,519.5746920651516,47610400
2024-06-06,523.382568359375,524.1265474920779,521.4443509593684,523.6958258756584,30808500
2024-06-07,522.746337890625,525.5655959158784,521.3073129777647,522.4036844600561,43224500
2024-06-10,524.3614501953125,524.684506328859,521.3366601422468,521.9337792468638,35686100
2024-06-11,525.624267578125,525.6829996240797,520.8275980833798,522.8050098767842,36383400
2024-06-12,529.9413452148438,532.6431394508022,528.903705663851,530.2056693568137,63251300
2024-06-13,531.0083618164062,531.8698051580913,528.2087008298147,531.6936089856242,44760900
2024-06-14,531.3313598632812,531.3606960149307,528.463108751092,529.4714120000464,40089900
2024-06-17,535.5601806640625,536.9600707352853,530.1859889386527,530.6461064563005,55839500
2024-06-18,536.9208984375,537.0481611765176,535.1980118918142,535.618934894809,41376400
2024-06-20,535.46240234375,538.516588963037,533.6807835245372,537.8509390329639,70328200
2024-06-21,534.7444458007812,535.8640147535098,533.2811779308804,534.6364329914431,64338600
2024-06-24,533.006103515625,537.1406199465806,532.8882604765938,534.5676136935514,45528700
2024-06-25,535.0587158203125,535.4220752279302,532.7115650972021,534.2337544994542,37936200
2024-06-26,535.7265625,536.4434511367156,533.291059231854,533.9391960904497,38550600
2024-06-27,536.5711059570312,537.1505509580609,534.8426611396433,535.589040487199,35041500
2024-06-28,534.4595947265625,540.4109684989184,533.2124124479245,537.3468693543182,76144500
2024-07-01,535.5595703125,536.08986404863,532.7901386983468,535.8443476992247,40297800
2024-07-02,539.1636962890625,539.1636962890625,533.8998405072027,533.9489317855893,40434800
2024-07-03,541.56982421875,541.9331836330194,538.8102227549504,538.8494837936086,32789900
2024-07-05,544.6928100585938,545.0954305299725,541.2359204016998,541.874286937383,41488400
2024-07-08,545.3212890625,546.273863702814,544.2508114321598,545.4783931483458,36110500
2024-07-09,545.8516235351562,547.1872181563506,545.5570158893808,546.283734729133,27289700
2024-07-10,551.2529296875,551.5966285839402,546.7845443312167,547.0791519482386,38701200
2024-07-11,546.499755859375,552.2448746370588,545.8614492888662,551.3708220113514,53054200
2024-07-12,549.94677734375,553.5607707150377,547.1577452576701,547.6291174546383,53084400
2024-07-15,551.459228515625,554.7098626844446,549.5932802263559,551.9502612295888,40584300
2024-07-16,554.7294921875,555.0240998431519,552.0189818744624,552.7751914744023,36475300
2024-07-17,546.9515380859375,550.4575189607175,546.6274397017427,548.7781654504558,57119000
2024-07-18,542.748291015625,549.4853058775749,540.5583041390183,548.4934101354552,56270400
2024-07-19,539.14404296875,544.1427819375705,538.0833956151523,542.5125199017892,65509100
2024-07-22,544.7025756835938,545.3114514113106,541.1376736329704,543.0821438640331,43346700
2024-07-23,543.8482055664062,546.7550807862475,543.3571728667828,544.5945249198012,34439600
2024-07-24,531.5232543945312,539.3208563195052,530.6001104911534,539.0164184333124,74515300
2024-07-25,528.7537841796875,537.6415236413737,527.8110397958803,531.6410587361225,61158300
2024-07-26,534.6757202148438,537.3764002236553,531.7786151263786,532.5544851999327,53763800
2024-07-29,534.9899291992188,537.2388372702122,532.9864775250034,536.227341129643,39515800
2024-07-30,532.2794799804688,537.5237359172042,528.8619113563942,536.463088435743,46853600
2024-07-31,540.9315185546875,543.5732772591324,537.7594660363832,539.1343218302673,65663400
2024-08-01,533.2713623046875,544.9186439967344,529.7555512584067,542.659905480717,76428700
2024-08-02,523.3426513671875,527.3592651002363,519.1197223906057,526.1415136511895,82789100
2024-08-05,508.1009826660156,514.1897999090543,501.1184823455798,502.4639370688634,146267400
2024-08-06,512.7855224609375,520.249196250666,508.58225336867037,509.9080178114113,84826300
2024-08-07,509.35809326171875,522.0562536075904,508.75904766021273,518.9921539374498,70698300
2024-08-08,521.1329956054688,521.7614718670237,512.4810023749844,514.5138248770706,63276600
2024-08-09,523.4310913085938,524.9238500782335,519.0805482528909,520.3081301514704,45619600
2024-08-12,523.7060546875,526.1218973002085,521.4276556811567,524.6291985957554,42542100
2024-08-13,532.3187255859375,532.5544716398305,526.6620790433668,526.9075954015528,52333100
2024-08-14,533.998046875,535.1863675555963,530.4331447737245,533.1141640625877,42446900
2024-08-15,543.1509399414062,543.4357173403401,539.036083351339,539.644959128727,60846800
2024-08-16,544.3687133789062,545.066001447727,541.3734256554437,541.5305297582873,44430700
2024-08-19,549.5735473632812,549.5735473632812,543.9266718963368,544.7810639108773,39121800
2024-08-20,548.6799926757812,550.7816271772597,547.3345677707505,549.1219341274782,33732300
2024-08-21,550.5655517578125,552.0288197515467,544.7811716197107,549.7308200651719,41514600
2024-08-22,546.244384765625,553.0795814875313,545.0266332673548,552.4707057383962,56121500
2024-08-23,552.0484619140625,552.9912663344013,547.2952387130678,549.4951156938582,50639400
2024-08-26,550.732421875,553.7964610598141,549.0236377073744,553.0795725146759,35788600
2024-08-27,551.4887084960938,551.9797412538522,548.3068258163023,549.455825686111,32693900
2024-08-28,548.2871704101562,551.5771258819644,545.0856272093944,551.1450146535084,41066000
2024-08-29,548.336181640625,553.5706069059922,547.187181927915,550.2610513664456,38715200
2024-08-30,553.5706176757812,554.0813108649274,547.1479315360851,550.7128337345928,62700100
2024-09-03,542.1785888671875,550.7519991426308,539.6546740336671,550.418070590667,60600100
2024-09-04,541.0689086914062,544.4864768786748,539.6056409316967,540.3323596896321,47224900
2024-09-05,539.7529907226562,543.8678474559043,537.2879967926923,541.0100633006934,44264300
2024-09-06,530.6689453125,541.7073529013186,529.765461757328,540.0771504034739,68493800
2024-09-09,536.6103515625,537.8870845889743,532.9472666463545,534.8819667353457,40445800
2024-09-10,538.9476928710938,539.3012819984793,533.6347450012723,538.5254119078065,36394600
2024-09-11,544.4766235351562,545.3997673091689,530.2759977453458,538.8592388247242,75248600
2024-09-12,549.06298828125,549.367426167289,542.8268368290717,545.0561445387712,51819600
2024-09-13,551.9306030273438,552.9323289489466,549.4165179190511,549.6718645218532,39310500
2024-09-16,552.7457275390625,553.0108444429941,549.8584528057411,551.6654196124157,36656100
2024-09-17,552.9715576171875,556.4186166721934,550.7324197918623,554.9651191583721,49321000
2024-09-18,551.3316040039062,558.4908400284567,550.7718194675883,553.6296037419249,59044900
2024-09-19,560.73974609375,562.6056945402063,557.8917920771589,560.7692368305202,75315500
2024-09-20,559.7703247070312,560.8145045179642,556.7362689807047,559.3664693612584,77503100
2024-09-23,561.169189453125,561.8193743965802,559.6226102686882,560.844157105768,44116900
2024-09-24,562.7748413085938,562.8339435617671,559.1300420312542,561.9670704323123,46805700
2024-09-25,561.5335693359375,563.3559988273566,560.420426925455,562.6171906854096,38428600
2024-09-26,563.7599487304688,566.1340196278296,561.3957983542562,565.8089271560161,48336000
2024-09-27,562.9423828125,565.6513467687856,561.9080631449755,564.8337754824404,42100900
2024-09-30,565.1981811523438,565.8089245059994,559.6029471264981,561.9079952356186,63557400
2024-10-01,560.1348266601562,565.4936512718724,557.5539281278881,564.8435265029814,72668800
2024-10-02,560.371337890625,561.3958572731079,556.8349422897517,559.2385345053339,38097800
2024-10-03,559.3468017578125,561.2972362765911,557.0515539848665,558.8936443913503,40846500
2024-10-04,564.4297485351562,564.8040828361078,559.6225649986515,563.8091448322295,42939100
2024-10-07,559.3270874023438,563.425044167477,558.1745633665616,562.7748592374886,49964700
2024-10-08,564.6170043945312,565.2179475242848,561.0313670329389,561.9080405471897,37398700
2024-10-09,568.5277099609375,569.0892114172115,564.0061772469245,564.6070601630827,37912200
2024-10-10,567.5328979492188,568.9612728349974,565.9173558697948,567.1782843584319,44138100
2024-10-11,570.9313354492188,571.6701437051296,567.3160570940822,567.4539823983677,42268000
2024-10-14,575.6006469726562,576.5364828744649,572.0641913408873,572.5468698259319,36217200
2024-10-15,571.12841796875,576.1720113378304,569.9068710302905,575.8666396343095,54203600
2024-10-16,573.6107177734375,574.1328378005626,570.3205920106161,571.1283629185417,30725400
2024-10-17,573.6599731445312,577.3737353042621,573.4728059770134,577.1668473429936,34393700
2024-10-18,575.8665771484375,576.6546272535265,573.8865614270069,575.3543175241635,37416800
2024-10-21,574.9208984375,576.1226643625554,571.936084169767,575.1375866701346,36439000
2024-10-22,574.6156005859375,575.7779851974158,571.7194693931431,572.3794546970378,34183800
2024-10-23,569.3650512695312,573.0295715850681,565.8483166590198,572.5862745943635,49314600
2024-10-24,570.596435546875,571.4042065299044,567.966294746531,571.3253834738008,34979900
2024-10-25,570.3993530273438,575.7385172942365,569.4537169426869,572.832526139626,47268200
2024-10-28,572.1627197265625,574.0146706850179,571.8573480325817,573.8866057690544,30174700
2024-10-29,573.088623046875,574.2115658329249,569.7984373596124,571.1972307374274,42899700
2024-10-30,571.35498046875,574.615585559352,570.6456931929514,572.6158487794029,41435800
2024-10-31,560.154541015625,567.0402238212235,559.9575134707092,566.9712611742847,60182500
2024-11-01,562.518798828125,566.9615092751701,562.1050829916865,562.7946494686686,45667500
2024-11-04,561.3070678710938,563.9569290343258,559.4157357037399,562.6566193804057,38217000
2024-11-05,568.0943603515625,568.1337418174742,562.0065869653796,562.2232752144567,39478300
2024-11-06,582.2202758789062,583.0970094221752,576.6546231997903,580.4077666623799,68182000
2024-11-07,586.7221069335938,587.7466262080364,584.1510685994552,584.2298916492671,47233200
2024-11-08,589.2636108398438,590.6919854789882,587.2737347167168,587.2737347167168,46444900
2024-11-11,589.8251342773438,591.214067381988,588.0913879024889,590.8594538392326,37586800
2024-11-12,587.9928588867188,590.3471487178498,585.5005836337616,589.7462657959629,43006100
2024-11-13,588.278564453125,590.2881013518266,586.0818603831444,588.4558712273305,47388600
2024-11-14,584.495849609375,588.8893179492193,583.8063432948493,588.4066394793019,38904100
2024-11-15,577.0092163085938,581.3928237454572,575.1474051756758,580.9199456029655,75988800
2024-11-18,579.3734741210938,580.6934445713057,576.6054081851684,577.4722212479682,37001700
2024-11-19,581.4913940429688,582.2203419709091,575.3149973262474,575.9848429931217,49412000
2024-11-20,581.6884155273438,581.9740664321081,575.9060139035164,581.5702110064499,50032600
2024-11-21,584.81103515625,586.2394097822103,578.6838809961135,584.5451050737219,46750300
2024-11-22,586.6236572265625,587.2541214128702,584.2988881794737,584.8012273246769,38226400
2024-11-25,588.613525390625,591.8937909448966,586.3182774428572,590.5738204551704,42441400
2024-11-26,591.68701171875,592.3568574158614,589.1454941294314,589.8645816922582,45621300
2024-11-27,589.8939819335938,591.8837976185055,588.367123818521,591.4996630842586,34000200
2024-11-29,593.55859375,594.3466439350991,590.4359140778026,590.7117045866185,30177400
2024-12-02,594.6224365234375,595.3021425181648,593.4797127608734,593.9722515940274,31746000
2024-12-03,594.8982543945312,595.1445238224464,593.3517352966707,594.3860548690404,26906600
2024-12-04,598.59228515625,598.8385545797807,595.9227630847732,596.5926087018526,42787600
2024-12-05,597.6072387695312,599.4000874816838,597.2526252109184,598.5923165152608,28762200
2024-12-06,598.7400512695312,599.9812587434141,597.9618615614095,598.3755773445807,31241500
2024-12-09,595.65673828125,598.7892779517493,595.0657157488416,598.6218315882949,34742700
2024-12-10,593.8048095703125,596.7600425908593,593.1448243638806,596.3364664061719,37234500
2024-12-11,598.3953247070312,599.3508212217944,596.4645507592219,596.7404013764967,28677700
2024-12-12,595.3119506835938,598.0996769451116,595.3119506835938,597.5283752383234,31543800
2024-12-13,595.19384765625,598.0702578450652,593.8147147595496,597.3511703289549,35904700
2024-12-16,597.7352905273438,598.7105679786196,596.1789110129041,596.9571007701239,43695200
2024-12-17,595.2725219726562,596.1393950716445,593.8934494056226,595.1740382622843,55773500
2024-12-18,577.5313720703125,597.3609304879477,577.1471773446116,594.9671989364094,108248700
2024-12-19,577.3539428710938,584.1510021908508,577.1076734772528,582.5354605374066,85919500
2024-12-20,584.2886352539062,588.8352196171104,574.1674387147792,575.0175026728227,125716700
2024-12-23,587.7874755859375,588.3903808785561,580.839043366224,584.0315939956688,57635800
2024-12-24,594.3207397460938,594.3603140779195,588.5583912679473,589.141569721849,33160100
2024-12-26,594.3604125976562,595.4871350336715,591.138241009476,592.5417425072483,41219100
2024-12-27,588.1038208007812,590.8416891446476,583.9031498920888,590.6044241129971,64969300
2024-12-30,581.3926391601562,584.8718026484725,577.6268633515982,581.0665128281782,56578800
2024-12-31,579.2774658203125,583.7845361057068,577.6366994322016,583.0629680945224,57052700
2025-01-02,577.8541259765625,584.2687872048679,573.7621642800276,582.5489929538754,50204000
2025-01-03,585.0792846679688,585.7217039617416,579.623335665357,580.7106042287589,37888500
2025-01-06,588.44970703125,592.7393596690575,586.7101255067332,589.3491785436146,47679400
2025-01-07,581.7977905273438,590.8119300798394,579.9692875636829,590.485743490446,60393100
2025-01-08,582.6477661132812,583.7251410015127,578.4075819613619,581.8669573794003,47304700
2025-01-10,573.7523193359375,579.148967552338,571.8348342474784,579.0797727939155,73105000
2025-01-13,574.6419067382812,574.9977137931114,568.6719735158341,569.0871420731995,47910100
2025-01-14,575.4326171875,578.2099995586356,571.6371609030458,577.5774134567713,48420600
2025-01-15,585.8997192382812,587.0462287462195,582.3612548768964,583.4781439602939,56900200
2025-01-16,584.7728881835938,587.4513947839769,584.0711073889483,587.2734912712623,43319700
2025-01-17,590.6439819335938,592.4032903303786,588.6968161028142,590.0311830207747,58070600
2025-01-21,596.0504150390625,596.0603086218102,591.721248666258,593.6980347606263,42532900
2025-01-22,599.401123046875,600.7651103716523,598.3336415912388,598.887139322545,48196000
2025-01-23,602.6727905273438,602.6727905273438,598.4919063404184,598.7686250834264,41152100
2025-01-24,600.9133911132812,603.6908339479075,599.756987948708,602.7320611640084,34604700
2025-01-27,592.4132080078125,592.7295010606359,587.7381276298589,587.9061375768574,70361100
2025-01-28,597.5034790039062,598.3435890966371,590.3178411060637,593.6487213775014,44433300
2025-01-29,594.8248901367188,597.1179695261326,592.2649252873389,596.7126945442042,37177400
2025-01-30,598.0173950195312,599.5592859855939,593.747529191958,596.9499738076877,39281300
2025-01-31,594.8347778320312,602.880312619884,594.0736957955036,600.4488437325783,66566900
2025-02-03,590.831787109375,593.3224968021361,583.6362560871698,585.7909458950113,65857200
2025-02-04,594.7952880859375,595.3092115270962,590.3475186916722,590.8911228856247,33457800
2025-02-05,597.2068481445312,597.35513123978,591.6323569254649,593.668444292325,30653100
2025-02-06,599.2825317382812,599.4110276717307,595.6353586638426,598.9563451128535,35771500
2025-02-07,593.796875,601.0714329168774,593.0852006783922,599.8458352634243,50788500
2025-02-10,597.82958984375,598.4720695404235,595.7440947156747,597.0191605249602,26048700
2025-02-11,598.2843017578125,598.8279059672569,595.4377244382205,595.5563267993089,30056700
2025-02-12,596.3568725585938,597.5330628123784,591.5631899435128,592.2451836255683,45076100
2025-02-13,602.6530151367188,602.8605994430849,596.1988383900767,597.4639504182094,40921300
2025-02-14,602.623291015625,603.8982964094444,602.0005985304107,602.8604957096632,26910400
2025-02-18,604.3925170898438,604.3925170898438,601.3186288745633,603.7896117473091,26749000
2025-02-19,605.8158569335938,606.1123628380831,602.4849765652367,602.9989603508419,31011100
2025-02-20,603.29541015625,604.5803091740476,599.9744236813096,604.4419196559093,36554000
2025-02-21,592.9765625,603.216300601011,592.5119863702242,603.0779110877393,76519800
2025-02-24,590.2783203125,596.0307759330515,589.5666458438759,595.0324891561768,50737200
2025-02-25,587.3427124023438,590.9503713867966,582.7170398838512,590.2189701372146,58266500
2025-02-26,587.6392822265625,592.620822655363,584.9903956410146,589.0131632782663,43321600
2025-02-27,578.2593383789062,591.0788275306367,577.864017357305,589.9223642338113,74196700
2025-02-28,587.283447265625,587.8171578604871,575.6797210871997,578.7635029554216,88744100
2025-03-03,576.9942626953125,590.4067643806418,573.1691862018861,589.2601945949107,74249200
2025-03-04,570.1644897460938,578.5955127414016,565.608011549554,572.9814465763258,109648200
2025-03-05,576.2925415039062,578.0914243818631,566.4283965915856,569.996481594424,71230500
2025-03-06,566.0626220703125,573.4359958315716,563.5026574515875,568.800429877349,80094900
2025-03-07,569.2353515625,570.6883208259039,559.0648080255879,564.2736590980126,81158800
2025-03-10,554.073486328125,562.9294509409499,549.1414138289008,561.0021324297065,99326600
2025-03-11,549.467529296875,557.4735503902486,545.6128320238284,552.9071786453155,88102100
2025-03-12,552.3832397460938,556.574016783005,547.2633707942651,555.6449248680879,69588200
2025-03-13,545.019775390625,552.6205217060727,543.2999808309211,552.00772273254,74079400
2025-03-14,556.2775268554688,557.2857071377122,545.0889095501292,549.655280917059,62660300
2025-03-17,560.567138671875,563.0974224498057,555.8228038023716,556.2576991545186,49008700
2025-03-18,554.5083618164062,558.4619345411708,552.571089463648,558.244456671408,66041400
2025-03-19,560.54736328125,564.3230320254004,555.1112014285828,556.2972851708735,66556000
2025-03-20,558.9264526367188,563.9475069089323,556.0699818531248,556.7915499004863,62958200
2025-03-21,559.11083984375,560.0130172119408,553.2122577806573,554.4514658625183,83763000
2025-03-24,569.1236572265625,570.1844265679264,565.2771506364932,565.8719462913679,58766800
2025-03-25,570.4917602539062,571.4335099767462,568.7370222712309,570.3331077369899,38355700
2025-03-26,563.6810302734375,571.3541962868256,562.2930931538029,570.2240241043976,51848300
2025-03-27,562.18408203125,565.971108987233,560.062543386952,562.2831944691987,42164200
2025-03-28,550.8626708984375,561.3811152230641,550.2777985606353,560.6475137101825,71662700
2025-03-31,554.5604858398438,555.869096797962,542.1485586831927,545.0830251203251,95328200
2025-04-01,556.1267700195312,558.0797932554686,548.8997308809147,552.6372015020189,54609600
2025-04-02,559.6461791992188,562.5211054527999,550.019989677278,550.2579079318416,76014500
2025-04-03,532.06640625,543.2390654249921,532.06640625,540.4037717910755,125986000
2025-04-04,500.9176330566406,521.3298644038904,500.69953122991006,519.1488461365848,217965100
2025-04-07,500.025390625,518.653143533525,477.6403203280687,484.9665325599909,256611400
2025-04-08,492.1936340332031,520.4475480659574,484.93682423959376,517.3544895320528,165816600
2025-04-09,543.8834838867188,543.8834838867188,488.7932402716448,489.17988772825765,241867300
2025-04-10,520.0510864257812,528.8940591891369,504.9228230551959,527.5755247234605,162331200
2025-04-11,529.3302001953125,531.7986929533369,515.5799524923516,518.4945722506925,97866300
2025-04-14,534.4654541015625,539.580938661594,529.2508571038156,539.3528832417228,68034000
2025-04-15,532.9684448242188,538.5399188279399,532.175363851926,535.0106570692674,56892900
2025-04-16,521.1217041015625,533.2461579222,515.7980706703437,527.0897499812648,83484800
2025-04-17,521.8651733398438,526.5840872057769,519.3867572764926,523.0845951885916,79868100
2025-04-21,509.443359375,517.1958517151049,504.0701402922449,516.6604751455176,69368100
2025-04-22,522.697998046875,524.7302873126982,514.7075863102422,515.6493966065633,75948100
2025-04-23,530.79736328125,540.7209502963145,529.2706808590098,535.7641184612734,90590700
2025-04-24,541.9701538085938,542.7037553366079,530.8272040401201,532.086198348384,64150400
2025-04-25,545.885986328125,546.2924199116221,538.9959780328687,541.9304442378503,61119600
2025-04-28,546.0941772460938,548.770878725811,540.3145544882295,546.6295538469604,47613800
2025-04-29,549.5341796875,550.6544284573699,543.8139767217216,544.1708540710082,47775100
2025-04-30,549.7523803710938,551.7153272696712,536.8448291409326,542.8425846178815,93101500
2025-05-01,553.6483764648438,559.2000647311057,553.0436574695955,555.5319968692943,63186100
2025-05-02,561.8668212890625,563.4728299899488,557.52463168794,559.8543184862792,60717300
2025-05-05,558.6448974609375,561.7578025218996,556.850526672483,557.7130106117388,38659200
2025-05-06,553.9755249023438,558.486229861133,552.151444635027,553.1130409863903,48264700
2025-05-07,556.3052978515625,558.9522292842823,551.239369394788,555.3139314189718,55588000
2025-05-08,560.1815185546875,565.3861923682981,556.850541835946,560.3599572530266,65130800
2025-05-09,559.4677734375,562.6004648206437,557.9013974918248,561.5892516710271,37603400
2025-05-12,577.9567260742188,577.9666494201874,572.0580835025086,576.4498296839446,78993600
2025-05-13,581.7734985351562,583.9941496422729,577.8080328415324,578.3730584556538,67947200
2025-05-14,582.5170288085938,583.8949821637985,580.4846792150129,582.7351003798474,66283500
2025-05-15,585.3622436523438,585.8677897044162,580.0484736048338,580.5045239452851,71268100
2025-05-16,589.0699462890625,589.3673441171694,584.1924403834937,586.1454032115668,76052100
2025-05-19,589.7142944335938,590.3983396880136,583.0225710566098,583.0225710566098,68168500
2025-05-20,587.7315673828125,588.9212192076606,584.5096264657933,587.9695461543464,60614500
2025-05-21,577.827880859375,587.4639949903343,576.7968814516564,583.3597230362551,95197700
2025-05-22,578.0558471679688,581.5553390131786,576.3902984080268,577.629506378804,70860400
2025-05-23,574.1102294921875,576.7869310981343,570.6305234552773,571.0072475595028,76029000
2025-05-27,586.0463256835938,586.2049176986301,573.4361124467979,581.0101669642168,72588500
2025-05-28,582.65576171875,587.6522871583933,581.9221602554891,586.452712017421,68445500
2025-05-29,584.9557495117188,588.0785779673218,581.0101304856973,587.9397721452495,69973300
2025-05-30,584.3014526367188,586.026420478472,578.2045251191539,583.8454023131852,90601200
2025-06-02,587.5928344726562,587.6721002233023,580.008856873824,582.6855584091887,61630500
2025-06-03,590.9436645507812,591.9251076728165,586.7402198994458,587.226040295674,63606200
2025-06-04,590.7849731445312,592.7875526407612,590.3487695069823,591.8061095833268,57314200
2025-06-05,587.9298095703125,593.8284515327539,585.9470768439928,592.4702844558809,92278700
2025-06-06,593.96728515625,595.6426968087642,591.7069406984755,593.4913881340742,66588700
2025-06-09,594.5026245117188,596.0590770966814,593.322896017802,594.5422573867003,53016400
2025-06-10,597.873291015625,598.2598779419187,593.9177485918233,595.0379370041686,66247000
2025-06-11,596.1681518554688,599.8362200559476,594.0962297274801,598.9737360301211,73658200
2025-06-12,598.5374755859375,598.5374755859375,594.3440149953893,594.8297748594797,64129000
2025-06-13,591.8457641601562,596.6538671866508,590.338867810054,593.3328138188501,89506000
2025-06-16,597.4766845703125,599.2314224312138,595.0379014846701,595.2164006808653,79984100
2025-06-17,592.3711547851562,596.5546916720157,591.6077833451126,595.0280093001275,82209400
2025-06-18,592.281982421875,596.0293161899417,591.3203254879343,593.2733488854554,76605000
2025-06-20,590.8909301757812,596.041382049652,589.4789845501997,594.9675241520906,94051400
2025-06-23,596.7274780273438,597.1152078061239,588.5145735944315,591.6465733053511,87426000
2025-06-24,603.3196411132812,604.3834856367664,599.9688039561656,600.8836010096178,67735300
2025-06-25,603.65771484375,605.1392079707367,602.086708265907,604.4431877891288,62114800
2025-06-26,608.380615234375,608.8181084243395,604.9005750782753,605.517034479532,78548400
2025-06-27,611.4032592773438,612.8748603878714,607.3465704310272,609.3848675360332,86258400
2025-06-30,614.3265380859375,615.6887204777686,611.5325652115941,613.8592475033348,92502500
2025-07-01,614.127685546875,615.3009489521946,612.0098276707645,612.8450033281383,70030100
2025-07-02,616.9116821289062,616.9514321677677,613.0935543503272,613.7199664131181,66510400
2025-07-03,621.7738037109375,622.7084454552534,618.880365032573,618.9002703953504,51065800
2025-07-07,617.140380859375,620.471312902668,614.3464081455963,619.8050900817584,74814500
2025-07-08,616.8023681640625,618.5622329876766,615.9870371559156,617.8065573856337,59024600
2025-07-09,620.5010986328125,621.1573080723725,617.3690382262929,619.2184771119485,66113300
2025-07-10,622.2510986328125,623.2950985850023,619.4571258490619,620.6403419781,57529000
2025-07-11,620.0635986328125,621.2965174183169,617.9855515244625,619.1886122649546,63670200
2025-07-14,621.2467651367188,621.5947448449341,618.2539211725837,619.6061506560952,51898500
2025-07-15,618.592041015625,624.2793915612978,618.5124802515571,623.9413645164026,74317300
2025-07-16,620.66015625,621.1672575214722,614.5253596449445,620.1829130237127,88987500
2025-07-17,624.4583740234375,624.8163671275224,620.6204015046147,620.8391784397268,68885700
2025-07-18,624.0010375976562,625.8802131347736,622.8874296174818,625.7111996075373,65621600
2025-07-21,625.1842651367188,627.9384270926762,624.7567246264017,625.1842651367188,63375000
2025-07-22,625.2737426757812,626.1387764125508,622.6189860590433,625.5123643014988,60046300
2025-07-23,630.59326171875,630.59326171875,626.1387689061065,627.9483971288857,70511000
2025-07-24,630.802001953125,632.5221773472229,630.3744614468128,630.9809681636451,71307100
2025-07-25,633.4667358398438,633.9440397736063,631.2196750953526,631.4682494008442,56865400
2025-07-28,633.3076782226562,634.4013808975731,631.9156378299562,633.8445768779104,54917100
2025-07-29,631.63720703125,635.0277335557481,630.7224706603868,634.7095511904303,60556300
2025-07-30,630.841796875,634.0434045947875,627.9384054781906,632.2934318863223,80418900
2025-07-31,628.4754028320312,636.2010509521909,627.1728759033415,635.8133211591798,103385200
2025-08-01,618.1743774414062,622.7680859762785,615.7582427178595,622.7282752516747,140103600
2025-08-04,627.5704956054688,627.6201983240026,622.0124086950358,622.1018614509808,73218000
2025-08-05,624.3887329101562,629.0022861088522,623.4640438716077,628.1869551885334,68051400
2025-08-06,629.17138671875,629.8275961427472,624.5478806448895,625.462617040701,64357500
2025-08-07,628.6443481445312,633.347354057562,625.5222406525087,632.6115839056886,74205800
2025-08-08,633.5462646484375,634.0136158764692,630.125879949944,630.4440623273716,64051600
2025-08-11,632.29345703125,635.3062066703783,631.0406328520911,633.824713555593,58742300
2025-08-12,639.02490234375,639.1839632015094,633.1585242910344,634.6499701667667,64730800
2025-08-13,641.2123413085938,642.5049155421342,639.0149226306152,641.2321859855442,60092800
2025-08-14,641.27197265625,641.9381347685223,638.6768716045066,639.1242567818475,59327500
2025-08-15,639.7706298828125,642.4055418903916,638.8558933981693,642.3060757523746,68592500
2025-08-18,639.63134765625,640.327367802147,638.5177396976476,639.1938544805789,43804900
2025-08-19,636.1612548828125,640.4367204754008,634.8388226855677,639.4523760102862,69750700
2025-08-20,634.470947265625,636.0120957287904,629.3404006137462,635.7536294439067,88890300
2025-08-21,631.925537109375,634.3317192031022,630.1954697904521,632.6514152909955,54805800
2025-08-22,641.6299438476562,642.8131599802851,633.6159105915494,634.1230118894028,84083200
2025-08-25,638.8060302734375,641.6099553847616,638.6867194761113,640.3670840067143,51274300
2025-08-26,641.4807739257812,641.8288143683822,637.9112808564007,638.5376929659955,51581600
2025-08-27,642.9423828125,643.6781530071313,640.7449642231398,640.8941330732226,48341100
2025-08-28,645.2192993164062,645.7761033013204,641.6597591604225,643.548887361664,61519500
2025-08-29,641.3713989257812,644.1455269630451,639.472317969575,643.777581165663,74522200
2025-09-02,636.61865234375,636.8373685858147,631.2991262066306,633.8644298326893,81983500
2025-09-03,640.06884765625,640.5361988813526,636.8075845104526,639.0049424066366,70820900
2025-09-04,645.4181518554688,645.4480098993379,639.8401594892221,640.7449431803722,65219200
2025-09-05,643.5488891601562,648.4905776412766,639.6612139364762,647.7646994415851,85178900
2025-09-08,645.1298217773438,646.1340715853498,643.5389099622073,644.9209975333657,63133100
2025-09-09,646.6212768554688,647.148222783044,643.5289666240282,645.2689866211995,66133900
2025-09-10,648.4906005859375,650.8172220560821,646.9195940128865,649.8925329397852,78034500
2025-09-11,653.8796997070312,654.5757199134183,649.8627606991871,650.4493620868353,69934400
2025-09-12,653.660888671875,655.3512060315065,653.1538480823614,653.8498075653706,72780100
2025-09-15,657.1409301757812,657.2701936656516,655.5799369896564,655.8782140097094,63772400
2025-09-16,656.2361450195312,658.0060231465056,655.450672087237,657.6977327581834,61169000
2025-09-17,655.4208374023438,657.9463305061431,650.5686620900484,656.2461210913638,101952200
2025-09-18,658.4832763671875,661.0982828700095,656.5046346401509,658.1153912564865,90459200
2025-09-19,661.74462890625,662.5921003065068,658.4244226642126,660.3786700487054,97945600
2025-09-22,664.8753662109375,665.3239917254978,660.2190812650523,660.2490220888672,69452200
2025-09-23,661.256103515625,665.3739407705357,660.0296859026699,664.7557113987294,81708900
2025-09-24,659.1522216796875,662.6518901422049,657.7264420940938,662.5522091075384,68082200
2025-09-25,656.1112670898438,657.4672457066506,652.4819765077987,656.0016057727498,89622100
2025-09-26,659.8701782226562,660.4185456623683,655.9417836675868,657.5669862915963,69179200
2025-09-29,661.7246704101562,663.3199930316334,659.9100251593522,662.4026597035332,73499000
2025-09-30,664.21728515625,664.6859320813617,659.6607420426623,660.976860345401,86288000
2025-10-01,666.4806518554688,667.3979243492374,661.1065170498754,661.2161783670498,72545400
2025-10-02,667.248291015625,668.5943501107935,664.8155382515555,668.4747085274895,56896000
2025-10-03,667.2384033203125,670.6981508367895,666.1914481336265,668.0160736487628,70494400
2025-10-06,669.6312866210938,670.5286593813627,667.4876574687494,669.6412668959266,54623300
2025-10-07,667.1486206054688,671.0072138668005,665.7028804529681,670.5585274945992,72020100
2025-10-08,671.1268920898438,671.2266339865188,667.4477610054765,668.2753327277967,60702200
2025-10-09,669.1826171875,671.9544560264949,667.2384109165724,671.5456907353398,66501900
2025-10-10,651.0960693359375,671.9643973425017,650.9166069608107,670.1497521868876,159422600
2025-10-13,661.0865478515625,663.170417127303,657.8262232173948,658.7036354539871,79560500
2025-10-14,660.2789306640625,663.8683609233883,651.2456255038628,655.2338407773344,88779600
2025-10-15,663.2102661132812,668.2553559603689,656.988660072404,664.855429242796,81702600
2025-10-16,658.6936645507812,666.7398963555108,655.1740352792065,664.8554499895176,110563300
2025-10-17,662.4326171875,663.7985760836355,656.2010306703355,657.5570092911896,96500900
2025-10-20,669.3222045898438,670.2295576279439,665.3041094156895,665.3539499346838,60493400
2025-10-21,669.3121948242188,671.0071983826805,668.0060568363804,669.4617772299453,56249000
2025-10-22,665.83251953125,670.0201576878661,661.3457774038759,670.0201576878661,80564000
2025-10-23,669.7808837890625,670.7280970890292,665.8325287543602,666.1515932793667,65604500
2025-10-24,675.2546997070312,676.4710761570719,673.6594379369009,674.4670490970213,74356500
2025-10-27,683.2211303710938,683.5202343374859,680.1103274099472,680.7185156175003,63339800
2025-10-28,685.0357666015625,686.8802917495992,682.8123561492805,685.0257863269245,61738100
2025-10-29,685.3648071289062,687.6679989086465,680.8581046045199,686.6908448301914,85657100
2025-10-30,677.8270874023438,683.919071384824,677.8270874023438,681.8851035842282,76335800
2025-10-31,680.050537109375,683.0616591685175,677.2388379885472,683.0217380676526,87164100
2025-11-03,681.3267822265625,683.7794956694769,677.9367749059246,683.6498738048132,57315000
2025-11-04,673.2506103515625,677.9567360174515,672.5925816080086,674.1180423048241,78427000
2025-11-05,675.583740234375,678.8540450990596,672.1837526501265,672.9913638051393,74402400
2025-11-06,668.3351440429688,675.384321857154,666.7498016918889,674.4769688014325,85035300
2025-11-07,668.9931640625,669.1028862313885,659.2619700189845,665.9421818455136,100592400
2025-11-10,679.432373046875,680.1701831536659,673.0412846911101,675.2447347362015,75842900
2025-11-11,680.9877319335938,681.5560598909952,676.7302928180768,677.9467300747958,58953400
2025-11-12,681.3666381835938,682.9420002443612,678.9438047256676,682.7724572806613,62312500
2025-11-13,670.0599975585938,678.8540191634994,668.5445172010542,678.4950944095032,103457800
2025-11-14,669.9503784179688,673.669369761962,661.3159189526839,663.4196879466924,96846700
2025-11-17,663.7088012695312,671.7251529532939,660.2191128892804,667.7269573864955,90456100
2025-11-18,658.1353149414062,663.1604443809363,653.9277160969795,660.1493223141129,114467500
2025-11-19,660.6777954101562,665.3739409367662,656.8092216159307,658.8332701356088,94703000
2025-11-20,650.6075439453125,673.5696612658603,649.969414909385,670.9274443593279,165293500
2025-11-21,657.08837890625,662.5920743656175,648.9324254696204,653.1200634979649,123956200
2025-11-24,666.759765625,668.0858642133718,659.6408477705503,660.7375826041805,80437900
2025-11-25,673.03125,674.2177464111714,662.5222643995295,666.6600618545837,81077100
2025-11-26,677.6775512695312,679.6916195137131,674.7262499751725,675.6336030547216,71879600
2025-11-28,681.3765869140625,681.6557303234264,678.4950869285864,678.8540116786253,49212000
2025-12-01,678.2658081054688,680.9777652313311,676.7402865806703,676.8100876493213,61201200
2025-12-02,679.5220947265625,681.8053259843603,677.3285642303521,679.91089945233,62953800
2025-12-03,681.8751220703125,682.8920755410956,677.6874840363832,678.5648962284573,57238500
2025-12-04,682.3736572265625,683.3507504660292,679.3326553413237,683.2809493981625,61970300
2025-12-05,683.6697998046875,686.3618571461667,682.5630847287977,683.4504163312143,79241000
2025-12-08,681.6159057617188,684.6170474876437,679.5619773329797,684.5672069678625,55231500
2025-12-09,681.027587890625,683.3707007727439,680.5789623765876,681.1373100558188,58310100
2025-12-10,685.5443115234375,686.9401503769751,679.3027447895911,680.5490620813229,85671300
2025-12-11,687.1395263671875,687.2193077079016,680.1601500103427,683.1214313379483,86173700
2025-12-12,679.7514038085938,686.8504219479569,677.1690077077839,686.1424918468441,113160300
2025-12-15,678.7244262695312,683.7396361862291,677.2488060921288,683.7196756361553,90811000
2025-12-16,676.8699340820312,679.0734449717613,672.9913800472318,677.2288588584025,122030600
2025-12-17,669.4219360351562,678.4352803496147,669.2225131069573,677.8869129385677,110625200
2025-12-18,674.4769287109375,678.7343677454887,672.9116078583543,675.603604329658,108650100
2025-12-19,680.5900268554688,681.0900268554688,676.469970703125,676.5900268554688,103599500
2025-12-22,684.8300170898438,685.3599853515625,680.5900268554688,683.9400024414062,69556700
2025-12-23,687.9600219726562,688.2000122070312,683.8699951171875,683.9199829101562,64840000
2025-12-24,690.3800048828125,690.8300170898438,687.7999877929688,687.9500122070312,39445600
2025-12-26,690.3099975585938,691.6599731445312,689.27001953125,690.6400146484375,41613300
2025-12-29,687.8499755859375,689.2000122070312,686.0700073242188,687.5399780273438,62559500
2025-12-30,687.010009765625,688.5599975585938,686.5800170898438,687.4500122070312,47160700
2025-12-31,681.9199829101562,687.3599853515625,681.7100219726562,687.1400146484375,74144800
2026-01-02,683.1699829101562,686.8699951171875,679.8200073242188,685.7100219726562,89377200
2026-01-05,687.719970703125,689.4299926757812,686.3800048828125,686.5399780273438,71927200
2026-01-06,691.8099975585938,692.3200073242188,687.780029296875,687.9299926757812,69273800
2026-01-07,689.5800170898438,693.9600219726562,689.3200073242188,692.1900024414062,75588300
2026-01-08,689.510009765625,690.6199951171875,687.489990234375,688.8200073242188,64019200
2026-01-09,694.0700073242188,695.3099975585938,689.1799926757812,690.6300048828125,80125500
2026-01-12,695.1599731445312,696.0900268554688,690.6300048828125,690.6799926757812,63976000
2026-01-13,693.77001953125,696.0900268554688,691.3499755859375,695.489990234375,78309700
2026-01-14,690.3599853515625,691.719970703125,686.0399780273438,691.0,94676700
2026-01-15,692.239990234375,695.4500122070312,691.25,694.5700073242188,77862000
2026-01-16,691.6599731445312,694.25,690.0999755859375,693.6599731445312,79289200
2026-01-20,677.5800170898438,684.77001953125,676.5700073242188,681.489990234375,111623300
2026-01-21,685.4000244140625,688.739990234375,678.1300048828125,679.6500244140625,127844500
2026-01-22,688.97998046875,691.1300048828125,686.9199829101562,689.8499755859375,77112200
2026-01-23,689.22998046875,690.9600219726562,687.1599731445312,688.1500244140625,63059600
2026-01-26,692.72998046875,694.1300048828125,689.9199829101562,690.489990234375,60473800
2026-01-27,695.489990234375,696.530029296875,693.5700073242188,694.1799926757812,55506100
2026-01-28,695.4199829101562,697.8400268554688,693.9400024414062,697.0499877929688,61172200
2026-01-29,694.0399780273438,697.0599975585938,684.8300170898438,696.3900146484375,97486200
2026-01-30,691.969970703125,694.2100219726562,687.1199951171875,691.7899780273438,101835100
2026-02-02,695.4099731445312,696.9299926757812,689.4199829101562,689.5800170898438,79286500
2026-02-03,689.530029296875,696.9600219726562,684.030029296875,696.2100219726562,107904600
2026-02-04,686.1900024414062,691.4500122070312,681.760009765625,690.3499755859375,105204600
2026-02-05,677.6199951171875,683.6900024414062,675.7899780273438,680.9400024414062,113610800
2026-02-06,690.6199951171875,692.3099975585938,680.8499755859375,681.4600219726562,89127600
2026-02-09,693.9500122070312,695.8699951171875,688.3400268554688,689.4199829101562,73885200
2026-02-10,692.1199951171875,696.5399780273438,691.6599731445312,694.9500122070312,65185700
2026-02-11,691.9600219726562,697.1400146484375,689.1799926757812,696.3900146484375,76353900
2026-02-12,681.27001953125,695.3499755859375,680.3699951171875,694.239990234375,118829000
2026-02-13,681.75,686.280029296875,677.52001953125,681.6900024414062,96267500
2026-02-17,682.8499755859375,684.9400024414062,675.780029296875,680.1400146484375,81354700
2026-02-18,686.2899780273438,689.1500244140625,682.8300170898438,684.02001953125,73570300
2026-02-19,684.47998046875,686.1799926757812,681.5499877929688,683.8400268554688,58649400
2026-02-20,689.4299926757812,690.0599975585938,681.72998046875,682.3200073242188,100034000
2026-02-23,682.3900146484375,690.0,680.3699951171875,687.8300170898438,90558100
2026-02-24,687.3499755859375,688.3499755859375,680.0,681.9000244140625,73798700
2026-02-25,693.1500244140625,693.6799926757812,690.0999755859375,690.1799926757812,56369500
2026-02-26,689.2999877929688,693.2999877929688,684.3499755859375,693.280029296875,71671000
2026-02-27,685.989990234375,686.8599853515625,681.6400146484375,683.0900268554688,83308900
2026-03-02,686.3800048828125,688.6199951171875,678.02001953125,678.7000122070312,87477200
2026-03-03,680.3300170898438,682.6099853515625,669.6599731445312,675.0599975585938,105003100
2026-03-04,685.1300048828125,687.0900268554688,679.6199951171875,681.6300048828125,79182200
2026-03-05,681.3099975585938,685.530029296875,675.6099853515625,682.0800170898438,106606500
2026-03-06,672.3800048828125,676.1099853515625,669.760009765625,673.4099731445312,100509800
